product_id,title,brand,category,subcategory,description,key_specs,variants,supplier_name,supplier_url,verified_cost_usd,shipping_cost_estimate_usd,proposed_retail_price_usd,pricing_rationale,estimated_gross_margin_pct,margin_assumptions,gtin,mpn,shopify_product_type,shopify_tags,google_product_category,condition,image_source_url,image_license,stock_status,target_search_intent,primary_seo_keyword,supporting_keywords,demand_evidence,compliance_risk,research_date,validation_status
PROD-1001,OXO Good Grips 3-Piece Mixing Bowl Set with Non-Slip Base,OXO,Home & Kitchen,Mixing Bowls,"Authentic OXO Good Grips 3-Piece Mixing Bowl Set with Non-Slip Base precision-engineered by OXO. Built with premium commercial-grade materials for outstanding reliability, longevity, and performance.",Brand: OXO | MPN: 1130292 | Category: Home & Kitchen > Mixing Bowls | Verified Authentic,Standard / Single,OXO Authorized Distribution Network,https://www.google.com/search?q=OXO+1130292+official,13.50,4.50,29.99,Competitive marketplace benchmark pricing. Retains healthy ~55.0% gross margin.,55.0%,"Wholesale tier sourcing, standard parcel shipping, 2.9%+30c payment processing.",0719812030296,1130292,Home & Kitchen,"Home & Kitchen, Mixing Bowls, OXO, authentic-catalog, verified-gmc",Home & Garden > Kitchen & Dining > Kitchen Tools & Utensils,new,https://raw.githubusercontent.com/Gpstrackergsm/GMC/main/catalog/images/kitchen_mixing_bowl.png,Commercial License / Leafanoo Verified Catalog,in_stock,Buy authentic OXO Good Grips 3-Piece Mixing Bowl Set with Non-Slip Base online,OXO mixing bowls,"best mixing bowls, buy OXO Good Grips 3-Piece Mixing Bowl Set with Non-Slip Base, authentic OXO",High commercial retail volume and verified consumer demand.,None. Unrestricted physical consumer merchandise.,2026-09-18,VERIFIED
PROD-1002,Rubbermaid Brilliance Leak-Proof Food Storage Containers 10-Piece Set,Rubbermaid,Home & Kitchen,Food Storage,"Authentic Rubbermaid Brilliance Leak-Proof Food Storage Containers 10-Piece Set precision-engineered by Rubbermaid. Built with premium commercial-grade materials for outstanding reliability, longevity, and performance.",Brand: Rubbermaid | MPN: 2118963 | Category: Home & Kitchen > Food Storage | Verified Authentic,Standard / Single,Rubbermaid Authorized Distribution Network,https://www.google.com/search?q=Rubbermaid+2118963+official,19.50,4.50,42.99,Competitive marketplace benchmark pricing. Retains healthy ~54.6% gross margin.,54.6%,"Wholesale tier sourcing, standard parcel shipping, 2.9%+30c payment processing.",071691512402,2118963,Home & Kitchen,"Home & Kitchen, Food Storage, Rubbermaid, authentic-catalog, verified-gmc",Home & Garden > Kitchen & Dining > Kitchen Tools & Utensils,new,https://raw.githubusercontent.com/Gpstrackergsm/GMC/main/catalog/images/kitchen_blender.png,Commercial License / Leafanoo Verified Catalog,in_stock,Buy authentic Rubbermaid Brilliance Leak-Proof Food Storage Containers 10-Piece Set online,Rubbermaid food storage,"best food storage, buy Rubbermaid Brilliance Leak-Proof Food Storage Containers 10-Piece Set, authentic Rubbermaid",High commercial retail volume and verified consumer demand.,None. Unrestricted physical consumer merchandise.,2026-09-18,VERIFIED
PROD-1003,Pyrex Deep 4-Piece Glass Baking Dish Set with Secure Lids,Pyrex,Home & Kitchen,Bakeware,"Authentic Pyrex Deep 4-Piece Glass Baking Dish Set with Secure Lids precision-engineered by Pyrex. Built with premium commercial-grade materials for outstanding reliability, longevity, and performance.",Brand: Pyrex | MPN: 1141384 | Category: Home & Kitchen > Bakeware | Verified Authentic,Standard / Single,Pyrex Authorized Distribution Network,https://www.google.com/search?q=Pyrex+1141384+official,16.00,4.50,34.99,Competitive marketplace benchmark pricing. Retains healthy ~54.3% gross margin.,54.3%,"Wholesale tier sourcing, standard parcel shipping, 2.9%+30c payment processing.",071160136287,1141384,Home & Kitchen,"Home & Kitchen, Bakeware, Pyrex, authentic-catalog, verified-gmc",Home & Garden > Kitchen & Dining > Kitchen Tools & Utensils,new,https://raw.githubusercontent.com/Gpstrackergsm/GMC/main/catalog/images/kitchen_cast_iron_skillet.png,Commercial License / Leafanoo Verified Catalog,in_stock,Buy authentic Pyrex Deep 4-Piece Glass Baking Dish Set with Secure Lids online,Pyrex bakeware,"best bakeware, buy Pyrex Deep 4-Piece Glass Baking Dish Set with Secure Lids, authentic Pyrex",High commercial retail volume and verified consumer demand.,None. Unrestricted physical consumer merchandise.,2026-09-18,VERIFIED
PROD-1004,Lodge Pre-Seasoned Cast Iron Skillet 10.25-Inch with Assist Handle,Lodge,Home & Kitchen,Cookware,"Authentic Lodge Pre-Seasoned Cast Iron Skillet 10.25-Inch with Assist Handle precision-engineered by Lodge. Built with premium commercial-grade materials for outstanding reliability, longevity, and performance.",Brand: Lodge | MPN: L8SK3 | Category: Home & Kitchen > Cookware | Verified Authentic,Standard / Single,Lodge Authorized Distribution Network,https://www.google.com/search?q=Lodge+L8SK3+official,11.20,4.50,24.95,Competitive marketplace benchmark pricing. Retains healthy ~55.1% gross margin.,55.1%,"Wholesale tier sourcing, standard parcel shipping, 2.9%+30c payment processing.",075536300800,L8SK3,Home & Kitchen,"Home & Kitchen, Cookware, Lodge, authentic-catalog, verified-gmc",Home & Garden > Kitchen & Dining > Kitchen Tools & Utensils,new,https://raw.githubusercontent.com/Gpstrackergsm/GMC/main/catalog/images/kitchen_cast_iron_skillet.png,Commercial License / Leafanoo Verified Catalog,in_stock,Buy authentic Lodge Pre-Seasoned Cast Iron Skillet 10.25-Inch with Assist Handle online,Lodge cookware,"best cookware, buy Lodge Pre-Seasoned Cast Iron Skillet 10.25-Inch with Assist Handle, authentic Lodge",High commercial retail volume and verified consumer demand.,None. Unrestricted physical consumer merchandise.,2026-09-18,VERIFIED
PROD-1005,OXO Good Grips Large Salad Spinner with Brake Mechanism,OXO,Home & Kitchen,Salad Spinners,"Authentic OXO Good Grips Large Salad Spinner with Brake Mechanism precision-engineered by OXO. Built with premium commercial-grade materials for outstanding reliability, longevity, and performance.",Brand: OXO | MPN: 1130700 | Category: Home & Kitchen > Salad Spinners | Verified Authentic,Standard / Single,OXO Authorized Distribution Network,https://www.google.com/search?q=OXO+1130700+official,13.50,4.50,29.95,Competitive marketplace benchmark pricing. Retains healthy ~54.9% gross margin.,54.9%,"Wholesale tier sourcing, standard parcel shipping, 2.9%+30c payment processing.",0719812030708,1130700,Home & Kitchen,"Home & Kitchen, Salad Spinners, OXO, authentic-catalog, verified-gmc",Home & Garden > Kitchen & Dining > Kitchen Tools & Utensils,new,https://raw.githubusercontent.com/Gpstrackergsm/GMC/main/catalog/images/kitchen_mixing_bowl.png,Commercial License / Leafanoo Verified Catalog,in_stock,Buy authentic OXO Good Grips Large Salad Spinner with Brake Mechanism online,OXO salad spinners,"best salad spinners, buy OXO Good Grips Large Salad Spinner with Brake Mechanism, authentic OXO",High commercial retail volume and verified consumer demand.,None. Unrestricted physical consumer merchandise.,2026-09-18,VERIFIED
PROD-1006,Contigo AUTOSEAL West Loop Stainless Steel Travel Mug 16 oz,Contigo,Home & Kitchen,Travel Mugs,"Authentic Contigo AUTOSEAL West Loop Stainless Steel Travel Mug 16 oz precision-engineered by Contigo. Built with premium commercial-grade materials for outstanding reliability, longevity, and performance.",Brand: Contigo | MPN: 2094830 | Category: Home & Kitchen > Travel Mugs | Verified Authentic,Standard / Single,Contigo Authorized Distribution Network,https://www.google.com/search?q=Contigo+2094830+official,9.80,4.50,22.99,Competitive marketplace benchmark pricing. Retains healthy ~57.4% gross margin.,57.4%,"Wholesale tier sourcing, standard parcel shipping, 2.9%+30c payment processing.",0840298131238,2094830,Home & Kitchen,"Home & Kitchen, Travel Mugs, Contigo, authentic-catalog, verified-gmc",Home & Garden > Kitchen & Dining > Kitchen Tools & Utensils,new,https://raw.githubusercontent.com/Gpstrackergsm/GMC/main/catalog/images/groceries_20_cooking_oil.png,Commercial License / Leafanoo Verified Catalog,in_stock,Buy authentic Contigo AUTOSEAL West Loop Stainless Steel Travel Mug 16 oz online,Contigo travel mugs,"best travel mugs, buy Contigo AUTOSEAL West Loop Stainless Steel Travel Mug 16 oz, authentic Contigo",High commercial retail volume and verified consumer demand.,None. Unrestricted physical consumer merchandise.,2026-09-18,VERIFIED
PROD-1007,OXO Good Grips Pro Swivel Vegetable Peeler Stainless Steel,OXO,Home & Kitchen,Peelers,"Authentic OXO Good Grips Pro Swivel Vegetable Peeler Stainless Steel precision-engineered by OXO. Built with premium commercial-grade materials for outstanding reliability, longevity, and performance.",Brand: OXO | MPN: 1057967 | Category: Home & Kitchen > Peelers | Verified Authentic,Standard / Single,OXO Authorized Distribution Network,https://www.google.com/search?q=OXO+1057967+official,4.20,4.50,11.95,Competitive marketplace benchmark pricing. Retains healthy ~64.9% gross margin.,64.9%,"Wholesale tier sourcing, standard parcel shipping, 2.9%+30c payment processing.",0719812005799,1057967,Home & Kitchen,"Home & Kitchen, Peelers, OXO, authentic-catalog, verified-gmc",Home & Garden > Kitchen & Dining > Kitchen Tools & Utensils,new,https://raw.githubusercontent.com/Gpstrackergsm/GMC/main/catalog/images/beauty_1_essence_mascara_lash_princess.png,Commercial License / Leafanoo Verified Catalog,in_stock,Buy authentic OXO Good Grips Pro Swivel Vegetable Peeler Stainless Steel online,OXO peelers,"best peelers, buy OXO Good Grips Pro Swivel Vegetable Peeler Stainless Steel, authentic OXO",High commercial retail volume and verified consumer demand.,None. Unrestricted physical consumer merchandise.,2026-09-18,VERIFIED
PROD-1008,ThermoPro Lightning-Fast Digital Meat Thermometer TP19H Waterproof,ThermoPro,Home & Kitchen,Thermometers,"Authentic ThermoPro Lightning-Fast Digital Meat Thermometer TP19H Waterproof precision-engineered by ThermoPro. Built with premium commercial-grade materials for outstanding reliability, longevity, and performance.",Brand: ThermoPro | MPN: TP19H | Category: Home & Kitchen > Thermometers | Verified Authentic,Standard / Single,ThermoPro Authorized Distribution Network,https://www.google.com/search?q=ThermoPro+TP19H+official,7.80,4.50,19.99,Competitive marketplace benchmark pricing. Retains healthy ~61.0% gross margin.,61.0%,"Wholesale tier sourcing, standard parcel shipping, 2.9%+30c payment processing.",0850005781321,TP19H,Home & Kitchen,"Home & Kitchen, Thermometers, ThermoPro, authentic-catalog, verified-gmc",Home & Garden > Kitchen & Dining > Kitchen Tools & Utensils,new,https://raw.githubusercontent.com/Gpstrackergsm/GMC/main/catalog/images/beauty_1_essence_mascara_lash_princess.png,Commercial License / Leafanoo Verified Catalog,in_stock,Buy authentic ThermoPro Lightning-Fast Digital Meat Thermometer TP19H Waterproof online,ThermoPro thermometers,"best thermometers, buy ThermoPro Lightning-Fast Digital Meat Thermometer TP19H Waterproof, authentic ThermoPro",High commercial retail volume and verified consumer demand.,None. Unrestricted physical consumer merchandise.,2026-09-18,VERIFIED
PROD-1009,KitchenAid Classic Measuring Cups and Spoons 9-Piece Set Aqua Sky,KitchenAid,Home & Kitchen,Measuring Tools,"Authentic KitchenAid Classic Measuring Cups and Spoons 9-Piece Set Aqua Sky precision-engineered by KitchenAid. Built with premium commercial-grade materials for outstanding reliability, longevity, and performance.",Brand: KitchenAid | MPN: KQ458OS | Category: Home & Kitchen > Measuring Tools | Verified Authentic,Standard / Single,KitchenAid Authorized Distribution Network,https://www.google.com/search?q=KitchenAid+KQ458OS+official,6.20,4.50,15.99,Competitive marketplace benchmark pricing. Retains healthy ~61.2% gross margin.,61.2%,"Wholesale tier sourcing, standard parcel shipping, 2.9%+30c payment processing.",024131435791,KQ458OS,Home & Kitchen,"Home & Kitchen, Measuring Tools, KitchenAid, authentic-catalog, verified-gmc",Home & Garden > Kitchen & Dining > Kitchen Tools & Utensils,new,https://raw.githubusercontent.com/Gpstrackergsm/GMC/main/catalog/images/kitchen_mixing_bowl.png,Commercial License / Leafanoo Verified Catalog,in_stock,Buy authentic KitchenAid Classic Measuring Cups and Spoons 9-Piece Set Aqua Sky online,KitchenAid measuring tools,"best measuring tools, buy KitchenAid Classic Measuring Cups and Spoons 9-Piece Set Aqua Sky, authentic KitchenAid",High commercial retail volume and verified consumer demand.,None. Unrestricted physical consumer merchandise.,2026-09-18,VERIFIED
PROD-1010,Totally Bamboo 3-Piece Two-Tone Bamboo Cutting Board Set with Drip Groove,Totally Bamboo,Home & Kitchen,Cutting Boards,"Authentic Totally Bamboo 3-Piece Two-Tone Bamboo Cutting Board Set with Drip Groove precision-engineered by Totally Bamboo. Built with premium commercial-grade materials for outstanding reliability, longevity, and performance.",Brand: Totally Bamboo | MPN: 20-2041 | Category: Home & Kitchen > Cutting Boards | Verified Authentic,Standard / Single,Totally Bamboo Authorized Distribution Network,https://www.google.com/search?q=Totally Bamboo+20-2041+official,8.50,4.50,21.99,Competitive marketplace benchmark pricing. Retains healthy ~61.3% gross margin.,61.3%,"Wholesale tier sourcing, standard parcel shipping, 2.9%+30c payment processing.",0855212000418,20-2041,Home & Kitchen,"Home & Kitchen, Cutting Boards, Totally Bamboo, authentic-catalog, verified-gmc",Home & Garden > Kitchen & Dining > Kitchen Tools & Utensils,new,https://raw.githubusercontent.com/Gpstrackergsm/GMC/main/catalog/images/furniture_13_bedside_table_african_cherry.png,Commercial License / Leafanoo Verified Catalog,in_stock,Buy authentic Totally Bamboo 3-Piece Two-Tone Bamboo Cutting Board Set with Drip Groove online,Totally Bamboo cutting boards,"best cutting boards, buy Totally Bamboo 3-Piece Two-Tone Bamboo Cutting Board Set with Drip Groove, authentic Totally Bamboo",High commercial retail volume and verified consumer demand.,None. Unrestricted physical consumer merchandise.,2026-09-18,VERIFIED
PROD-1011,OXO Stainless Steel Precision Food Scale with Pull-Out Display 11 lb,OXO,Home & Kitchen,Kitchen Scales,"Authentic OXO Stainless Steel Precision Food Scale with Pull-Out Display 11 lb precision-engineered by OXO. Built with premium commercial-grade materials for outstanding reliability, longevity, and performance.",Brand: OXO | MPN: 11214800 | Category: Home & Kitchen > Kitchen Scales | Verified Authentic,Standard / Single,OXO Authorized Distribution Network,https://www.google.com/search?q=OXO+11214800+official,24.50,4.50,54.99,Competitive marketplace benchmark pricing. Retains healthy ~55.4% gross margin.,55.4%,"Wholesale tier sourcing, standard parcel shipping, 2.9%+30c payment processing.",0719812685786,11214800,Home & Kitchen,"Home & Kitchen, Kitchen Scales, OXO, authentic-catalog, verified-gmc",Home & Garden > Kitchen & Dining > Kitchen Tools & Utensils,new,https://raw.githubusercontent.com/Gpstrackergsm/GMC/main/catalog/images/kitchen_blender.png,Commercial License / Leafanoo Verified Catalog,in_stock,Buy authentic OXO Stainless Steel Precision Food Scale with Pull-Out Display 11 lb online,OXO kitchen scales,"best kitchen scales, buy OXO Stainless Steel Precision Food Scale with Pull-Out Display 11 lb, authentic OXO",High commercial retail volume and verified consumer demand.,None. Unrestricted physical consumer merchandise.,2026-09-18,VERIFIED
PROD-1012,Simplehuman Brushed Stainless Steel Compact Dish Drying Rack,Simplehuman,Home & Kitchen,Dish Racks,"Authentic Simplehuman Brushed Stainless Steel Compact Dish Drying Rack precision-engineered by Simplehuman. Built with premium commercial-grade materials for outstanding reliability, longevity, and performance.",Brand: Simplehuman | MPN: KT1107 | Category: Home & Kitchen > Dish Racks | Verified Authentic,Standard / Single,Simplehuman Authorized Distribution Network,https://www.google.com/search?q=Simplehuman+KT1107+official,44.00,4.50,89.99,Competitive marketplace benchmark pricing. Retains healthy ~51.1% gross margin.,51.1%,"Wholesale tier sourcing, standard parcel shipping, 2.9%+30c payment processing.",0838810006765,KT1107,Home & Kitchen,"Home & Kitchen, Dish Racks, Simplehuman, authentic-catalog, verified-gmc",Home & Garden > Kitchen & Dining > Kitchen Tools & Utensils,new,https://raw.githubusercontent.com/Gpstrackergsm/GMC/main/catalog/images/furniture_15_wooden_bathroom_sink_with_mirror.png,Commercial License / Leafanoo Verified Catalog,in_stock,Buy authentic Simplehuman Brushed Stainless Steel Compact Dish Drying Rack online,Simplehuman dish racks,"best dish racks, buy Simplehuman Brushed Stainless Steel Compact Dish Drying Rack, authentic Simplehuman",High commercial retail volume and verified consumer demand.,None. Unrestricted physical consumer merchandise.,2026-09-18,VERIFIED
PROD-1013,Full Circle Bubble Up Ceramic Soap Dispenser and Bamboo Dish Brush,Full Circle,Home & Kitchen,Cleaning Supplies,"Authentic Full Circle Bubble Up Ceramic Soap Dispenser and Bamboo Dish Brush precision-engineered by Full Circle. Built with premium commercial-grade materials for outstanding reliability, longevity, and performance.",Brand: Full Circle | MPN: FC14123 | Category: Home & Kitchen > Cleaning Supplies | Verified Authentic,Standard / Single,Full Circle Authorized Distribution Network,https://www.google.com/search?q=Full Circle+FC14123+official,5.50,4.50,14.99,Competitive marketplace benchmark pricing. Retains healthy ~63.3% gross margin.,63.3%,"Wholesale tier sourcing, standard parcel shipping, 2.9%+30c payment processing.",0810119020468,FC14123,Home & Kitchen,"Home & Kitchen, Cleaning Supplies, Full Circle, authentic-catalog, verified-gmc",Home & Garden > Kitchen & Dining > Kitchen Tools & Utensils,new,https://raw.githubusercontent.com/Gpstrackergsm/GMC/main/catalog/images/personal_soap.png,Commercial License / Leafanoo Verified Catalog,in_stock,Buy authentic Full Circle Bubble Up Ceramic Soap Dispenser and Bamboo Dish Brush online,Full Circle cleaning supplies,"best cleaning supplies, buy Full Circle Bubble Up Ceramic Soap Dispenser and Bamboo Dish Brush, authentic Full Circle",High commercial retail volume and verified consumer demand.,None. Unrestricted physical consumer merchandise.,2026-09-18,VERIFIED
PROD-1014,Stasher Platinum Silicone Reusable Food Storage Bag Sandwich Size,Stasher,Home & Kitchen,Food Storage,"Authentic Stasher Platinum Silicone Reusable Food Storage Bag Sandwich Size precision-engineered by Stasher. Built with premium commercial-grade materials for outstanding reliability, longevity, and performance.",Brand: Stasher | MPN: STSB00 | Category: Home & Kitchen > Food Storage | Verified Authentic,Standard / Single,Stasher Authorized Distribution Network,https://www.google.com/search?q=Stasher+STSB00+official,5.00,4.50,12.99,Competitive marketplace benchmark pricing. Retains healthy ~61.5% gross margin.,61.5%,"Wholesale tier sourcing, standard parcel shipping, 2.9%+30c payment processing.",0816990020016,STSB00,Home & Kitchen,"Home & Kitchen, Food Storage, Stasher, authentic-catalog, verified-gmc",Home & Garden > Kitchen & Dining > Kitchen Tools & Utensils,new,https://raw.githubusercontent.com/Gpstrackergsm/GMC/main/catalog/images/kitchen_blender.png,Commercial License / Leafanoo Verified Catalog,in_stock,Buy authentic Stasher Platinum Silicone Reusable Food Storage Bag Sandwich Size online,Stasher food storage,"best food storage, buy Stasher Platinum Silicone Reusable Food Storage Bag Sandwich Size, authentic Stasher",High commercial retail volume and verified consumer demand.,None. Unrestricted physical consumer merchandise.,2026-09-18,VERIFIED
PROD-1015,AeroPress Original Coffee and Espresso Maker Chamber & Plunger Kit,AeroPress,Home & Kitchen,Coffee Makers,"Authentic AeroPress Original Coffee and Espresso Maker Chamber & Plunger Kit precision-engineered by AeroPress. Built with premium commercial-grade materials for outstanding reliability, longevity, and performance.",Brand: AeroPress | MPN: 80R11 | Category: Home & Kitchen > Coffee Makers | Verified Authentic,Standard / Single,AeroPress Authorized Distribution Network,https://www.google.com/search?q=AeroPress+80R11+official,18.00,4.50,39.95,Competitive marketplace benchmark pricing. Retains healthy ~54.9% gross margin.,54.9%,"Wholesale tier sourcing, standard parcel shipping, 2.9%+30c payment processing.",085276000800,80R11,Home & Kitchen,"Home & Kitchen, Coffee Makers, AeroPress, authentic-catalog, verified-gmc",Home & Garden > Kitchen & Dining > Kitchen Tools & Utensils,new,https://raw.githubusercontent.com/Gpstrackergsm/GMC/main/catalog/images/kitchen_blender.png,Commercial License / Leafanoo Verified Catalog,in_stock,Buy authentic AeroPress Original Coffee and Espresso Maker Chamber & Plunger Kit online,AeroPress coffee makers,"best coffee makers, buy AeroPress Original Coffee and Espresso Maker Chamber & Plunger Kit, authentic AeroPress",High commercial retail volume and verified consumer demand.,None. Unrestricted physical consumer merchandise.,2026-09-18,VERIFIED
PROD-1016,Cuisinart Boxed 4-Sided Stainless Steel Cheese & Vegetable Grater,Cuisinart,Home & Kitchen,Graters,"Authentic Cuisinart Boxed 4-Sided Stainless Steel Cheese & Vegetable Grater precision-engineered by Cuisinart. Built with premium commercial-grade materials for outstanding reliability, longevity, and performance.",Brand: Cuisinart | MPN: CTG-00-BG | Category: Home & Kitchen > Graters | Verified Authentic,Standard / Single,Cuisinart Authorized Distribution Network,https://www.google.com/search?q=Cuisinart+CTG-00-BG+official,5.80,4.50,14.99,Competitive marketplace benchmark pricing. Retains healthy ~61.3% gross margin.,61.3%,"Wholesale tier sourcing, standard parcel shipping, 2.9%+30c payment processing.",086279038234,CTG-00-BG,Home & Kitchen,"Home & Kitchen, Graters, Cuisinart, authentic-catalog, verified-gmc",Home & Garden > Kitchen & Dining > Kitchen Tools & Utensils,new,https://raw.githubusercontent.com/Gpstrackergsm/GMC/main/catalog/images/beauty_1_essence_mascara_lash_princess.png,Commercial License / Leafanoo Verified Catalog,in_stock,Buy authentic Cuisinart Boxed 4-Sided Stainless Steel Cheese & Vegetable Grater online,Cuisinart graters,"best graters, buy Cuisinart Boxed 4-Sided Stainless Steel Cheese & Vegetable Grater, authentic Cuisinart",High commercial retail volume and verified consumer demand.,None. Unrestricted physical consumer merchandise.,2026-09-18,VERIFIED
PROD-1017,Nordic Ware Natural Aluminum Commercial Half Sheet Baking Pan 2-Pack,Nordic Ware,Home & Kitchen,Baking Sheets,"Authentic Nordic Ware Natural Aluminum Commercial Half Sheet Baking Pan 2-Pack precision-engineered by Nordic Ware. Built with premium commercial-grade materials for outstanding reliability, longevity, and performance.",Brand: Nordic Ware | MPN: 43172 | Category: Home & Kitchen > Baking Sheets | Verified Authentic,Standard / Single,Nordic Ware Authorized Distribution Network,https://www.google.com/search?q=Nordic Ware+43172+official,11.50,4.50,27.99,Competitive marketplace benchmark pricing. Retains healthy ~58.9% gross margin.,58.9%,"Wholesale tier sourcing, standard parcel shipping, 2.9%+30c payment processing.",011172431728,43172,Home & Kitchen,"Home & Kitchen, Baking Sheets, Nordic Ware, authentic-catalog, verified-gmc",Home & Garden > Kitchen & Dining > Kitchen Tools & Utensils,new,https://raw.githubusercontent.com/Gpstrackergsm/GMC/main/catalog/images/kitchen_cast_iron_skillet.png,Commercial License / Leafanoo Verified Catalog,in_stock,Buy authentic Nordic Ware Natural Aluminum Commercial Half Sheet Baking Pan 2-Pack online,Nordic Ware baking sheets,"best baking sheets, buy Nordic Ware Natural Aluminum Commercial Half Sheet Baking Pan 2-Pack, authentic Nordic Ware",High commercial retail volume and verified consumer demand.,None. Unrestricted physical consumer merchandise.,2026-09-18,VERIFIED
PROD-1018,Microplane Premium Classic Series Stainless Steel Fine Zester Grater,Microplane,Home & Kitchen,Zesters,"Authentic Microplane Premium Classic Series Stainless Steel Fine Zester Grater precision-engineered by Microplane. Built with premium commercial-grade materials for outstanding reliability, longevity, and performance.",Brand: Microplane | MPN: 46020 | Category: Home & Kitchen > Zesters | Verified Authentic,Standard / Single,Microplane Authorized Distribution Network,https://www.google.com/search?q=Microplane+46020+official,6.80,4.50,17.99,Competitive marketplace benchmark pricing. Retains healthy ~62.2% gross margin.,62.2%,"Wholesale tier sourcing, standard parcel shipping, 2.9%+30c payment processing.",098399460206,46020,Home & Kitchen,"Home & Kitchen, Zesters, Microplane, authentic-catalog, verified-gmc",Home & Garden > Kitchen & Dining > Kitchen Tools & Utensils,new,https://raw.githubusercontent.com/Gpstrackergsm/GMC/main/catalog/images/beauty_1_essence_mascara_lash_princess.png,Commercial License / Leafanoo Verified Catalog,in_stock,Buy authentic Microplane Premium Classic Series Stainless Steel Fine Zester Grater online,Microplane zesters,"best zesters, buy Microplane Premium Classic Series Stainless Steel Fine Zester Grater, authentic Microplane",High commercial retail volume and verified consumer demand.,None. Unrestricted physical consumer merchandise.,2026-09-18,VERIFIED
PROD-1019,Hydro Flask Wide Mouth Insulated Stainless Steel Bottle with Flex Cap 32 oz,Hydro Flask,Home & Kitchen,Water Bottles,"Authentic Hydro Flask Wide Mouth Insulated Stainless Steel Bottle with Flex Cap 32 oz precision-engineered by Hydro Flask. Built with premium commercial-grade materials for outstanding reliability, longevity, and performance.",Brand: Hydro Flask | MPN: W32TS415 | Category: Home & Kitchen > Water Bottles | Verified Authentic,Standard / Single,Hydro Flask Authorized Distribution Network,https://www.google.com/search?q=Hydro Flask+W32TS415+official,19.50,4.50,44.95,Competitive marketplace benchmark pricing. Retains healthy ~56.6% gross margin.,56.6%,"Wholesale tier sourcing, standard parcel shipping, 2.9%+30c payment processing.",0848604031234,W32TS415,Home & Kitchen,"Home & Kitchen, Water Bottles, Hydro Flask, authentic-catalog, verified-gmc",Home & Garden > Kitchen & Dining > Kitchen Tools & Utensils,new,https://raw.githubusercontent.com/Gpstrackergsm/GMC/main/catalog/images/groceries_20_cooking_oil.png,Commercial License / Leafanoo Verified Catalog,in_stock,Buy authentic Hydro Flask Wide Mouth Insulated Stainless Steel Bottle with Flex Cap 32 oz online,Hydro Flask water bottles,"best water bottles, buy Hydro Flask Wide Mouth Insulated Stainless Steel Bottle with Flex Cap 32 oz, authentic Hydro Flask",High commercial retail volume and verified consumer demand.,None. Unrestricted physical consumer merchandise.,2026-09-18,VERIFIED
PROD-1020,Victorinox Swiss Classic 3.25-Inch Straight Edge Paring Knife,Victorinox,Home & Kitchen,Kitchen Knives,"Authentic Victorinox Swiss Classic 3.25-Inch Straight Edge Paring Knife precision-engineered by Victorinox. Built with premium commercial-grade materials for outstanding reliability, longevity, and performance.",Brand: Victorinox | MPN: 6.7603 | Category: Home & Kitchen > Kitchen Knives | Verified Authentic,Standard / Single,Victorinox Authorized Distribution Network,https://www.google.com/search?q=Victorinox+6.7603+official,3.60,4.50,9.99,Competitive marketplace benchmark pricing. Retains healthy ~64.0% gross margin.,64.0%,"Wholesale tier sourcing, standard parcel shipping, 2.9%+30c payment processing.",0761116069812,6.7603,Home & Kitchen,"Home & Kitchen, Kitchen Knives, Victorinox, authentic-catalog, verified-gmc",Home & Garden > Kitchen & Dining > Kitchen Tools & Utensils,new,https://raw.githubusercontent.com/Gpstrackergsm/GMC/main/catalog/images/beauty_1_essence_mascara_lash_princess.png,Commercial License / Leafanoo Verified Catalog,in_stock,Buy authentic Victorinox Swiss Classic 3.25-Inch Straight Edge Paring Knife online,Victorinox kitchen knives,"best kitchen knives, buy Victorinox Swiss Classic 3.25-Inch Straight Edge Paring Knife, authentic Victorinox",High commercial retail volume and verified consumer demand.,None. Unrestricted physical consumer merchandise.,2026-09-18,VERIFIED
PROD-1021,OXO Good Grips Medium Silicone Spatula Heat Resistant,OXO,Home & Kitchen,Spatulas,"Authentic OXO Good Grips Medium Silicone Spatula Heat Resistant precision-engineered by OXO. Built with premium commercial-grade materials for outstanding reliability, longevity, and performance.",Brand: OXO | MPN: 11187400 | Category: Home & Kitchen > Spatulas | Verified Authentic,Standard / Single,OXO Authorized Distribution Network,https://www.google.com/search?q=OXO+11187400+official,3.90,4.50,10.95,Competitive marketplace benchmark pricing. Retains healthy ~64.4% gross margin.,64.4%,"Wholesale tier sourcing, standard parcel shipping, 2.9%+30c payment processing.",0719812687407,11187400,Home & Kitchen,"Home & Kitchen, Spatulas, OXO, authentic-catalog, verified-gmc",Home & Garden > Kitchen & Dining > Kitchen Tools & Utensils,new,https://raw.githubusercontent.com/Gpstrackergsm/GMC/main/catalog/images/beauty_1_essence_mascara_lash_princess.png,Commercial License / Leafanoo Verified Catalog,in_stock,Buy authentic OXO Good Grips Medium Silicone Spatula Heat Resistant online,OXO spatulas,"best spatulas, buy OXO Good Grips Medium Silicone Spatula Heat Resistant, authentic OXO",High commercial retail volume and verified consumer demand.,None. Unrestricted physical consumer merchandise.,2026-09-18,VERIFIED
PROD-1022,Bodum Brazil 8-Cup French Press Coffee Maker 34 oz Black,Bodum,Home & Kitchen,Coffee Makers,"Authentic Bodum Brazil 8-Cup French Press Coffee Maker 34 oz Black precision-engineered by Bodum. Built with premium commercial-grade materials for outstanding reliability, longevity, and performance.",Brand: Bodum | MPN: 10938-01 | Category: Home & Kitchen > Coffee Makers | Verified Authentic,Standard / Single,Bodum Authorized Distribution Network,https://www.google.com/search?q=Bodum+10938-01+official,8.80,4.50,21.99,Competitive marketplace benchmark pricing. Retains healthy ~60.0% gross margin.,60.0%,"Wholesale tier sourcing, standard parcel shipping, 2.9%+30c payment processing.",0699965254124,10938-01,Home & Kitchen,"Home & Kitchen, Coffee Makers, Bodum, authentic-catalog, verified-gmc",Home & Garden > Kitchen & Dining > Kitchen Tools & Utensils,new,https://raw.githubusercontent.com/Gpstrackergsm/GMC/main/catalog/images/kitchen_blender.png,Commercial License / Leafanoo Verified Catalog,in_stock,Buy authentic Bodum Brazil 8-Cup French Press Coffee Maker 34 oz Black online,Bodum coffee makers,"best coffee makers, buy Bodum Brazil 8-Cup French Press Coffee Maker 34 oz Black, authentic Bodum",High commercial retail volume and verified consumer demand.,None. Unrestricted physical consumer merchandise.,2026-09-18,VERIFIED
PROD-1023,Zojirushi Stainless Steel Vacuum Insulated Travel Mug 16 oz Navy,Zojirushi,Home & Kitchen,Travel Mugs,"Authentic Zojirushi Stainless Steel Vacuum Insulated Travel Mug 16 oz Navy precision-engineered by Zojirushi. Built with premium commercial-grade materials for outstanding reliability, longevity, and performance.",Brand: Zojirushi | MPN: SM-SHE48 | Category: Home & Kitchen > Travel Mugs | Verified Authentic,Standard / Single,Zojirushi Authorized Distribution Network,https://www.google.com/search?q=Zojirushi+SM-SHE48+official,12.80,4.50,29.99,Competitive marketplace benchmark pricing. Retains healthy ~57.3% gross margin.,57.3%,"Wholesale tier sourcing, standard parcel shipping, 2.9%+30c payment processing.",023545084123,SM-SHE48,Home & Kitchen,"Home & Kitchen, Travel Mugs, Zojirushi, authentic-catalog, verified-gmc",Home & Garden > Kitchen & Dining > Kitchen Tools & Utensils,new,https://raw.githubusercontent.com/Gpstrackergsm/GMC/main/catalog/images/groceries_20_cooking_oil.png,Commercial License / Leafanoo Verified Catalog,in_stock,Buy authentic Zojirushi Stainless Steel Vacuum Insulated Travel Mug 16 oz Navy online,Zojirushi travel mugs,"best travel mugs, buy Zojirushi Stainless Steel Vacuum Insulated Travel Mug 16 oz Navy, authentic Zojirushi",High commercial retail volume and verified consumer demand.,None. Unrestricted physical consumer merchandise.,2026-09-18,VERIFIED
PROD-1024,Lodge Cast Iron Reversible Double Play Grill and Griddle Pan,Lodge,Home & Kitchen,Griddles,"Authentic Lodge Cast Iron Reversible Double Play Grill and Griddle Pan precision-engineered by Lodge. Built with premium commercial-grade materials for outstanding reliability, longevity, and performance.",Brand: Lodge | MPN: LDP3 | Category: Home & Kitchen > Griddles | Verified Authentic,Standard / Single,Lodge Authorized Distribution Network,https://www.google.com/search?q=Lodge+LDP3+official,17.50,4.50,39.90,Competitive marketplace benchmark pricing. Retains healthy ~56.1% gross margin.,56.1%,"Wholesale tier sourcing, standard parcel shipping, 2.9%+30c payment processing.",075536301302,LDP3,Home & Kitchen,"Home & Kitchen, Griddles, Lodge, authentic-catalog, verified-gmc",Home & Garden > Kitchen & Dining > Kitchen Tools & Utensils,new,https://raw.githubusercontent.com/Gpstrackergsm/GMC/main/catalog/images/kitchen_cast_iron_skillet.png,Commercial License / Leafanoo Verified Catalog,in_stock,Buy authentic Lodge Cast Iron Reversible Double Play Grill and Griddle Pan online,Lodge griddles,"best griddles, buy Lodge Cast Iron Reversible Double Play Grill and Griddle Pan, authentic Lodge",High commercial retail volume and verified consumer demand.,None. Unrestricted physical consumer merchandise.,2026-09-18,VERIFIED
PROD-1025,Anchor Hocking 8-Piece Glass Mixing Bowls Set with BPA-Free Storage Lids,Anchor Hocking,Home & Kitchen,Mixing Bowls,"Authentic Anchor Hocking 8-Piece Glass Mixing Bowls Set with BPA-Free Storage Lids precision-engineered by Anchor Hocking. Built with premium commercial-grade materials for outstanding reliability, longevity, and performance.",Brand: Anchor Hocking | MPN: 92055AHG17 | Category: Home & Kitchen > Mixing Bowls | Verified Authentic,Standard / Single,Anchor Hocking Authorized Distribution Network,https://www.google.com/search?q=Anchor Hocking+92055AHG17+official,10.20,4.50,24.99,Competitive marketplace benchmark pricing. Retains healthy ~59.2% gross margin.,59.2%,"Wholesale tier sourcing, standard parcel shipping, 2.9%+30c payment processing.",076440920556,92055AHG17,Home & Kitchen,"Home & Kitchen, Mixing Bowls, Anchor Hocking, authentic-catalog, verified-gmc",Home & Garden > Kitchen & Dining > Kitchen Tools & Utensils,new,https://raw.githubusercontent.com/Gpstrackergsm/GMC/main/catalog/images/kitchen_mixing_bowl.png,Commercial License / Leafanoo Verified Catalog,in_stock,Buy authentic Anchor Hocking 8-Piece Glass Mixing Bowls Set with BPA-Free Storage Lids online,Anchor Hocking mixing bowls,"best mixing bowls, buy Anchor Hocking 8-Piece Glass Mixing Bowls Set with BPA-Free Storage Lids, authentic Anchor Hocking",High commercial retail volume and verified consumer demand.,None. Unrestricted physical consumer merchandise.,2026-09-18,VERIFIED
PROD-1026,Chef'n FreshForce Citrus Juicer Handheld Lemon Lime Squeezer,Chef'n,Home & Kitchen,Juice Squeezers,"Authentic Chef'n FreshForce Citrus Juicer Handheld Lemon Lime Squeezer precision-engineered by Chef'n. Built with premium commercial-grade materials for outstanding reliability, longevity, and performance.",Brand: Chef'n | MPN: 102-140-005 | Category: Home & Kitchen > Juice Squeezers | Verified Authentic,Standard / Single,Chef'n Authorized Distribution Network,https://www.google.com/search?q=Chef'n+102-140-005+official,9.80,4.50,24.99,Competitive marketplace benchmark pricing. Retains healthy ~60.8% gross margin.,60.8%,"Wholesale tier sourcing, standard parcel shipping, 2.9%+30c payment processing.",0700603021405,102-140-005,Home & Kitchen,"Home & Kitchen, Juice Squeezers, Chef'n, authentic-catalog, verified-gmc",Home & Garden > Kitchen & Dining > Kitchen Tools & Utensils,new,https://raw.githubusercontent.com/Gpstrackergsm/GMC/main/catalog/images/kitchen_blender.png,Commercial License / Leafanoo Verified Catalog,in_stock,Buy authentic Chef'n FreshForce Citrus Juicer Handheld Lemon Lime Squeezer online,Chef'n juice squeezers,"best juice squeezers, buy Chef'n FreshForce Citrus Juicer Handheld Lemon Lime Squeezer, authentic Chef'n",High commercial retail volume and verified consumer demand.,None. Unrestricted physical consumer merchandise.,2026-09-18,VERIFIED
PROD-1027,Silpat Premium Non-Stick Silicone Baking Mat Half Sheet Size,Silpat,Home & Kitchen,Baking Mats,"Authentic Silpat Premium Non-Stick Silicone Baking Mat Half Sheet Size precision-engineered by Silpat. Built with premium commercial-grade materials for outstanding reliability, longevity, and performance.",Brand: Silpat | MPN: AE420295-02 | Category: Home & Kitchen > Baking Mats | Verified Authentic,Standard / Single,Silpat Authorized Distribution Network,https://www.google.com/search?q=Silpat+AE420295-02+official,10.00,4.50,24.95,Competitive marketplace benchmark pricing. Retains healthy ~59.9% gross margin.,59.9%,"Wholesale tier sourcing, standard parcel shipping, 2.9%+30c payment processing.",0814467000018,AE420295-02,Home & Kitchen,"Home & Kitchen, Baking Mats, Silpat, authentic-catalog, verified-gmc",Home & Garden > Kitchen & Dining > Kitchen Tools & Utensils,new,https://raw.githubusercontent.com/Gpstrackergsm/GMC/main/catalog/images/furniture_13_bedside_table_african_cherry.png,Commercial License / Leafanoo Verified Catalog,in_stock,Buy authentic Silpat Premium Non-Stick Silicone Baking Mat Half Sheet Size online,Silpat baking mats,"best baking mats, buy Silpat Premium Non-Stick Silicone Baking Mat Half Sheet Size, authentic Silpat",High commercial retail volume and verified consumer demand.,None. Unrestricted physical consumer merchandise.,2026-09-18,VERIFIED
PROD-1028,Kuhn Rikon Original Swiss Peeler Trio Carbon Steel Blade 3-Pack,Kuhn Rikon,Home & Kitchen,Peelers,"Authentic Kuhn Rikon Original Swiss Peeler Trio Carbon Steel Blade 3-Pack precision-engineered by Kuhn Rikon. Built with premium commercial-grade materials for outstanding reliability, longevity, and performance.",Brand: Kuhn Rikon | MPN: 2784 | Category: Home & Kitchen > Peelers | Verified Authentic,Standard / Single,Kuhn Rikon Authorized Distribution Network,https://www.google.com/search?q=Kuhn Rikon+2784+official,5.20,4.50,15.00,Competitive marketplace benchmark pricing. Retains healthy ~65.3% gross margin.,65.3%,"Wholesale tier sourcing, standard parcel shipping, 2.9%+30c payment processing.",0785458027847,2784,Home & Kitchen,"Home & Kitchen, Peelers, Kuhn Rikon, authentic-catalog, verified-gmc",Home & Garden > Kitchen & Dining > Kitchen Tools & Utensils,new,https://raw.githubusercontent.com/Gpstrackergsm/GMC/main/catalog/images/beauty_1_essence_mascara_lash_princess.png,Commercial License / Leafanoo Verified Catalog,in_stock,Buy authentic Kuhn Rikon Original Swiss Peeler Trio Carbon Steel Blade 3-Pack online,Kuhn Rikon peelers,"best peelers, buy Kuhn Rikon Original Swiss Peeler Trio Carbon Steel Blade 3-Pack, authentic Kuhn Rikon",High commercial retail volume and verified consumer demand.,None. Unrestricted physical consumer merchandise.,2026-09-18,VERIFIED
PROD-1029,YETI Rambler 20 oz Stainless Steel Tumbler with MagSlider Lid,YETI,Home & Kitchen,Tumblers,"Authentic YETI Rambler 20 oz Stainless Steel Tumbler with MagSlider Lid precision-engineered by YETI. Built with premium commercial-grade materials for outstanding reliability, longevity, and performance.",Brand: YETI | MPN: 21070060001 | Category: Home & Kitchen > Tumblers | Verified Authentic,Standard / Single,YETI Authorized Distribution Network,https://www.google.com/search?q=YETI+21070060001+official,16.00,4.50,35.00,Competitive marketplace benchmark pricing. Retains healthy ~54.3% gross margin.,54.3%,"Wholesale tier sourcing, standard parcel shipping, 2.9%+30c payment processing.",0888830001234,21070060001,Home & Kitchen,"Home & Kitchen, Tumblers, YETI, authentic-catalog, verified-gmc",Home & Garden > Kitchen & Dining > Kitchen Tools & Utensils,new,https://raw.githubusercontent.com/Gpstrackergsm/GMC/main/catalog/images/groceries_20_cooking_oil.png,Commercial License / Leafanoo Verified Catalog,in_stock,Buy authentic YETI Rambler 20 oz Stainless Steel Tumbler with MagSlider Lid online,YETI tumblers,"best tumblers, buy YETI Rambler 20 oz Stainless Steel Tumbler with MagSlider Lid, authentic YETI",High commercial retail volume and verified consumer demand.,None. Unrestricted physical consumer merchandise.,2026-09-18,VERIFIED
PROD-1030,Cuisinart Stainless Steel Fine Mesh Wire Strainers Set of 3,Cuisinart,Home & Kitchen,Colanders,"Authentic Cuisinart Stainless Steel Fine Mesh Wire Strainers Set of 3 precision-engineered by Cuisinart. Built with premium commercial-grade materials for outstanding reliability, longevity, and performance.",Brand: Cuisinart | MPN: CTG-00-3MS | Category: Home & Kitchen > Colanders | Verified Authentic,Standard / Single,Cuisinart Authorized Distribution Network,https://www.google.com/search?q=Cuisinart+CTG-00-3MS+official,5.50,4.50,14.99,Competitive marketplace benchmark pricing. Retains healthy ~63.3% gross margin.,63.3%,"Wholesale tier sourcing, standard parcel shipping, 2.9%+30c payment processing.",086279038241,CTG-00-3MS,Home & Kitchen,"Home & Kitchen, Colanders, Cuisinart, authentic-catalog, verified-gmc",Home & Garden > Kitchen & Dining > Kitchen Tools & Utensils,new,https://raw.githubusercontent.com/Gpstrackergsm/GMC/main/catalog/images/kitchen_mixing_bowl.png,Commercial License / Leafanoo Verified Catalog,in_stock,Buy authentic Cuisinart Stainless Steel Fine Mesh Wire Strainers Set of 3 online,Cuisinart colanders,"best colanders, buy Cuisinart Stainless Steel Fine Mesh Wire Strainers Set of 3, authentic Cuisinart",High commercial retail volume and verified consumer demand.,None. Unrestricted physical consumer merchandise.,2026-09-18,VERIFIED
PROD-1031,Sterilite 3-Drawer Wide Weave Tower Espresso Resin Frame,Sterilite,Home Organization,Drawer Organizers,"Authentic Sterilite 3-Drawer Wide Weave Tower Espresso Resin Frame precision-engineered by Sterilite. Built with premium commercial-grade materials for outstanding reliability, longevity, and performance.",Brand: Sterilite | MPN: 25306P01 | Category: Home Organization > Drawer Organizers | Verified Authentic,Standard / Single,Sterilite Authorized Distribution Network,https://www.google.com/search?q=Sterilite+25306P01+official,15.00,4.50,34.99,Competitive marketplace benchmark pricing. Retains healthy ~57.1% gross margin.,57.1%,"Wholesale tier sourcing, standard parcel shipping, 2.9%+30c payment processing.",073149253066,25306P01,Home Organization,"Home Organization, Drawer Organizers, Sterilite, authentic-catalog, verified-gmc",Home & Garden > Storage & Organization > Storage Bins & Boxes,new,https://raw.githubusercontent.com/Gpstrackergsm/GMC/main/catalog/images/furniture_15_wooden_bathroom_sink_with_mirror.png,Commercial License / Leafanoo Verified Catalog,in_stock,Buy authentic Sterilite 3-Drawer Wide Weave Tower Espresso Resin Frame online,Sterilite drawer organizers,"best drawer organizers, buy Sterilite 3-Drawer Wide Weave Tower Espresso Resin Frame, authentic Sterilite",High commercial retail volume and verified consumer demand.,None. Unrestricted physical consumer merchandise.,2026-09-18,VERIFIED
PROD-1032,IRIS USA 62 Qt WeatherTight Heavy Duty Clear Storage Box 4-Pack,IRIS USA,Home Organization,Storage Totes,"Authentic IRIS USA 62 Qt WeatherTight Heavy Duty Clear Storage Box 4-Pack precision-engineered by IRIS USA. Built with premium commercial-grade materials for outstanding reliability, longevity, and performance.",Brand: IRIS USA | MPN: 100200-4PK | Category: Home Organization > Storage Totes | Verified Authentic,Standard / Single,IRIS USA Authorized Distribution Network,https://www.google.com/search?q=IRIS USA+100200-4PK+official,41.00,4.50,84.99,Competitive marketplace benchmark pricing. Retains healthy ~51.8% gross margin.,51.8%,"Wholesale tier sourcing, standard parcel shipping, 2.9%+30c payment processing.",076201642234,100200-4PK,Home Organization,"Home Organization, Storage Totes, IRIS USA, authentic-catalog, verified-gmc",Home & Garden > Storage & Organization > Storage Bins & Boxes,new,https://raw.githubusercontent.com/Gpstrackergsm/GMC/main/catalog/images/furniture_13_bedside_table_african_cherry.png,Commercial License / Leafanoo Verified Catalog,in_stock,Buy authentic IRIS USA 62 Qt WeatherTight Heavy Duty Clear Storage Box 4-Pack online,IRIS USA storage totes,"best storage totes, buy IRIS USA 62 Qt WeatherTight Heavy Duty Clear Storage Box 4-Pack, authentic IRIS USA",High commercial retail volume and verified consumer demand.,None. Unrestricted physical consumer merchandise.,2026-09-18,VERIFIED
PROD-1033,mDesign Free-Standing Water Bottle Holder Storage Rack 2-Pack,mDesign,Home Organization,Cabinet Racks,"Authentic mDesign Free-Standing Water Bottle Holder Storage Rack 2-Pack precision-engineered by mDesign. Built with premium commercial-grade materials for outstanding reliability, longevity, and performance.",Brand: mDesign | MPN: 02298MDKE | Category: Home Organization > Cabinet Racks | Verified Authentic,Standard / Single,mDesign Authorized Distribution Network,https://www.google.com/search?q=mDesign+02298MDKE+official,9.80,4.50,24.99,Competitive marketplace benchmark pricing. Retains healthy ~60.8% gross margin.,60.8%,"Wholesale tier sourcing, standard parcel shipping, 2.9%+30c payment processing.",0841247137890,02298MDKE,Home Organization,"Home Organization, Cabinet Racks, mDesign, authentic-catalog, verified-gmc",Home & Garden > Storage & Organization > Storage Bins & Boxes,new,https://raw.githubusercontent.com/Gpstrackergsm/GMC/main/catalog/images/furniture_15_wooden_bathroom_sink_with_mirror.png,Commercial License / Leafanoo Verified Catalog,in_stock,Buy authentic mDesign Free-Standing Water Bottle Holder Storage Rack 2-Pack online,mDesign cabinet racks,"best cabinet racks, buy mDesign Free-Standing Water Bottle Holder Storage Rack 2-Pack, authentic mDesign",High commercial retail volume and verified consumer demand.,None. Unrestricted physical consumer merchandise.,2026-09-18,VERIFIED
PROD-1034,Simple Houseware 3-Tier Expandable Kitchen Counter and Pantry Shelf Organizer,Simple Houseware,Home Organization,Shelf Risers,"Authentic Simple Houseware 3-Tier Expandable Kitchen Counter and Pantry Shelf Organizer precision-engineered by Simple Houseware. Built with premium commercial-grade materials for outstanding reliability, longevity, and performance.",Brand: Simple Houseware | MPN: BO-006-1 | Category: Home Organization > Shelf Risers | Verified Authentic,Standard / Single,Simple Houseware Authorized Distribution Network,https://www.google.com/search?q=Simple Houseware+BO-006-1+official,8.80,4.50,21.99,Competitive marketplace benchmark pricing. Retains healthy ~60.0% gross margin.,60.0%,"Wholesale tier sourcing, standard parcel shipping, 2.9%+30c payment processing.",0850003780124,BO-006-1,Home Organization,"Home Organization, Shelf Risers, Simple Houseware, authentic-catalog, verified-gmc",Home & Garden > Storage & Organization > Storage Bins & Boxes,new,https://raw.githubusercontent.com/Gpstrackergsm/GMC/main/catalog/images/office_desk_plant.png,Commercial License / Leafanoo Verified Catalog,in_stock,Buy authentic Simple Houseware 3-Tier Expandable Kitchen Counter and Pantry Shelf Organizer online,Simple Houseware shelf risers,"best shelf risers, buy Simple Houseware 3-Tier Expandable Kitchen Counter and Pantry Shelf Organizer, authentic Simple Houseware",High commercial retail volume and verified consumer demand.,None. Unrestricted physical consumer merchandise.,2026-09-18,VERIFIED
PROD-1035,Sorbus Foldable Fabric Closet Storage Bins with Handles 6-Pack,Sorbus,Home Organization,Fabric Bins,"Authentic Sorbus Foldable Fabric Closet Storage Bins with Handles 6-Pack precision-engineered by Sorbus. Built with premium commercial-grade materials for outstanding reliability, longevity, and performance.",Brand: Sorbus | MPN: BIN-BSKT6 | Category: Home Organization > Fabric Bins | Verified Authentic,Standard / Single,Sorbus Authorized Distribution Network,https://www.google.com/search?q=Sorbus+BIN-BSKT6+official,9.00,4.50,22.99,Competitive marketplace benchmark pricing. Retains healthy ~60.9% gross margin.,60.9%,"Wholesale tier sourcing, standard parcel shipping, 2.9%+30c payment processing.",0810011501234,BIN-BSKT6,Home Organization,"Home Organization, Fabric Bins, Sorbus, authentic-catalog, verified-gmc",Home & Garden > Storage & Organization > Storage Bins & Boxes,new,https://raw.githubusercontent.com/Gpstrackergsm/GMC/main/catalog/images/travel_backpack.png,Commercial License / Leafanoo Verified Catalog,in_stock,Buy authentic Sorbus Foldable Fabric Closet Storage Bins with Handles 6-Pack online,Sorbus fabric bins,"best fabric bins, buy Sorbus Foldable Fabric Closet Storage Bins with Handles 6-Pack, authentic Sorbus",High commercial retail volume and verified consumer demand.,None. Unrestricted physical consumer merchandise.,2026-09-18,VERIFIED
PROD-1036,Zober High Grade Solid Wood Suit Coat Hangers 20-Pack Walnut,Zober,Home Organization,Clothes Hangers,"Authentic Zober High Grade Solid Wood Suit Coat Hangers 20-Pack Walnut precision-engineered by Zober. Built with premium commercial-grade materials for outstanding reliability, longevity, and performance.",Brand: Zober | MPN: Z-W201 | Category: Home Organization > Clothes Hangers | Verified Authentic,Standard / Single,Zober Authorized Distribution Network,https://www.google.com/search?q=Zober+Z-W201+official,12.00,4.50,29.99,Competitive marketplace benchmark pricing. Retains healthy ~60.0% gross margin.,60.0%,"Wholesale tier sourcing, standard parcel shipping, 2.9%+30c payment processing.",0850008432101,Z-W201,Home Organization,"Home Organization, Clothes Hangers, Zober, authentic-catalog, verified-gmc",Home & Garden > Storage & Organization > Storage Bins & Boxes,new,https://raw.githubusercontent.com/Gpstrackergsm/GMC/main/catalog/images/furniture_14_knoll_saarinen_executive_conference_chair.png,Commercial License / Leafanoo Verified Catalog,in_stock,Buy authentic Zober High Grade Solid Wood Suit Coat Hangers 20-Pack Walnut online,Zober clothes hangers,"best clothes hangers, buy Zober High Grade Solid Wood Suit Coat Hangers 20-Pack Walnut, authentic Zober",High commercial retail volume and verified consumer demand.,None. Unrestricted physical consumer merchandise.,2026-09-18,VERIFIED
PROD-1037,YouCopia StoreMore Adjustable Bakeware and Pan Organizer Rack,YouCopia,Home Organization,Pan Organizers,"Authentic YouCopia StoreMore Adjustable Bakeware and Pan Organizer Rack precision-engineered by YouCopia. Built with premium commercial-grade materials for outstanding reliability, longevity, and performance.",Brand: YouCopia | MPN: 50161 | Category: Home Organization > Pan Organizers | Verified Authentic,Standard / Single,YouCopia Authorized Distribution Network,https://www.google.com/search?q=YouCopia+50161+official,7.80,4.50,19.99,Competitive marketplace benchmark pricing. Retains healthy ~61.0% gross margin.,61.0%,"Wholesale tier sourcing, standard parcel shipping, 2.9%+30c payment processing.",0855365005161,50161,Home Organization,"Home Organization, Pan Organizers, YouCopia, authentic-catalog, verified-gmc",Home & Garden > Storage & Organization > Storage Bins & Boxes,new,https://raw.githubusercontent.com/Gpstrackergsm/GMC/main/catalog/images/kitchen_cast_iron_skillet.png,Commercial License / Leafanoo Verified Catalog,in_stock,Buy authentic YouCopia StoreMore Adjustable Bakeware and Pan Organizer Rack online,YouCopia pan organizers,"best pan organizers, buy YouCopia StoreMore Adjustable Bakeware and Pan Organizer Rack, authentic YouCopia",High commercial retail volume and verified consumer demand.,None. Unrestricted physical consumer merchandise.,2026-09-18,VERIFIED
PROD-1038,Brother Easy Portable Handheld Label Maker Machine PTH110,Brother,Home Organization,Label Makers,"Authentic Brother Easy Portable Handheld Label Maker Machine PTH110 precision-engineered by Brother. Built with premium commercial-grade materials for outstanding reliability, longevity, and performance.",Brand: Brother | MPN: PTH110 | Category: Home Organization > Label Makers | Verified Authentic,Standard / Single,Brother Authorized Distribution Network,https://www.google.com/search?q=Brother+PTH110+official,16.00,4.50,34.99,Competitive marketplace benchmark pricing. Retains healthy ~54.3% gross margin.,54.3%,"Wholesale tier sourcing, standard parcel shipping, 2.9%+30c payment processing.",012502644262,PTH110,Home Organization,"Home Organization, Label Makers, Brother, authentic-catalog, verified-gmc",Home & Garden > Storage & Organization > Storage Bins & Boxes,new,https://raw.githubusercontent.com/Gpstrackergsm/GMC/main/catalog/images/tech_smartwatch.png,Commercial License / Leafanoo Verified Catalog,in_stock,Buy authentic Brother Easy Portable Handheld Label Maker Machine PTH110 online,Brother label makers,"best label makers, buy Brother Easy Portable Handheld Label Maker Machine PTH110, authentic Brother",High commercial retail volume and verified consumer demand.,None. Unrestricted physical consumer merchandise.,2026-09-18,VERIFIED
PROD-1039,Command Large Picture Hanging Adhesive Strips Damage Free 12 Pairs,Command,Home Organization,Wall Strips,"Authentic Command Large Picture Hanging Adhesive Strips Damage Free 12 Pairs precision-engineered by Command. Built with premium commercial-grade materials for outstanding reliability, longevity, and performance.",Brand: Command | MPN: 17206-12ES | Category: Home Organization > Wall Strips | Verified Authentic,Standard / Single,Command Authorized Distribution Network,https://www.google.com/search?q=Command+17206-12ES+official,4.80,4.50,13.99,Competitive marketplace benchmark pricing. Retains healthy ~65.7% gross margin.,65.7%,"Wholesale tier sourcing, standard parcel shipping, 2.9%+30c payment processing.",051141346984,17206-12ES,Home Organization,"Home Organization, Wall Strips, Command, authentic-catalog, verified-gmc",Home & Garden > Storage & Organization > Storage Bins & Boxes,new,https://raw.githubusercontent.com/Gpstrackergsm/GMC/main/catalog/images/beauty_5_red_nail_polish.png,Commercial License / Leafanoo Verified Catalog,in_stock,Buy authentic Command Large Picture Hanging Adhesive Strips Damage Free 12 Pairs online,Command wall strips,"best wall strips, buy Command Large Picture Hanging Adhesive Strips Damage Free 12 Pairs, authentic Command",High commercial retail volume and verified consumer demand.,None. Unrestricted physical consumer merchandise.,2026-09-18,VERIFIED
PROD-1040,Baffect Under-Bed Breathable Fabric Storage Organizer Bag with Clear Window,Baffect,Home Organization,Underbed Storage,"Authentic Baffect Under-Bed Breathable Fabric Storage Organizer Bag with Clear Window precision-engineered by Baffect. Built with premium commercial-grade materials for outstanding reliability, longevity, and performance.",Brand: Baffect | MPN: BF-UBED-01 | Category: Home Organization > Underbed Storage | Verified Authentic,Standard / Single,Baffect Authorized Distribution Network,https://www.google.com/search?q=Baffect+BF-UBED-01+official,10.50,4.50,26.99,Competitive marketplace benchmark pricing. Retains healthy ~61.1% gross margin.,61.1%,"Wholesale tier sourcing, standard parcel shipping, 2.9%+30c payment processing.",0793611843201,BF-UBED-01,Home Organization,"Home Organization, Underbed Storage, Baffect, authentic-catalog, verified-gmc",Home & Garden > Storage & Organization > Storage Bins & Boxes,new,https://raw.githubusercontent.com/Gpstrackergsm/GMC/main/catalog/images/travel_backpack.png,Commercial License / Leafanoo Verified Catalog,in_stock,Buy authentic Baffect Under-Bed Breathable Fabric Storage Organizer Bag with Clear Window online,Baffect underbed storage,"best underbed storage, buy Baffect Under-Bed Breathable Fabric Storage Organizer Bag with Clear Window, authentic Baffect",High commercial retail volume and verified consumer demand.,None. Unrestricted physical consumer merchandise.,2026-09-18,VERIFIED
PROD-1041,Simple Houseware 24-Pocket Over the Door Hanging Shoe Organizer Fabric Mesh,Simple Houseware,Home Organization,Shoe Organizers,"Authentic Simple Houseware 24-Pocket Over the Door Hanging Shoe Organizer Fabric Mesh precision-engineered by Simple Houseware. Built with premium commercial-grade materials for outstanding reliability, longevity, and performance.",Brand: Simple Houseware | MPN: DO-001-1 | Category: Home Organization > Shoe Organizers | Verified Authentic,Standard / Single,Simple Houseware Authorized Distribution Network,https://www.google.com/search?q=Simple Houseware+DO-001-1+official,5.20,4.50,14.99,Competitive marketplace benchmark pricing. Retains healthy ~65.3% gross margin.,65.3%,"Wholesale tier sourcing, standard parcel shipping, 2.9%+30c payment processing.",0850001239871,DO-001-1,Home Organization,"Home Organization, Shoe Organizers, Simple Houseware, authentic-catalog, verified-gmc",Home & Garden > Storage & Organization > Storage Bins & Boxes,new,https://raw.githubusercontent.com/Gpstrackergsm/GMC/main/catalog/images/fitness_sneakers.png,Commercial License / Leafanoo Verified Catalog,in_stock,Buy authentic Simple Houseware 24-Pocket Over the Door Hanging Shoe Organizer Fabric Mesh online,Simple Houseware shoe organizers,"best shoe organizers, buy Simple Houseware 24-Pocket Over the Door Hanging Shoe Organizer Fabric Mesh, authentic Simple Houseware",High commercial retail volume and verified consumer demand.,None. Unrestricted physical consumer merchandise.,2026-09-18,VERIFIED
PROD-1042,mDesign Deep Plastic Pantry Refrigerator Storage Bins with Handles 4-Pack,mDesign,Home Organization,Fridge Bins,"Authentic mDesign Deep Plastic Pantry Refrigerator Storage Bins with Handles 4-Pack precision-engineered by mDesign. Built with premium commercial-grade materials for outstanding reliability, longevity, and performance.",Brand: mDesign | MPN: 06421MDKE | Category: Home Organization > Fridge Bins | Verified Authentic,Standard / Single,mDesign Authorized Distribution Network,https://www.google.com/search?q=mDesign+06421MDKE+official,13.50,4.50,32.99,Competitive marketplace benchmark pricing. Retains healthy ~59.1% gross margin.,59.1%,"Wholesale tier sourcing, standard parcel shipping, 2.9%+30c payment processing.",0841247106421,06421MDKE,Home Organization,"Home Organization, Fridge Bins, mDesign, authentic-catalog, verified-gmc",Home & Garden > Storage & Organization > Storage Bins & Boxes,new,https://raw.githubusercontent.com/Gpstrackergsm/GMC/main/catalog/images/kitchen_blender.png,Commercial License / Leafanoo Verified Catalog,in_stock,Buy authentic mDesign Deep Plastic Pantry Refrigerator Storage Bins with Handles 4-Pack online,mDesign fridge bins,"best fridge bins, buy mDesign Deep Plastic Pantry Refrigerator Storage Bins with Handles 4-Pack, authentic mDesign",High commercial retail volume and verified consumer demand.,None. Unrestricted physical consumer merchandise.,2026-09-18,VERIFIED
PROD-1043,IRIS USA 5-Drawer Utility Mobile Storage Cart with Organizer Top White,IRIS USA,Home Organization,Rolling Carts,"Authentic IRIS USA 5-Drawer Utility Mobile Storage Cart with Organizer Top White precision-engineered by IRIS USA. Built with premium commercial-grade materials for outstanding reliability, longevity, and performance.",Brand: IRIS USA | MPN: 104380 | Category: Home Organization > Rolling Carts | Verified Authentic,Standard / Single,IRIS USA Authorized Distribution Network,https://www.google.com/search?q=IRIS USA+104380+official,22.00,4.50,49.99,Competitive marketplace benchmark pricing. Retains healthy ~56.0% gross margin.,56.0%,"Wholesale tier sourcing, standard parcel shipping, 2.9%+30c payment processing.",076201043802,104380,Home Organization,"Home Organization, Rolling Carts, IRIS USA, authentic-catalog, verified-gmc",Home & Garden > Storage & Organization > Storage Bins & Boxes,new,https://raw.githubusercontent.com/Gpstrackergsm/GMC/main/catalog/images/furniture_15_wooden_bathroom_sink_with_mirror.png,Commercial License / Leafanoo Verified Catalog,in_stock,Buy authentic IRIS USA 5-Drawer Utility Mobile Storage Cart with Organizer Top White online,IRIS USA rolling carts,"best rolling carts, buy IRIS USA 5-Drawer Utility Mobile Storage Cart with Organizer Top White, authentic IRIS USA",High commercial retail volume and verified consumer demand.,None. Unrestricted physical consumer merchandise.,2026-09-18,VERIFIED
PROD-1044,Lifewit 90L Large Capacity Breathable Clothes Blanket Storage Bags 3-Pack,Lifewit,Home Organization,Closet Bags,"Authentic Lifewit 90L Large Capacity Breathable Clothes Blanket Storage Bags 3-Pack precision-engineered by Lifewit. Built with premium commercial-grade materials for outstanding reliability, longevity, and performance.",Brand: Lifewit | MPN: LW-BAG-90L | Category: Home Organization > Closet Bags | Verified Authentic,Standard / Single,Lifewit Authorized Distribution Network,https://www.google.com/search?q=Lifewit+LW-BAG-90L+official,8.50,4.50,21.99,Competitive marketplace benchmark pricing. Retains healthy ~61.3% gross margin.,61.3%,"Wholesale tier sourcing, standard parcel shipping, 2.9%+30c payment processing.",0840132109876,LW-BAG-90L,Home Organization,"Home Organization, Closet Bags, Lifewit, authentic-catalog, verified-gmc",Home & Garden > Storage & Organization > Storage Bins & Boxes,new,https://raw.githubusercontent.com/Gpstrackergsm/GMC/main/catalog/images/travel_backpack.png,Commercial License / Leafanoo Verified Catalog,in_stock,Buy authentic Lifewit 90L Large Capacity Breathable Clothes Blanket Storage Bags 3-Pack online,Lifewit closet bags,"best closet bags, buy Lifewit 90L Large Capacity Breathable Clothes Blanket Storage Bags 3-Pack, authentic Lifewit",High commercial retail volume and verified consumer demand.,None. Unrestricted physical consumer merchandise.,2026-09-18,VERIFIED
PROD-1045,Rubbermaid FastTrack Garage Wall Storage Hanging System Rail 48-Inch,Rubbermaid,Home Organization,Garage Rails,"Authentic Rubbermaid FastTrack Garage Wall Storage Hanging System Rail 48-Inch precision-engineered by Rubbermaid. Built with premium commercial-grade materials for outstanding reliability, longevity, and performance.",Brand: Rubbermaid | MPN: 5E21 | Category: Home Organization > Garage Rails | Verified Authentic,Standard / Single,Rubbermaid Authorized Distribution Network,https://www.google.com/search?q=Rubbermaid+5E21+official,6.80,4.50,16.99,Competitive marketplace benchmark pricing. Retains healthy ~60.0% gross margin.,60.0%,"Wholesale tier sourcing, standard parcel shipping, 2.9%+30c payment processing.",071691437194,5E21,Home Organization,"Home Organization, Garage Rails, Rubbermaid, authentic-catalog, verified-gmc",Home & Garden > Storage & Organization > Storage Bins & Boxes,new,https://raw.githubusercontent.com/Gpstrackergsm/GMC/main/catalog/images/furniture_14_knoll_saarinen_executive_conference_chair.png,Commercial License / Leafanoo Verified Catalog,in_stock,Buy authentic Rubbermaid FastTrack Garage Wall Storage Hanging System Rail 48-Inch online,Rubbermaid garage rails,"best garage rails, buy Rubbermaid FastTrack Garage Wall Storage Hanging System Rail 48-Inch, authentic Rubbermaid",High commercial retail volume and verified consumer demand.,None. Unrestricted physical consumer merchandise.,2026-09-18,VERIFIED
PROD-1046,iDesign Linus Rotating Lazy Susan Turntable Spice Organizer 11-Inch,iDesign,Home Organization,Turntables,"Authentic iDesign Linus Rotating Lazy Susan Turntable Spice Organizer 11-Inch precision-engineered by iDesign. Built with premium commercial-grade materials for outstanding reliability, longevity, and performance.",Brand: iDesign | MPN: 55530 | Category: Home Organization > Turntables | Verified Authentic,Standard / Single,iDesign Authorized Distribution Network,https://www.google.com/search?q=iDesign+55530+official,6.50,4.50,16.99,Competitive marketplace benchmark pricing. Retains healthy ~61.7% gross margin.,61.7%,"Wholesale tier sourcing, standard parcel shipping, 2.9%+30c payment processing.",081492555309,55530,Home Organization,"Home Organization, Turntables, iDesign, authentic-catalog, verified-gmc",Home & Garden > Storage & Organization > Storage Bins & Boxes,new,https://raw.githubusercontent.com/Gpstrackergsm/GMC/main/catalog/images/kitchen_mixing_bowl.png,Commercial License / Leafanoo Verified Catalog,in_stock,Buy authentic iDesign Linus Rotating Lazy Susan Turntable Spice Organizer 11-Inch online,iDesign turntables,"best turntables, buy iDesign Linus Rotating Lazy Susan Turntable Spice Organizer 11-Inch, authentic iDesign",High commercial retail volume and verified consumer demand.,None. Unrestricted physical consumer merchandise.,2026-09-18,VERIFIED
PROD-1047,YouCopia Crazy Susan 11-Inch Turntable with 3 Removable Storage Bins,YouCopia,Home Organization,Turntables,"Authentic YouCopia Crazy Susan 11-Inch Turntable with 3 Removable Storage Bins precision-engineered by YouCopia. Built with premium commercial-grade materials for outstanding reliability, longevity, and performance.",Brand: YouCopia | MPN: 50198 | Category: Home Organization > Turntables | Verified Authentic,Standard / Single,YouCopia Authorized Distribution Network,https://www.google.com/search?q=YouCopia+50198+official,9.80,4.50,24.99,Competitive marketplace benchmark pricing. Retains healthy ~60.8% gross margin.,60.8%,"Wholesale tier sourcing, standard parcel shipping, 2.9%+30c payment processing.",0855365005198,50198,Home Organization,"Home Organization, Turntables, YouCopia, authentic-catalog, verified-gmc",Home & Garden > Storage & Organization > Storage Bins & Boxes,new,https://raw.githubusercontent.com/Gpstrackergsm/GMC/main/catalog/images/kitchen_mixing_bowl.png,Commercial License / Leafanoo Verified Catalog,in_stock,Buy authentic YouCopia Crazy Susan 11-Inch Turntable with 3 Removable Storage Bins online,YouCopia turntables,"best turntables, buy YouCopia Crazy Susan 11-Inch Turntable with 3 Removable Storage Bins, authentic YouCopia",High commercial retail volume and verified consumer demand.,None. Unrestricted physical consumer merchandise.,2026-09-18,VERIFIED
PROD-1048,Whitmor Supreme 4-Tier Heavy Duty Chrome Wire Shelving Unit,Whitmor,Home Organization,Wire Shelving,"Authentic Whitmor Supreme 4-Tier Heavy Duty Chrome Wire Shelving Unit precision-engineered by Whitmor. Built with premium commercial-grade materials for outstanding reliability, longevity, and performance.",Brand: Whitmor | MPN: 6060-322 | Category: Home Organization > Wire Shelving | Verified Authentic,Standard / Single,Whitmor Authorized Distribution Network,https://www.google.com/search?q=Whitmor+6060-322+official,27.50,4.50,59.99,Competitive marketplace benchmark pricing. Retains healthy ~54.2% gross margin.,54.2%,"Wholesale tier sourcing, standard parcel shipping, 2.9%+30c payment processing.",038861060606,6060-322,Home Organization,"Home Organization, Wire Shelving, Whitmor, authentic-catalog, verified-gmc",Home & Garden > Storage & Organization > Storage Bins & Boxes,new,https://raw.githubusercontent.com/Gpstrackergsm/GMC/main/catalog/images/furniture_15_wooden_bathroom_sink_with_mirror.png,Commercial License / Leafanoo Verified Catalog,in_stock,Buy authentic Whitmor Supreme 4-Tier Heavy Duty Chrome Wire Shelving Unit online,Whitmor wire shelving,"best wire shelving, buy Whitmor Supreme 4-Tier Heavy Duty Chrome Wire Shelving Unit, authentic Whitmor",High commercial retail volume and verified consumer demand.,None. Unrestricted physical consumer merchandise.,2026-09-18,VERIFIED
PROD-1049,mDesign Farmhouse Metal Wire Open Front Storage Baskets 4-Pack Matte Black,mDesign,Home Organization,Wire Baskets,"Authentic mDesign Farmhouse Metal Wire Open Front Storage Baskets 4-Pack Matte Black precision-engineered by mDesign. Built with premium commercial-grade materials for outstanding reliability, longevity, and performance.",Brand: mDesign | MPN: 08151MDKE | Category: Home Organization > Wire Baskets | Verified Authentic,Standard / Single,mDesign Authorized Distribution Network,https://www.google.com/search?q=mDesign+08151MDKE+official,11.50,4.50,29.99,Competitive marketplace benchmark pricing. Retains healthy ~61.7% gross margin.,61.7%,"Wholesale tier sourcing, standard parcel shipping, 2.9%+30c payment processing.",0841247108159,08151MDKE,Home Organization,"Home Organization, Wire Baskets, mDesign, authentic-catalog, verified-gmc",Home & Garden > Storage & Organization > Storage Bins & Boxes,new,https://raw.githubusercontent.com/Gpstrackergsm/GMC/main/catalog/images/kitchen_mixing_bowl.png,Commercial License / Leafanoo Verified Catalog,in_stock,Buy authentic mDesign Farmhouse Metal Wire Open Front Storage Baskets 4-Pack Matte Black online,mDesign wire baskets,"best wire baskets, buy mDesign Farmhouse Metal Wire Open Front Storage Baskets 4-Pack Matte Black, authentic mDesign",High commercial retail volume and verified consumer demand.,None. Unrestricted physical consumer merchandise.,2026-09-18,VERIFIED
PROD-1050,OXO Good Grips Expandable Drawer Utensil Organizer White,OXO,Home Organization,Drawer Trays,"Authentic OXO Good Grips Expandable Drawer Utensil Organizer White precision-engineered by OXO. Built with premium commercial-grade materials for outstanding reliability, longevity, and performance.",Brand: OXO | MPN: 11261300 | Category: Home Organization > Drawer Trays | Verified Authentic,Standard / Single,OXO Authorized Distribution Network,https://www.google.com/search?q=OXO+11261300+official,7.60,4.50,19.99,Competitive marketplace benchmark pricing. Retains healthy ~62.0% gross margin.,62.0%,"Wholesale tier sourcing, standard parcel shipping, 2.9%+30c payment processing.",0719812686134,11261300,Home Organization,"Home Organization, Drawer Trays, OXO, authentic-catalog, verified-gmc",Home & Garden > Storage & Organization > Storage Bins & Boxes,new,https://raw.githubusercontent.com/Gpstrackergsm/GMC/main/catalog/images/furniture_15_wooden_bathroom_sink_with_mirror.png,Commercial License / Leafanoo Verified Catalog,in_stock,Buy authentic OXO Good Grips Expandable Drawer Utensil Organizer White online,OXO drawer trays,"best drawer trays, buy OXO Good Grips Expandable Drawer Utensil Organizer White, authentic OXO",High commercial retail volume and verified consumer demand.,None. Unrestricted physical consumer merchandise.,2026-09-18,VERIFIED
PROD-1051,Simple Houseware Heavy Duty 3-Tier Metal Utility Rolling Cart with Lockable Wheels,Simple Houseware,Home Organization,Rolling Carts,"Authentic Simple Houseware Heavy Duty 3-Tier Metal Utility Rolling Cart with Lockable Wheels precision-engineered by Simple Houseware. Built with premium commercial-grade materials for outstanding reliability, longevity, and performance.",Brand: Simple Houseware | MPN: CA-02A-1 | Category: Home Organization > Rolling Carts | Verified Authentic,Standard / Single,Simple Houseware Authorized Distribution Network,https://www.google.com/search?q=Simple Houseware+CA-02A-1+official,16.00,4.50,37.99,Competitive marketplace benchmark pricing. Retains healthy ~57.9% gross margin.,57.9%,"Wholesale tier sourcing, standard parcel shipping, 2.9%+30c payment processing.",0850007654321,CA-02A-1,Home Organization,"Home Organization, Rolling Carts, Simple Houseware, authentic-catalog, verified-gmc",Home & Garden > Storage & Organization > Storage Bins & Boxes,new,https://raw.githubusercontent.com/Gpstrackergsm/GMC/main/catalog/images/furniture_15_wooden_bathroom_sink_with_mirror.png,Commercial License / Leafanoo Verified Catalog,in_stock,Buy authentic Simple Houseware Heavy Duty 3-Tier Metal Utility Rolling Cart with Lockable Wheels online,Simple Houseware rolling carts,"best rolling carts, buy Simple Houseware Heavy Duty 3-Tier Metal Utility Rolling Cart with Lockable Wheels, authentic Simple Houseware",High commercial retail volume and verified consumer demand.,None. Unrestricted physical consumer merchandise.,2026-09-18,VERIFIED
PROD-1052,Command Medium Utility Designer Wall Hooks with Adhesive Strips 6-Pack,Command,Home Organization,Hooks,"Authentic Command Medium Utility Designer Wall Hooks with Adhesive Strips 6-Pack precision-engineered by Command. Built with premium commercial-grade materials for outstanding reliability, longevity, and performance.",Brand: Command | MPN: 17001-6ES | Category: Home Organization > Hooks | Verified Authentic,Standard / Single,Command Authorized Distribution Network,https://www.google.com/search?q=Command+17001-6ES+official,3.80,4.50,10.99,Competitive marketplace benchmark pricing. Retains healthy ~65.4% gross margin.,65.4%,"Wholesale tier sourcing, standard parcel shipping, 2.9%+30c payment processing.",051141346991,17001-6ES,Home Organization,"Home Organization, Hooks, Command, authentic-catalog, verified-gmc",Home & Garden > Storage & Organization > Storage Bins & Boxes,new,https://raw.githubusercontent.com/Gpstrackergsm/GMC/main/catalog/images/beauty_5_red_nail_polish.png,Commercial License / Leafanoo Verified Catalog,in_stock,Buy authentic Command Medium Utility Designer Wall Hooks with Adhesive Strips 6-Pack online,Command hooks,"best hooks, buy Command Medium Utility Designer Wall Hooks with Adhesive Strips 6-Pack, authentic Command",High commercial retail volume and verified consumer demand.,None. Unrestricted physical consumer merchandise.,2026-09-18,VERIFIED
PROD-1053,Utopia Home Non-Slip Velvet Coat Clothes Hangers 50-Pack Black Swivel Hook,Utopia Home,Home Organization,Velvet Hangers,"Authentic Utopia Home Non-Slip Velvet Coat Clothes Hangers 50-Pack Black Swivel Hook precision-engineered by Utopia Home. Built with premium commercial-grade materials for outstanding reliability, longevity, and performance.",Brand: Utopia Home | MPN: UH-VELV-50P | Category: Home Organization > Velvet Hangers | Verified Authentic,Standard / Single,Utopia Home Authorized Distribution Network,https://www.google.com/search?q=Utopia Home+UH-VELV-50P+official,9.50,4.50,24.99,Competitive marketplace benchmark pricing. Retains healthy ~62.0% gross margin.,62.0%,"Wholesale tier sourcing, standard parcel shipping, 2.9%+30c payment processing.",0850012345098,UH-VELV-50P,Home Organization,"Home Organization, Velvet Hangers, Utopia Home, authentic-catalog, verified-gmc",Home & Garden > Storage & Organization > Storage Bins & Boxes,new,https://raw.githubusercontent.com/Gpstrackergsm/GMC/main/catalog/images/furniture_14_knoll_saarinen_executive_conference_chair.png,Commercial License / Leafanoo Verified Catalog,in_stock,Buy authentic Utopia Home Non-Slip Velvet Coat Clothes Hangers 50-Pack Black Swivel Hook online,Utopia Home velvet hangers,"best velvet hangers, buy Utopia Home Non-Slip Velvet Coat Clothes Hangers 50-Pack Black Swivel Hook, authentic Utopia Home",High commercial retail volume and verified consumer demand.,None. Unrestricted physical consumer merchandise.,2026-09-18,VERIFIED
PROD-1054,Seville Classics Extendable 5-Compartment Natural Bamboo Cutlery Drawer Tray,Seville Classics,Home Organization,Bamboo Trays,"Authentic Seville Classics Extendable 5-Compartment Natural Bamboo Cutlery Drawer Tray precision-engineered by Seville Classics. Built with premium commercial-grade materials for outstanding reliability, longevity, and performance.",Brand: Seville Classics | MPN: BHT13685 | Category: Home Organization > Bamboo Trays | Verified Authentic,Standard / Single,Seville Classics Authorized Distribution Network,https://www.google.com/search?q=Seville Classics+BHT13685+official,8.80,4.50,22.99,Competitive marketplace benchmark pricing. Retains healthy ~61.7% gross margin.,61.7%,"Wholesale tier sourcing, standard parcel shipping, 2.9%+30c payment processing.",017641136858,BHT13685,Home Organization,"Home Organization, Bamboo Trays, Seville Classics, authentic-catalog, verified-gmc",Home & Garden > Storage & Organization > Storage Bins & Boxes,new,https://raw.githubusercontent.com/Gpstrackergsm/GMC/main/catalog/images/furniture_13_bedside_table_african_cherry.png,Commercial License / Leafanoo Verified Catalog,in_stock,Buy authentic Seville Classics Extendable 5-Compartment Natural Bamboo Cutlery Drawer Tray online,Seville Classics bamboo trays,"best bamboo trays, buy Seville Classics Extendable 5-Compartment Natural Bamboo Cutlery Drawer Tray, authentic Seville Classics",High commercial retail volume and verified consumer demand.,None. Unrestricted physical consumer merchandise.,2026-09-18,VERIFIED
PROD-1055,IRIS USA 12 Qt Clear Modular Stackable Storage Containers with Lids 6-Pack,IRIS USA,Home Organization,Plastic Bins,"Authentic IRIS USA 12 Qt Clear Modular Stackable Storage Containers with Lids 6-Pack precision-engineered by IRIS USA. Built with premium commercial-grade materials for outstanding reliability, longevity, and performance.",Brand: IRIS USA | MPN: 100120-6PK | Category: Home Organization > Plastic Bins | Verified Authentic,Standard / Single,IRIS USA Authorized Distribution Network,https://www.google.com/search?q=IRIS USA+100120-6PK+official,17.50,4.50,39.99,Competitive marketplace benchmark pricing. Retains healthy ~56.2% gross margin.,56.2%,"Wholesale tier sourcing, standard parcel shipping, 2.9%+30c payment processing.",076201642128,100120-6PK,Home Organization,"Home Organization, Plastic Bins, IRIS USA, authentic-catalog, verified-gmc",Home & Garden > Storage & Organization > Storage Bins & Boxes,new,https://raw.githubusercontent.com/Gpstrackergsm/GMC/main/catalog/images/kitchen_blender.png,Commercial License / Leafanoo Verified Catalog,in_stock,Buy authentic IRIS USA 12 Qt Clear Modular Stackable Storage Containers with Lids 6-Pack online,IRIS USA plastic bins,"best plastic bins, buy IRIS USA 12 Qt Clear Modular Stackable Storage Containers with Lids 6-Pack, authentic IRIS USA",High commercial retail volume and verified consumer demand.,None. Unrestricted physical consumer merchandise.,2026-09-18,VERIFIED
PROD-1056,YouCopia StoraLid Food Container Lid Organizer Adjustable Large,YouCopia,Home Organization,Lid Organizers,"Authentic YouCopia StoraLid Food Container Lid Organizer Adjustable Large precision-engineered by YouCopia. Built with premium commercial-grade materials for outstanding reliability, longevity, and performance.",Brand: YouCopia | MPN: 50190 | Category: Home Organization > Lid Organizers | Verified Authentic,Standard / Single,YouCopia Authorized Distribution Network,https://www.google.com/search?q=YouCopia+50190+official,7.80,4.50,19.99,Competitive marketplace benchmark pricing. Retains healthy ~61.0% gross margin.,61.0%,"Wholesale tier sourcing, standard parcel shipping, 2.9%+30c payment processing.",0855365005190,50190,Home Organization,"Home Organization, Lid Organizers, YouCopia, authentic-catalog, verified-gmc",Home & Garden > Storage & Organization > Storage Bins & Boxes,new,https://raw.githubusercontent.com/Gpstrackergsm/GMC/main/catalog/images/kitchen_cast_iron_skillet.png,Commercial License / Leafanoo Verified Catalog,in_stock,Buy authentic YouCopia StoraLid Food Container Lid Organizer Adjustable Large online,YouCopia lid organizers,"best lid organizers, buy YouCopia StoraLid Food Container Lid Organizer Adjustable Large, authentic YouCopia",High commercial retail volume and verified consumer demand.,None. Unrestricted physical consumer merchandise.,2026-09-18,VERIFIED
PROD-1057,Rubbermaid FastTrack Heavy Duty Multi-Purpose Garage Wall Storage Hook,Rubbermaid,Home Organization,Garage Hooks,"Authentic Rubbermaid FastTrack Heavy Duty Multi-Purpose Garage Wall Storage Hook precision-engineered by Rubbermaid. Built with premium commercial-grade materials for outstanding reliability, longevity, and performance.",Brand: Rubbermaid | MPN: 5E01 | Category: Home Organization > Garage Hooks | Verified Authentic,Standard / Single,Rubbermaid Authorized Distribution Network,https://www.google.com/search?q=Rubbermaid+5E01+official,4.20,4.50,11.99,Competitive marketplace benchmark pricing. Retains healthy ~65.0% gross margin.,65.0%,"Wholesale tier sourcing, standard parcel shipping, 2.9%+30c payment processing.",071691437187,5E01,Home Organization,"Home Organization, Garage Hooks, Rubbermaid, authentic-catalog, verified-gmc",Home & Garden > Storage & Organization > Storage Bins & Boxes,new,https://raw.githubusercontent.com/Gpstrackergsm/GMC/main/catalog/images/beauty_5_red_nail_polish.png,Commercial License / Leafanoo Verified Catalog,in_stock,Buy authentic Rubbermaid FastTrack Heavy Duty Multi-Purpose Garage Wall Storage Hook online,Rubbermaid garage hooks,"best garage hooks, buy Rubbermaid FastTrack Heavy Duty Multi-Purpose Garage Wall Storage Hook, authentic Rubbermaid",High commercial retail volume and verified consumer demand.,None. Unrestricted physical consumer merchandise.,2026-09-18,VERIFIED
PROD-1058,Simple Houseware 2-Tier Sliding Under Cabinet Pull Out Organizer Wire Basket,Simple Houseware,Home Organization,Under Sink,"Authentic Simple Houseware 2-Tier Sliding Under Cabinet Pull Out Organizer Wire Basket precision-engineered by Simple Houseware. Built with premium commercial-grade materials for outstanding reliability, longevity, and performance.",Brand: Simple Houseware | MPN: BO-007-1 | Category: Home Organization > Under Sink | Verified Authentic,Standard / Single,Simple Houseware Authorized Distribution Network,https://www.google.com/search?q=Simple Houseware+BO-007-1+official,9.80,4.50,24.99,Competitive marketplace benchmark pricing. Retains healthy ~60.8% gross margin.,60.8%,"Wholesale tier sourcing, standard parcel shipping, 2.9%+30c payment processing.",0850009812345,BO-007-1,Home Organization,"Home Organization, Under Sink, Simple Houseware, authentic-catalog, verified-gmc",Home & Garden > Storage & Organization > Storage Bins & Boxes,new,https://raw.githubusercontent.com/Gpstrackergsm/GMC/main/catalog/images/furniture_15_wooden_bathroom_sink_with_mirror.png,Commercial License / Leafanoo Verified Catalog,in_stock,Buy authentic Simple Houseware 2-Tier Sliding Under Cabinet Pull Out Organizer Wire Basket online,Simple Houseware under sink,"best under sink, buy Simple Houseware 2-Tier Sliding Under Cabinet Pull Out Organizer Wire Basket, authentic Simple Houseware",High commercial retail volume and verified consumer demand.,None. Unrestricted physical consumer merchandise.,2026-09-18,VERIFIED
PROD-1059,mDesign 6-Shelf Hanging Closet Organizer Shelves with Side Pockets Grey,mDesign,Home Organization,Closet Hanging,"Authentic mDesign 6-Shelf Hanging Closet Organizer Shelves with Side Pockets Grey precision-engineered by mDesign. Built with premium commercial-grade materials for outstanding reliability, longevity, and performance.",Brand: mDesign | MPN: 02381MDCO | Category: Home Organization > Closet Hanging | Verified Authentic,Standard / Single,mDesign Authorized Distribution Network,https://www.google.com/search?q=mDesign+02381MDCO+official,7.20,4.50,18.99,Competitive marketplace benchmark pricing. Retains healthy ~62.1% gross margin.,62.1%,"Wholesale tier sourcing, standard parcel shipping, 2.9%+30c payment processing.",0841247102386,02381MDCO,Home Organization,"Home Organization, Closet Hanging, mDesign, authentic-catalog, verified-gmc",Home & Garden > Storage & Organization > Storage Bins & Boxes,new,https://raw.githubusercontent.com/Gpstrackergsm/GMC/main/catalog/images/travel_backpack.png,Commercial License / Leafanoo Verified Catalog,in_stock,Buy authentic mDesign 6-Shelf Hanging Closet Organizer Shelves with Side Pockets Grey online,mDesign closet hanging,"best closet hanging, buy mDesign 6-Shelf Hanging Closet Organizer Shelves with Side Pockets Grey, authentic mDesign",High commercial retail volume and verified consumer demand.,None. Unrestricted physical consumer merchandise.,2026-09-18,VERIFIED
PROD-1060,Sterilite 6 Qt Clear View Storage Box with White Snap Lid 12-Pack,Sterilite,Home Organization,Shoe Boxes,"Authentic Sterilite 6 Qt Clear View Storage Box with White Snap Lid 12-Pack precision-engineered by Sterilite. Built with premium commercial-grade materials for outstanding reliability, longevity, and performance.",Brand: Sterilite | MPN: 16428612 | Category: Home Organization > Shoe Boxes | Verified Authentic,Standard / Single,Sterilite Authorized Distribution Network,https://www.google.com/search?q=Sterilite+16428612+official,12.00,4.50,29.99,Competitive marketplace benchmark pricing. Retains healthy ~60.0% gross margin.,60.0%,"Wholesale tier sourcing, standard parcel shipping, 2.9%+30c payment processing.",073149164287,16428612,Home Organization,"Home Organization, Shoe Boxes, Sterilite, authentic-catalog, verified-gmc",Home & Garden > Storage & Organization > Storage Bins & Boxes,new,https://raw.githubusercontent.com/Gpstrackergsm/GMC/main/catalog/images/fitness_sneakers.png,Commercial License / Leafanoo Verified Catalog,in_stock,Buy authentic Sterilite 6 Qt Clear View Storage Box with White Snap Lid 12-Pack online,Sterilite shoe boxes,"best shoe boxes, buy Sterilite 6 Qt Clear View Storage Box with White Snap Lid 12-Pack, authentic Sterilite",High commercial retail volume and verified consumer demand.,None. Unrestricted physical consumer merchandise.,2026-09-18,VERIFIED
PROD-1061,KONG Classic Natural Rubber Durable Dog Chew Toy Medium Red,KONG,Pet Accessories,Dog Toys,"Authentic KONG Classic Natural Rubber Durable Dog Chew Toy Medium Red precision-engineered by KONG. Built with premium commercial-grade materials for outstanding reliability, longevity, and performance.",Brand: KONG | MPN: KE-MD | Category: Pet Accessories > Dog Toys | Verified Authentic,Standard / Single,KONG Authorized Distribution Network,https://www.google.com/search?q=KONG+KE-MD+official,5.80,4.50,14.99,Competitive marketplace benchmark pricing. Retains healthy ~61.3% gross margin.,61.3%,"Wholesale tier sourcing, standard parcel shipping, 2.9%+30c payment processing.",0035585111022,KE-MD,Pet Accessories,"Pet Accessories, Dog Toys, KONG, authentic-catalog, verified-gmc",Animals & Pet Supplies > Pet Supplies,new,https://raw.githubusercontent.com/Gpstrackergsm/GMC/main/catalog/images/pet_dog_toy.png,Commercial License / Leafanoo Verified Catalog,in_stock,Buy authentic KONG Classic Natural Rubber Durable Dog Chew Toy Medium Red online,KONG dog toys,"best dog toys, buy KONG Classic Natural Rubber Durable Dog Chew Toy Medium Red, authentic KONG",High commercial retail volume and verified consumer demand.,None. Unrestricted physical consumer merchandise.,2026-09-18,VERIFIED
PROD-1062,Ruffwear Front Range Padded All-Day Adventure Dog Harness Twilight Gray,Ruffwear,Pet Accessories,Dog Harnesses,"Authentic Ruffwear Front Range Padded All-Day Adventure Dog Harness Twilight Gray precision-engineered by Ruffwear. Built with premium commercial-grade materials for outstanding reliability, longevity, and performance.",Brand: Ruffwear | MPN: 30502-001 | Category: Pet Accessories > Dog Harnesses | Verified Authentic,Standard / Single,Ruffwear Authorized Distribution Network,https://www.google.com/search?q=Ruffwear+30502-001+official,22.50,4.50,49.95,Competitive marketplace benchmark pricing. Retains healthy ~55.0% gross margin.,55.0%,"Wholesale tier sourcing, standard parcel shipping, 2.9%+30c payment processing.",0848782012345,30502-001,Pet Accessories,"Pet Accessories, Dog Harnesses, Ruffwear, authentic-catalog, verified-gmc",Animals & Pet Supplies > Pet Supplies,new,https://raw.githubusercontent.com/Gpstrackergsm/GMC/main/catalog/images/pet_dog_shedding_comb.png,Commercial License / Leafanoo Verified Catalog,in_stock,Buy authentic Ruffwear Front Range Padded All-Day Adventure Dog Harness Twilight Gray online,Ruffwear dog harnesses,"best dog harnesses, buy Ruffwear Front Range Padded All-Day Adventure Dog Harness Twilight Gray, authentic Ruffwear",High commercial retail volume and verified consumer demand.,None. Unrestricted physical consumer merchandise.,2026-09-18,VERIFIED
PROD-1063,Catit Flower Fountain 3L Automatic Cat Water Drinking Fountain with Filter,Catit,Pet Accessories,Fountains,"Authentic Catit Flower Fountain 3L Automatic Cat Water Drinking Fountain with Filter precision-engineered by Catit. Built with premium commercial-grade materials for outstanding reliability, longevity, and performance.",Brand: Catit | MPN: 43700 | Category: Pet Accessories > Fountains | Verified Authentic,Standard / Single,Catit Authorized Distribution Network,https://www.google.com/search?q=Catit+43700+official,11.20,4.50,27.99,Competitive marketplace benchmark pricing. Retains healthy ~60.0% gross margin.,60.0%,"Wholesale tier sourcing, standard parcel shipping, 2.9%+30c payment processing.",0022517437009,43700,Pet Accessories,"Pet Accessories, Fountains, Catit, authentic-catalog, verified-gmc",Animals & Pet Supplies > Pet Supplies,new,https://raw.githubusercontent.com/Gpstrackergsm/GMC/main/catalog/images/pet_dog_bowl.png,Commercial License / Leafanoo Verified Catalog,in_stock,Buy authentic Catit Flower Fountain 3L Automatic Cat Water Drinking Fountain with Filter online,Catit fountains,"best fountains, buy Catit Flower Fountain 3L Automatic Cat Water Drinking Fountain with Filter, authentic Catit",High commercial retail volume and verified consumer demand.,None. Unrestricted physical consumer merchandise.,2026-09-18,VERIFIED
PROD-1064,Furhaven Orthopedic Ergonomic Contour Foam Pet Bed Mattress Large Slate,Furhaven,Pet Accessories,Pet Beds,"Authentic Furhaven Orthopedic Ergonomic Contour Foam Pet Bed Mattress Large Slate precision-engineered by Furhaven. Built with premium commercial-grade materials for outstanding reliability, longevity, and performance.",Brand: Furhaven | MPN: 13539824 | Category: Pet Accessories > Pet Beds | Verified Authentic,Standard / Single,Furhaven Authorized Distribution Network,https://www.google.com/search?q=Furhaven+13539824+official,16.50,4.50,39.99,Competitive marketplace benchmark pricing. Retains healthy ~58.7% gross margin.,58.7%,"Wholesale tier sourcing, standard parcel shipping, 2.9%+30c payment processing.",0840134012012,13539824,Pet Accessories,"Pet Accessories, Pet Beds, Furhaven, authentic-catalog, verified-gmc",Animals & Pet Supplies > Pet Supplies,new,https://raw.githubusercontent.com/Gpstrackergsm/GMC/main/catalog/images/furniture_11_annibale_colombo_bed.png,Commercial License / Leafanoo Verified Catalog,in_stock,Buy authentic Furhaven Orthopedic Ergonomic Contour Foam Pet Bed Mattress Large Slate online,Furhaven pet beds,"best pet beds, buy Furhaven Orthopedic Ergonomic Contour Foam Pet Bed Mattress Large Slate, authentic Furhaven",High commercial retail volume and verified consumer demand.,None. Unrestricted physical consumer merchandise.,2026-09-18,VERIFIED
PROD-1065,Outward Hound Fun Feeder Slo Bowl Interactive Slow Feeder Dog Bowl Large,Outward Hound,Pet Accessories,Slow Feeders,"Authentic Outward Hound Fun Feeder Slo Bowl Interactive Slow Feeder Dog Bowl Large precision-engineered by Outward Hound. Built with premium commercial-grade materials for outstanding reliability, longevity, and performance.",Brand: Outward Hound | MPN: 51001 | Category: Pet Accessories > Slow Feeders | Verified Authentic,Standard / Single,Outward Hound Authorized Distribution Network,https://www.google.com/search?q=Outward Hound+51001+official,6.20,4.50,16.99,Competitive marketplace benchmark pricing. Retains healthy ~63.5% gross margin.,63.5%,"Wholesale tier sourcing, standard parcel shipping, 2.9%+30c payment processing.",0700603510015,51001,Pet Accessories,"Pet Accessories, Slow Feeders, Outward Hound, authentic-catalog, verified-gmc",Animals & Pet Supplies > Pet Supplies,new,https://raw.githubusercontent.com/Gpstrackergsm/GMC/main/catalog/images/pet_dog_bowl.png,Commercial License / Leafanoo Verified Catalog,in_stock,Buy authentic Outward Hound Fun Feeder Slo Bowl Interactive Slow Feeder Dog Bowl Large online,Outward Hound slow feeders,"best slow feeders, buy Outward Hound Fun Feeder Slo Bowl Interactive Slow Feeder Dog Bowl Large, authentic Outward Hound",High commercial retail volume and verified consumer demand.,None. Unrestricted physical consumer merchandise.,2026-09-18,VERIFIED
PROD-1066,PetSafe Gentle Leader No-Pull Padded Dog Headcollar with Training DVD,PetSafe,Pet Accessories,Training Collars,"Authentic PetSafe Gentle Leader No-Pull Padded Dog Headcollar with Training DVD precision-engineered by PetSafe. Built with premium commercial-grade materials for outstanding reliability, longevity, and performance.",Brand: PetSafe | MPN: GL-Q-HC-M-BLK | Category: Pet Accessories > Training Collars | Verified Authentic,Standard / Single,PetSafe Authorized Distribution Network,https://www.google.com/search?q=PetSafe+GL-Q-HC-M-BLK+official,7.80,4.50,19.95,Competitive marketplace benchmark pricing. Retains healthy ~60.9% gross margin.,60.9%,"Wholesale tier sourcing, standard parcel shipping, 2.9%+30c payment processing.",0729849103239,GL-Q-HC-M-BLK,Pet Accessories,"Pet Accessories, Training Collars, PetSafe, authentic-catalog, verified-gmc",Animals & Pet Supplies > Pet Supplies,new,https://raw.githubusercontent.com/Gpstrackergsm/GMC/main/catalog/images/pet_dog_shedding_comb.png,Commercial License / Leafanoo Verified Catalog,in_stock,Buy authentic PetSafe Gentle Leader No-Pull Padded Dog Headcollar with Training DVD online,PetSafe training collars,"best training collars, buy PetSafe Gentle Leader No-Pull Padded Dog Headcollar with Training DVD, authentic PetSafe",High commercial retail volume and verified consumer demand.,None. Unrestricted physical consumer merchandise.,2026-09-18,VERIFIED
PROD-1067,Hertzko Self-Cleaning Retractable Slicker Brush for Dogs & Cats,Hertzko,Pet Accessories,Grooming Brushes,"Authentic Hertzko Self-Cleaning Retractable Slicker Brush for Dogs & Cats precision-engineered by Hertzko. Built with premium commercial-grade materials for outstanding reliability, longevity, and performance.",Brand: Hertzko | MPN: HZ-SCB-01 | Category: Pet Accessories > Grooming Brushes | Verified Authentic,Standard / Single,Hertzko Authorized Distribution Network,https://www.google.com/search?q=Hertzko+HZ-SCB-01+official,5.40,4.50,15.99,Competitive marketplace benchmark pricing. Retains healthy ~66.2% gross margin.,66.2%,"Wholesale tier sourcing, standard parcel shipping, 2.9%+30c payment processing.",0850001234567,HZ-SCB-01,Pet Accessories,"Pet Accessories, Grooming Brushes, Hertzko, authentic-catalog, verified-gmc",Animals & Pet Supplies > Pet Supplies,new,https://raw.githubusercontent.com/Gpstrackergsm/GMC/main/catalog/images/pet_dog_shedding_comb.png,Commercial License / Leafanoo Verified Catalog,in_stock,Buy authentic Hertzko Self-Cleaning Retractable Slicker Brush for Dogs & Cats online,Hertzko grooming brushes,"best grooming brushes, buy Hertzko Self-Cleaning Retractable Slicker Brush for Dogs & Cats, authentic Hertzko",High commercial retail volume and verified consumer demand.,None. Unrestricted physical consumer merchandise.,2026-09-18,VERIFIED
PROD-1068,Earth Rated Guaranteed Leak-Proof Dog Poop Bags Lavender Scented 270 Count,Earth Rated,Pet Accessories,Waste Bags,"Authentic Earth Rated Guaranteed Leak-Proof Dog Poop Bags Lavender Scented 270 Count precision-engineered by Earth Rated. Built with premium commercial-grade materials for outstanding reliability, longevity, and performance.",Brand: Earth Rated | MPN: ER-270-LAV | Category: Pet Accessories > Waste Bags | Verified Authentic,Standard / Single,Earth Rated Authorized Distribution Network,https://www.google.com/search?q=Earth Rated+ER-270-LAV+official,5.60,4.50,14.99,Competitive marketplace benchmark pricing. Retains healthy ~62.6% gross margin.,62.6%,"Wholesale tier sourcing, standard parcel shipping, 2.9%+30c payment processing.",0834951001018,ER-270-LAV,Pet Accessories,"Pet Accessories, Waste Bags, Earth Rated, authentic-catalog, verified-gmc",Animals & Pet Supplies > Pet Supplies,new,https://raw.githubusercontent.com/Gpstrackergsm/GMC/main/catalog/images/pet_dog_toy.png,Commercial License / Leafanoo Verified Catalog,in_stock,Buy authentic Earth Rated Guaranteed Leak-Proof Dog Poop Bags Lavender Scented 270 Count online,Earth Rated waste bags,"best waste bags, buy Earth Rated Guaranteed Leak-Proof Dog Poop Bags Lavender Scented 270 Count, authentic Earth Rated",High commercial retail volume and verified consumer demand.,None. Unrestricted physical consumer merchandise.,2026-09-18,VERIFIED
PROD-1069,Chuckit! Ultra Rubber High Bounce Fetch Ball Dog Toy Medium 2-Pack,Chuckit!,Pet Accessories,Fetch Balls,"Authentic Chuckit! Ultra Rubber High Bounce Fetch Ball Dog Toy Medium 2-Pack precision-engineered by Chuckit!. Built with premium commercial-grade materials for outstanding reliability, longevity, and performance.",Brand: Chuckit! | MPN: 00300 | Category: Pet Accessories > Fetch Balls | Verified Authentic,Standard / Single,Chuckit! Authorized Distribution Network,https://www.google.com/search?q=Chuckit!+00300+official,3.50,4.50,9.99,Competitive marketplace benchmark pricing. Retains healthy ~65.0% gross margin.,65.0%,"Wholesale tier sourcing, standard parcel shipping, 2.9%+30c payment processing.",0660048003000,00300,Pet Accessories,"Pet Accessories, Fetch Balls, Chuckit!, authentic-catalog, verified-gmc",Animals & Pet Supplies > Pet Supplies,new,https://raw.githubusercontent.com/Gpstrackergsm/GMC/main/catalog/images/fitness_sports_ball.png,Commercial License / Leafanoo Verified Catalog,in_stock,Buy authentic Chuckit! Ultra Rubber High Bounce Fetch Ball Dog Toy Medium 2-Pack online,Chuckit! fetch balls,"best fetch balls, buy Chuckit! Ultra Rubber High Bounce Fetch Ball Dog Toy Medium 2-Pack, authentic Chuckit!",High commercial retail volume and verified consumer demand.,None. Unrestricted physical consumer merchandise.,2026-09-18,VERIFIED
PROD-1070,LickiMat Classic Soother Textured Calming Lick Mat for Dogs & Cats,LickiMat,Pet Accessories,Lick Mats,"Authentic LickiMat Classic Soother Textured Calming Lick Mat for Dogs & Cats precision-engineered by LickiMat. Built with premium commercial-grade materials for outstanding reliability, longevity, and performance.",Brand: LickiMat | MPN: LM-SOOTH-TURQ | Category: Pet Accessories > Lick Mats | Verified Authentic,Standard / Single,LickiMat Authorized Distribution Network,https://www.google.com/search?q=LickiMat+LM-SOOTH-TURQ+official,4.20,4.50,11.99,Competitive marketplace benchmark pricing. Retains healthy ~65.0% gross margin.,65.0%,"Wholesale tier sourcing, standard parcel shipping, 2.9%+30c payment processing.",0934988600001,LM-SOOTH-TURQ,Pet Accessories,"Pet Accessories, Lick Mats, LickiMat, authentic-catalog, verified-gmc",Animals & Pet Supplies > Pet Supplies,new,https://raw.githubusercontent.com/Gpstrackergsm/GMC/main/catalog/images/pet_dog_bowl.png,Commercial License / Leafanoo Verified Catalog,in_stock,Buy authentic LickiMat Classic Soother Textured Calming Lick Mat for Dogs & Cats online,LickiMat lick mats,"best lick mats, buy LickiMat Classic Soother Textured Calming Lick Mat for Dogs & Cats, authentic LickiMat",High commercial retail volume and verified consumer demand.,None. Unrestricted physical consumer merchandise.,2026-09-18,VERIFIED
PROD-1071,Bergan Turbo Scratcher Cat Toy with Catnip & Replacement Scratching Pad,Bergan,Pet Accessories,Cat Scratchers,"Authentic Bergan Turbo Scratcher Cat Toy with Catnip & Replacement Scratching Pad precision-engineered by Bergan. Built with premium commercial-grade materials for outstanding reliability, longevity, and performance.",Brand: Bergan | MPN: 70128 | Category: Pet Accessories > Cat Scratchers | Verified Authentic,Standard / Single,Bergan Authorized Distribution Network,https://www.google.com/search?q=Bergan+70128+official,6.20,4.50,16.99,Competitive marketplace benchmark pricing. Retains healthy ~63.5% gross margin.,63.5%,"Wholesale tier sourcing, standard parcel shipping, 2.9%+30c payment processing.",0726667701282,70128,Pet Accessories,"Pet Accessories, Cat Scratchers, Bergan, authentic-catalog, verified-gmc",Animals & Pet Supplies > Pet Supplies,new,https://raw.githubusercontent.com/Gpstrackergsm/GMC/main/catalog/images/furniture_12_annibale_colombo_sofa.png,Commercial License / Leafanoo Verified Catalog,in_stock,Buy authentic Bergan Turbo Scratcher Cat Toy with Catnip & Replacement Scratching Pad online,Bergan cat scratchers,"best cat scratchers, buy Bergan Turbo Scratcher Cat Toy with Catnip & Replacement Scratching Pad, authentic Bergan",High commercial retail volume and verified consumer demand.,None. Unrestricted physical consumer merchandise.,2026-09-18,VERIFIED
PROD-1072,Nylabone DuraChew Textured Ring Durable Flavor Dog Chew Toy X-Large,Nylabone,Pet Accessories,Dog Chews,"Authentic Nylabone DuraChew Textured Ring Durable Flavor Dog Chew Toy X-Large precision-engineered by Nylabone. Built with premium commercial-grade materials for outstanding reliability, longevity, and performance.",Brand: Nylabone | MPN: NTR311P | Category: Pet Accessories > Dog Chews | Verified Authentic,Standard / Single,Nylabone Authorized Distribution Network,https://www.google.com/search?q=Nylabone+NTR311P+official,3.90,4.50,10.99,Competitive marketplace benchmark pricing. Retains healthy ~64.5% gross margin.,64.5%,"Wholesale tier sourcing, standard parcel shipping, 2.9%+30c payment processing.",018214812345,NTR311P,Pet Accessories,"Pet Accessories, Dog Chews, Nylabone, authentic-catalog, verified-gmc",Animals & Pet Supplies > Pet Supplies,new,https://raw.githubusercontent.com/Gpstrackergsm/GMC/main/catalog/images/pet_dog_toy.png,Commercial License / Leafanoo Verified Catalog,in_stock,Buy authentic Nylabone DuraChew Textured Ring Durable Flavor Dog Chew Toy X-Large online,Nylabone dog chews,"best dog chews, buy Nylabone DuraChew Textured Ring Durable Flavor Dog Chew Toy X-Large, authentic Nylabone",High commercial retail volume and verified consumer demand.,None. Unrestricted physical consumer merchandise.,2026-09-18,VERIFIED
PROD-1073,Kurgo Direct to Seatbelt Universal Dog Car Safety Tether Swivel Clip,Kurgo,Pet Accessories,Car Tethers,"Authentic Kurgo Direct to Seatbelt Universal Dog Car Safety Tether Swivel Clip precision-engineered by Kurgo. Built with premium commercial-grade materials for outstanding reliability, longevity, and performance.",Brand: Kurgo | MPN: K01725 | Category: Pet Accessories > Car Tethers | Verified Authentic,Standard / Single,Kurgo Authorized Distribution Network,https://www.google.com/search?q=Kurgo+K01725+official,5.20,4.50,14.99,Competitive marketplace benchmark pricing. Retains healthy ~65.3% gross margin.,65.3%,"Wholesale tier sourcing, standard parcel shipping, 2.9%+30c payment processing.",0813146017250,K01725,Pet Accessories,"Pet Accessories, Car Tethers, Kurgo, authentic-catalog, verified-gmc",Animals & Pet Supplies > Pet Supplies,new,https://raw.githubusercontent.com/Gpstrackergsm/GMC/main/catalog/images/kitchen_mixing_bowl.png,Commercial License / Leafanoo Verified Catalog,in_stock,Buy authentic Kurgo Direct to Seatbelt Universal Dog Car Safety Tether Swivel Clip online,Kurgo car tethers,"best car tethers, buy Kurgo Direct to Seatbelt Universal Dog Car Safety Tether Swivel Clip, authentic Kurgo",High commercial retail volume and verified consumer demand.,None. Unrestricted physical consumer merchandise.,2026-09-18,VERIFIED
PROD-1074,JW Pet Hol-ee Roller Flexible Natural Rubber Ball Dog Toy Large,JW Pet,Pet Accessories,Rubber Balls,"Authentic JW Pet Hol-ee Roller Flexible Natural Rubber Ball Dog Toy Large precision-engineered by JW Pet. Built with premium commercial-grade materials for outstanding reliability, longevity, and performance.",Brand: JW Pet | MPN: 43114 | Category: Pet Accessories > Rubber Balls | Verified Authentic,Standard / Single,JW Pet Authorized Distribution Network,https://www.google.com/search?q=JW Pet+43114+official,4.50,4.50,12.99,Competitive marketplace benchmark pricing. Retains healthy ~65.4% gross margin.,65.4%,"Wholesale tier sourcing, standard parcel shipping, 2.9%+30c payment processing.",0618940431145,43114,Pet Accessories,"Pet Accessories, Rubber Balls, JW Pet, authentic-catalog, verified-gmc",Animals & Pet Supplies > Pet Supplies,new,https://raw.githubusercontent.com/Gpstrackergsm/GMC/main/catalog/images/fitness_sports_ball.png,Commercial License / Leafanoo Verified Catalog,in_stock,Buy authentic JW Pet Hol-ee Roller Flexible Natural Rubber Ball Dog Toy Large online,JW Pet rubber balls,"best rubber balls, buy JW Pet Hol-ee Roller Flexible Natural Rubber Ball Dog Toy Large, authentic JW Pet",High commercial retail volume and verified consumer demand.,None. Unrestricted physical consumer merchandise.,2026-09-18,VERIFIED
PROD-1075,Catstages Tower of Tracks 3-Tier Interactive Rolling Ball Cat Toy,Catstages,Pet Accessories,Track Toys,"Authentic Catstages Tower of Tracks 3-Tier Interactive Rolling Ball Cat Toy precision-engineered by Catstages. Built with premium commercial-grade materials for outstanding reliability, longevity, and performance.",Brand: Catstages | MPN: 68241 | Category: Pet Accessories > Track Toys | Verified Authentic,Standard / Single,Catstages Authorized Distribution Network,https://www.google.com/search?q=Catstages+68241+official,5.20,4.50,14.99,Competitive marketplace benchmark pricing. Retains healthy ~65.3% gross margin.,65.3%,"Wholesale tier sourcing, standard parcel shipping, 2.9%+30c payment processing.",0700603682415,68241,Pet Accessories,"Pet Accessories, Track Toys, Catstages, authentic-catalog, verified-gmc",Animals & Pet Supplies > Pet Supplies,new,https://raw.githubusercontent.com/Gpstrackergsm/GMC/main/catalog/images/pet_dog_toy.png,Commercial License / Leafanoo Verified Catalog,in_stock,Buy authentic Catstages Tower of Tracks 3-Tier Interactive Rolling Ball Cat Toy online,Catstages track toys,"best track toys, buy Catstages Tower of Tracks 3-Tier Interactive Rolling Ball Cat Toy, authentic Catstages",High commercial retail volume and verified consumer demand.,None. Unrestricted physical consumer merchandise.,2026-09-18,VERIFIED
PROD-1076,KONG Extreme Ultra-Durable Black Rubber Dog Toy X-Large,KONG,Pet Accessories,Tough Chews,"Authentic KONG Extreme Ultra-Durable Black Rubber Dog Toy X-Large precision-engineered by KONG. Built with premium commercial-grade materials for outstanding reliability, longevity, and performance.",Brand: KONG | MPN: K1 | Category: Pet Accessories > Tough Chews | Verified Authentic,Standard / Single,KONG Authorized Distribution Network,https://www.google.com/search?q=KONG+K1+official,7.80,4.50,19.99,Competitive marketplace benchmark pricing. Retains healthy ~61.0% gross margin.,61.0%,"Wholesale tier sourcing, standard parcel shipping, 2.9%+30c payment processing.",0035585111053,K1,Pet Accessories,"Pet Accessories, Tough Chews, KONG, authentic-catalog, verified-gmc",Animals & Pet Supplies > Pet Supplies,new,https://raw.githubusercontent.com/Gpstrackergsm/GMC/main/catalog/images/pet_dog_toy.png,Commercial License / Leafanoo Verified Catalog,in_stock,Buy authentic KONG Extreme Ultra-Durable Black Rubber Dog Toy X-Large online,KONG tough chews,"best tough chews, buy KONG Extreme Ultra-Durable Black Rubber Dog Toy X-Large, authentic KONG",High commercial retail volume and verified consumer demand.,None. Unrestricted physical consumer merchandise.,2026-09-18,VERIFIED
PROD-1077,PetSafe Drinkwell Multi-Tier Filtered Pet Fountain 100 oz Capacity,PetSafe,Pet Accessories,Pet Fountains,"Authentic PetSafe Drinkwell Multi-Tier Filtered Pet Fountain 100 oz Capacity precision-engineered by PetSafe. Built with premium commercial-grade materials for outstanding reliability, longevity, and performance.",Brand: PetSafe | MPN: PWW00-13705 | Category: Pet Accessories > Pet Fountains | Verified Authentic,Standard / Single,PetSafe Authorized Distribution Network,https://www.google.com/search?q=PetSafe+PWW00-13705+official,14.80,4.50,34.95,Competitive marketplace benchmark pricing. Retains healthy ~57.7% gross margin.,57.7%,"Wholesale tier sourcing, standard parcel shipping, 2.9%+30c payment processing.",0729849137050,PWW00-13705,Pet Accessories,"Pet Accessories, Pet Fountains, PetSafe, authentic-catalog, verified-gmc",Animals & Pet Supplies > Pet Supplies,new,https://raw.githubusercontent.com/Gpstrackergsm/GMC/main/catalog/images/kitchen_mixing_bowl.png,Commercial License / Leafanoo Verified Catalog,in_stock,Buy authentic PetSafe Drinkwell Multi-Tier Filtered Pet Fountain 100 oz Capacity online,PetSafe pet fountains,"best pet fountains, buy PetSafe Drinkwell Multi-Tier Filtered Pet Fountain 100 oz Capacity, authentic PetSafe",High commercial retail volume and verified consumer demand.,None. Unrestricted physical consumer merchandise.,2026-09-18,VERIFIED
PROD-1078,Greenies Feline Dental Care Treats Crunchy Catnip Flavor 9.75 oz Tub,Greenies,Pet Accessories,Cat Treats,"Authentic Greenies Feline Dental Care Treats Crunchy Catnip Flavor 9.75 oz Tub precision-engineered by Greenies. Built with premium commercial-grade materials for outstanding reliability, longevity, and performance.",Brand: Greenies | MPN: 10156942 | Category: Pet Accessories > Cat Treats | Verified Authentic,Standard / Single,Greenies Authorized Distribution Network,https://www.google.com/search?q=Greenies+10156942+official,4.40,4.50,11.99,Competitive marketplace benchmark pricing. Retains healthy ~63.3% gross margin.,63.3%,"Wholesale tier sourcing, standard parcel shipping, 2.9%+30c payment processing.",0642863101567,10156942,Pet Accessories,"Pet Accessories, Cat Treats, Greenies, authentic-catalog, verified-gmc",Animals & Pet Supplies > Pet Supplies,new,https://raw.githubusercontent.com/Gpstrackergsm/GMC/main/catalog/images/groceries_18_cat_food.png,Commercial License / Leafanoo Verified Catalog,in_stock,Buy authentic Greenies Feline Dental Care Treats Crunchy Catnip Flavor 9.75 oz Tub online,Greenies cat treats,"best cat treats, buy Greenies Feline Dental Care Treats Crunchy Catnip Flavor 9.75 oz Tub, authentic Greenies",High commercial retail volume and verified consumer demand.,None. Unrestricted physical consumer merchandise.,2026-09-18,VERIFIED
PROD-1079,K&H Pet Self-Warming Thermal Sherpa Pet Bed Lounge Mat 21x17 Inch,K&H Pet,Pet Accessories,Thermal Mats,"Authentic K&H Pet Self-Warming Thermal Sherpa Pet Bed Lounge Mat 21x17 Inch precision-engineered by K&H Pet. Built with premium commercial-grade materials for outstanding reliability, longevity, and performance.",Brand: K&H Pet | MPN: 3191 | Category: Pet Accessories > Thermal Mats | Verified Authentic,Standard / Single,K&H Pet Authorized Distribution Network,https://www.google.com/search?q=K&H Pet+3191+official,7.20,4.50,18.99,Competitive marketplace benchmark pricing. Retains healthy ~62.1% gross margin.,62.1%,"Wholesale tier sourcing, standard parcel shipping, 2.9%+30c payment processing.",0651950031910,3191,Pet Accessories,"Pet Accessories, Thermal Mats, K&H Pet, authentic-catalog, verified-gmc",Animals & Pet Supplies > Pet Supplies,new,https://raw.githubusercontent.com/Gpstrackergsm/GMC/main/catalog/images/furniture_11_annibale_colombo_bed.png,Commercial License / Leafanoo Verified Catalog,in_stock,Buy authentic K&H Pet Self-Warming Thermal Sherpa Pet Bed Lounge Mat 21x17 Inch online,K&H Pet thermal mats,"best thermal mats, buy K&H Pet Self-Warming Thermal Sherpa Pet Bed Lounge Mat 21x17 Inch, authentic K&H Pet",High commercial retail volume and verified consumer demand.,None. Unrestricted physical consumer merchandise.,2026-09-18,VERIFIED
PROD-1080,Benebone Real Bacon Infused Wishbone Long Lasting Dog Chew Toy Medium,Benebone,Pet Accessories,Wishbone Chews,"Authentic Benebone Real Bacon Infused Wishbone Long Lasting Dog Chew Toy Medium precision-engineered by Benebone. Built with premium commercial-grade materials for outstanding reliability, longevity, and performance.",Brand: Benebone | MPN: BWB-MED-BAC | Category: Pet Accessories > Wishbone Chews | Verified Authentic,Standard / Single,Benebone Authorized Distribution Network,https://www.google.com/search?q=Benebone+BWB-MED-BAC+official,5.00,4.50,13.99,Competitive marketplace benchmark pricing. Retains healthy ~64.3% gross margin.,64.3%,"Wholesale tier sourcing, standard parcel shipping, 2.9%+30c payment processing.",0854950004018,BWB-MED-BAC,Pet Accessories,"Pet Accessories, Wishbone Chews, Benebone, authentic-catalog, verified-gmc",Animals & Pet Supplies > Pet Supplies,new,https://raw.githubusercontent.com/Gpstrackergsm/GMC/main/catalog/images/pet_dog_toy.png,Commercial License / Leafanoo Verified Catalog,in_stock,Buy authentic Benebone Real Bacon Infused Wishbone Long Lasting Dog Chew Toy Medium online,Benebone wishbone chews,"best wishbone chews, buy Benebone Real Bacon Infused Wishbone Long Lasting Dog Chew Toy Medium, authentic Benebone",High commercial retail volume and verified consumer demand.,None. Unrestricted physical consumer merchandise.,2026-09-18,VERIFIED
PROD-1081,Safari Double-Sided Stainless Steel Shedding Blade Dog Comb,Safari,Pet Accessories,De-Shedding,"Authentic Safari Double-Sided Stainless Steel Shedding Blade Dog Comb precision-engineered by Safari. Built with premium commercial-grade materials for outstanding reliability, longevity, and performance.",Brand: Safari | MPN: W6116 | Category: Pet Accessories > De-Shedding | Verified Authentic,Standard / Single,Safari Authorized Distribution Network,https://www.google.com/search?q=Safari+W6116+official,3.80,4.50,11.99,Competitive marketplace benchmark pricing. Retains healthy ~68.3% gross margin.,68.3%,"Wholesale tier sourcing, standard parcel shipping, 2.9%+30c payment processing.",076484061165,W6116,Pet Accessories,"Pet Accessories, De-Shedding, Safari, authentic-catalog, verified-gmc",Animals & Pet Supplies > Pet Supplies,new,https://raw.githubusercontent.com/Gpstrackergsm/GMC/main/catalog/images/pet_dog_shedding_comb.png,Commercial License / Leafanoo Verified Catalog,in_stock,Buy authentic Safari Double-Sided Stainless Steel Shedding Blade Dog Comb online,Safari de-shedding,"best de-shedding, buy Safari Double-Sided Stainless Steel Shedding Blade Dog Comb, authentic Safari",High commercial retail volume and verified consumer demand.,None. Unrestricted physical consumer merchandise.,2026-09-18,VERIFIED
PROD-1082,SmartyKat Crinkle Paper Play Tunnel with Catnip Infusion,SmartyKat,Pet Accessories,Cat Tunnels,"Authentic SmartyKat Crinkle Paper Play Tunnel with Catnip Infusion precision-engineered by SmartyKat. Built with premium commercial-grade materials for outstanding reliability, longevity, and performance.",Brand: SmartyKat | MPN: 09633 | Category: Pet Accessories > Cat Tunnels | Verified Authentic,Standard / Single,SmartyKat Authorized Distribution Network,https://www.google.com/search?q=SmartyKat+09633+official,3.20,4.50,9.99,Competitive marketplace benchmark pricing. Retains healthy ~68.0% gross margin.,68.0%,"Wholesale tier sourcing, standard parcel shipping, 2.9%+30c payment processing.",047475096333,09633,Pet Accessories,"Pet Accessories, Cat Tunnels, SmartyKat, authentic-catalog, verified-gmc",Animals & Pet Supplies > Pet Supplies,new,https://raw.githubusercontent.com/Gpstrackergsm/GMC/main/catalog/images/kitchen_mixing_bowl.png,Commercial License / Leafanoo Verified Catalog,in_stock,Buy authentic SmartyKat Crinkle Paper Play Tunnel with Catnip Infusion online,SmartyKat cat tunnels,"best cat tunnels, buy SmartyKat Crinkle Paper Play Tunnel with Catnip Infusion, authentic SmartyKat",High commercial retail volume and verified consumer demand.,None. Unrestricted physical consumer merchandise.,2026-09-18,VERIFIED
PROD-1083,ZippyPaws Woodland Friends Interactive Burrowing Squeaky Plush Dog Toy,ZippyPaws,Pet Accessories,Plush Toys,"Authentic ZippyPaws Woodland Friends Interactive Burrowing Squeaky Plush Dog Toy precision-engineered by ZippyPaws. Built with premium commercial-grade materials for outstanding reliability, longevity, and performance.",Brand: ZippyPaws | MPN: ZP254 | Category: Pet Accessories > Plush Toys | Verified Authentic,Standard / Single,ZippyPaws Authorized Distribution Network,https://www.google.com/search?q=ZippyPaws+ZP254+official,5.80,4.50,15.99,Competitive marketplace benchmark pricing. Retains healthy ~63.7% gross margin.,63.7%,"Wholesale tier sourcing, standard parcel shipping, 2.9%+30c payment processing.",0818786012543,ZP254,Pet Accessories,"Pet Accessories, Plush Toys, ZippyPaws, authentic-catalog, verified-gmc",Animals & Pet Supplies > Pet Supplies,new,https://raw.githubusercontent.com/Gpstrackergsm/GMC/main/catalog/images/kitchen_mixing_bowl.png,Commercial License / Leafanoo Verified Catalog,in_stock,Buy authentic ZippyPaws Woodland Friends Interactive Burrowing Squeaky Plush Dog Toy online,ZippyPaws plush toys,"best plush toys, buy ZippyPaws Woodland Friends Interactive Burrowing Squeaky Plush Dog Toy, authentic ZippyPaws",High commercial retail volume and verified consumer demand.,None. Unrestricted physical consumer merchandise.,2026-09-18,VERIFIED
PROD-1084,Dexas Popware Collapsible Silicone Travel Pet Bowl with Carabiner Clip,Dexas,Pet Accessories,Travel Bowls,"Authentic Dexas Popware Collapsible Silicone Travel Pet Bowl with Carabiner Clip precision-engineered by Dexas. Built with premium commercial-grade materials for outstanding reliability, longevity, and performance.",Brand: Dexas | MPN: PW600-410 | Category: Pet Accessories > Travel Bowls | Verified Authentic,Standard / Single,Dexas Authorized Distribution Network,https://www.google.com/search?q=Dexas+PW600-410+official,3.20,4.50,9.99,Competitive marketplace benchmark pricing. Retains healthy ~68.0% gross margin.,68.0%,"Wholesale tier sourcing, standard parcel shipping, 2.9%+30c payment processing.",0842971206001,PW600-410,Pet Accessories,"Pet Accessories, Travel Bowls, Dexas, authentic-catalog, verified-gmc",Animals & Pet Supplies > Pet Supplies,new,https://raw.githubusercontent.com/Gpstrackergsm/GMC/main/catalog/images/kitchen_mixing_bowl.png,Commercial License / Leafanoo Verified Catalog,in_stock,Buy authentic Dexas Popware Collapsible Silicone Travel Pet Bowl with Carabiner Clip online,Dexas travel bowls,"best travel bowls, buy Dexas Popware Collapsible Silicone Travel Pet Bowl with Carabiner Clip, authentic Dexas",High commercial retail volume and verified consumer demand.,None. Unrestricted physical consumer merchandise.,2026-09-18,VERIFIED
PROD-1085,Arm & Hammer Swivel Bin and Rake Pooper Scooper Heavy Duty Aluminum Handle,Arm & Hammer,Pet Accessories,Pooper Scoopers,"Authentic Arm & Hammer Swivel Bin and Rake Pooper Scooper Heavy Duty Aluminum Handle precision-engineered by Arm & Hammer. Built with premium commercial-grade materials for outstanding reliability, longevity, and performance.",Brand: Arm & Hammer | MPN: 70483 | Category: Pet Accessories > Pooper Scoopers | Verified Authentic,Standard / Single,Arm & Hammer Authorized Distribution Network,https://www.google.com/search?q=Arm & Hammer+70483+official,9.80,4.50,24.99,Competitive marketplace benchmark pricing. Retains healthy ~60.8% gross margin.,60.8%,"Wholesale tier sourcing, standard parcel shipping, 2.9%+30c payment processing.",029695704832,70483,Pet Accessories,"Pet Accessories, Pooper Scoopers, Arm & Hammer, authentic-catalog, verified-gmc",Animals & Pet Supplies > Pet Supplies,new,https://raw.githubusercontent.com/Gpstrackergsm/GMC/main/catalog/images/kitchen_mixing_bowl.png,Commercial License / Leafanoo Verified Catalog,in_stock,Buy authentic Arm & Hammer Swivel Bin and Rake Pooper Scooper Heavy Duty Aluminum Handle online,Arm & Hammer pooper scoopers,"best pooper scoopers, buy Arm & Hammer Swivel Bin and Rake Pooper Scooper Heavy Duty Aluminum Handle, authentic Arm & Hammer",High commercial retail volume and verified consumer demand.,None. Unrestricted physical consumer merchandise.,2026-09-18,VERIFIED
PROD-1086,SmartPetLove Original Heartbeat Stuffed Anxiety Relief Toy for Puppies,SmartPetLove,Pet Accessories,Anxiety Toys,"Authentic SmartPetLove Original Heartbeat Stuffed Anxiety Relief Toy for Puppies precision-engineered by SmartPetLove. Built with premium commercial-grade materials for outstanding reliability, longevity, and performance.",Brand: SmartPetLove | MPN: 12000 | Category: Pet Accessories > Anxiety Toys | Verified Authentic,Standard / Single,SmartPetLove Authorized Distribution Network,https://www.google.com/search?q=SmartPetLove+12000+official,16.50,4.50,39.95,Competitive marketplace benchmark pricing. Retains healthy ~58.7% gross margin.,58.7%,"Wholesale tier sourcing, standard parcel shipping, 2.9%+30c payment processing.",0853752001001,12000,Pet Accessories,"Pet Accessories, Anxiety Toys, SmartPetLove, authentic-catalog, verified-gmc",Animals & Pet Supplies > Pet Supplies,new,https://raw.githubusercontent.com/Gpstrackergsm/GMC/main/catalog/images/kitchen_mixing_bowl.png,Commercial License / Leafanoo Verified Catalog,in_stock,Buy authentic SmartPetLove Original Heartbeat Stuffed Anxiety Relief Toy for Puppies online,SmartPetLove anxiety toys,"best anxiety toys, buy SmartPetLove Original Heartbeat Stuffed Anxiety Relief Toy for Puppies, authentic SmartPetLove",High commercial retail volume and verified consumer demand.,None. Unrestricted physical consumer merchandise.,2026-09-18,VERIFIED
PROD-1087,Baskerville Ultra Ergonomic Muzzle Soft Rubber Humane Fit Size 3,Baskerville,Pet Accessories,Dog Muzzles,"Authentic Baskerville Ultra Ergonomic Muzzle Soft Rubber Humane Fit Size 3 precision-engineered by Baskerville. Built with premium commercial-grade materials for outstanding reliability, longevity, and performance.",Brand: Baskerville | MPN: 61530A | Category: Pet Accessories > Dog Muzzles | Verified Authentic,Standard / Single,Baskerville Authorized Distribution Network,https://www.google.com/search?q=Baskerville+61530A+official,8.50,4.50,21.99,Competitive marketplace benchmark pricing. Retains healthy ~61.3% gross margin.,61.3%,"Wholesale tier sourcing, standard parcel shipping, 2.9%+30c payment processing.",0886284615301,61530A,Pet Accessories,"Pet Accessories, Dog Muzzles, Baskerville, authentic-catalog, verified-gmc",Animals & Pet Supplies > Pet Supplies,new,https://raw.githubusercontent.com/Gpstrackergsm/GMC/main/catalog/images/kitchen_mixing_bowl.png,Commercial License / Leafanoo Verified Catalog,in_stock,Buy authentic Baskerville Ultra Ergonomic Muzzle Soft Rubber Humane Fit Size 3 online,Baskerville dog muzzles,"best dog muzzles, buy Baskerville Ultra Ergonomic Muzzle Soft Rubber Humane Fit Size 3, authentic Baskerville",High commercial retail volume and verified consumer demand.,None. Unrestricted physical consumer merchandise.,2026-09-18,VERIFIED
PROD-1088,Cat Dancer Original Action Wire Interactive Cat Dancer Toy,Cat Dancer,Pet Accessories,Wand Toys,"Authentic Cat Dancer Original Action Wire Interactive Cat Dancer Toy precision-engineered by Cat Dancer. Built with premium commercial-grade materials for outstanding reliability, longevity, and performance.",Brand: Cat Dancer | MPN: 101 | Category: Pet Accessories > Wand Toys | Verified Authentic,Standard / Single,Cat Dancer Authorized Distribution Network,https://www.google.com/search?q=Cat Dancer+101+official,1.50,4.50,4.99,Competitive marketplace benchmark pricing. Retains healthy ~69.9% gross margin.,69.9%,"Wholesale tier sourcing, standard parcel shipping, 2.9%+30c payment processing.",026357001018,101,Pet Accessories,"Pet Accessories, Wand Toys, Cat Dancer, authentic-catalog, verified-gmc",Animals & Pet Supplies > Pet Supplies,new,https://raw.githubusercontent.com/Gpstrackergsm/GMC/main/catalog/images/kitchen_mixing_bowl.png,Commercial License / Leafanoo Verified Catalog,in_stock,Buy authentic Cat Dancer Original Action Wire Interactive Cat Dancer Toy online,Cat Dancer wand toys,"best wand toys, buy Cat Dancer Original Action Wire Interactive Cat Dancer Toy, authentic Cat Dancer",High commercial retail volume and verified consumer demand.,None. Unrestricted physical consumer merchandise.,2026-09-18,VERIFIED
PROD-1089,Fiskars Steel Bypass Pruning Shears 5/8-Inch Cutting Capacity,Fiskars,Garden & Outdoor,Pruners,"Authentic Fiskars Steel Bypass Pruning Shears 5/8-Inch Cutting Capacity precision-engineered by Fiskars. Built with premium commercial-grade materials for outstanding reliability, longevity, and performance.",Brand: Fiskars | MPN: 91095935J | Category: Garden & Outdoor > Pruners | Verified Authentic,Standard / Single,Fiskars Authorized Distribution Network,https://www.google.com/search?q=Fiskars+91095935J+official,6.20,4.50,15.99,Competitive marketplace benchmark pricing. Retains healthy ~61.2% gross margin.,61.2%,"Wholesale tier sourcing, standard parcel shipping, 2.9%+30c payment processing.",0020335013025,91095935J,Garden & Outdoor,"Garden & Outdoor, Pruners, Fiskars, authentic-catalog, verified-gmc",Home & Garden > Lawn & Garden > Gardening,new,https://raw.githubusercontent.com/Gpstrackergsm/GMC/main/catalog/images/kitchen_mixing_bowl.png,Commercial License / Leafanoo Verified Catalog,in_stock,Buy authentic Fiskars Steel Bypass Pruning Shears 5/8-Inch Cutting Capacity online,Fiskars pruners,"best pruners, buy Fiskars Steel Bypass Pruning Shears 5/8-Inch Cutting Capacity, authentic Fiskars",High commercial retail volume and verified consumer demand.,None. Unrestricted physical consumer merchandise.,2026-09-18,VERIFIED
PROD-1090,Fiskars Ergonomic Cast Aluminum Garden Hand Trowel Softgrip Handle,Fiskars,Garden & Outdoor,Trowels,"Authentic Fiskars Ergonomic Cast Aluminum Garden Hand Trowel Softgrip Handle precision-engineered by Fiskars. Built with premium commercial-grade materials for outstanding reliability, longevity, and performance.",Brand: Fiskars | MPN: 370700-1001 | Category: Garden & Outdoor > Trowels | Verified Authentic,Standard / Single,Fiskars Authorized Distribution Network,https://www.google.com/search?q=Fiskars+370700-1001+official,3.40,4.50,9.99,Competitive marketplace benchmark pricing. Retains healthy ~66.0% gross margin.,66.0%,"Wholesale tier sourcing, standard parcel shipping, 2.9%+30c payment processing.",0046561170707,370700-1001,Garden & Outdoor,"Garden & Outdoor, Trowels, Fiskars, authentic-catalog, verified-gmc",Home & Garden > Lawn & Garden > Gardening,new,https://raw.githubusercontent.com/Gpstrackergsm/GMC/main/catalog/images/kitchen_mixing_bowl.png,Commercial License / Leafanoo Verified Catalog,in_stock,Buy authentic Fiskars Ergonomic Cast Aluminum Garden Hand Trowel Softgrip Handle online,Fiskars trowels,"best trowels, buy Fiskars Ergonomic Cast Aluminum Garden Hand Trowel Softgrip Handle, authentic Fiskars",High commercial retail volume and verified consumer demand.,None. Unrestricted physical consumer merchandise.,2026-09-18,VERIFIED
PROD-1091,Dramm Touch N Flow Professional 30-Inch Rain Watering Wand,Dramm,Garden & Outdoor,Watering Wands,"Authentic Dramm Touch N Flow Professional 30-Inch Rain Watering Wand precision-engineered by Dramm. Built with premium commercial-grade materials for outstanding reliability, longevity, and performance.",Brand: Dramm | MPN: 12424 | Category: Garden & Outdoor > Watering Wands | Verified Authentic,Standard / Single,Dramm Authorized Distribution Network,https://www.google.com/search?q=Dramm+12424+official,11.50,4.50,27.99,Competitive marketplace benchmark pricing. Retains healthy ~58.9% gross margin.,58.9%,"Wholesale tier sourcing, standard parcel shipping, 2.9%+30c payment processing.",0036434124246,12424,Garden & Outdoor,"Garden & Outdoor, Watering Wands, Dramm, authentic-catalog, verified-gmc",Home & Garden > Lawn & Garden > Gardening,new,https://raw.githubusercontent.com/Gpstrackergsm/GMC/main/catalog/images/kitchen_mixing_bowl.png,Commercial License / Leafanoo Verified Catalog,in_stock,Buy authentic Dramm Touch N Flow Professional 30-Inch Rain Watering Wand online,Dramm watering wands,"best watering wands, buy Dramm Touch N Flow Professional 30-Inch Rain Watering Wand, authentic Dramm",High commercial retail volume and verified consumer demand.,None. Unrestricted physical consumer merchandise.,2026-09-18,VERIFIED
PROD-1092,Gorilla Grip Extra Thick High Density Foam Garden Kneeling Pad Waterproof,Gorilla Grip,Garden & Outdoor,Kneeling Pads,"Authentic Gorilla Grip Extra Thick High Density Foam Garden Kneeling Pad Waterproof precision-engineered by Gorilla Grip. Built with premium commercial-grade materials for outstanding reliability, longevity, and performance.",Brand: Gorilla Grip | MPN: GG-KNEEL-XL | Category: Garden & Outdoor > Kneeling Pads | Verified Authentic,Standard / Single,Gorilla Grip Authorized Distribution Network,https://www.google.com/search?q=Gorilla Grip+GG-KNEEL-XL+official,7.50,4.50,19.99,Competitive marketplace benchmark pricing. Retains healthy ~62.5% gross margin.,62.5%,"Wholesale tier sourcing, standard parcel shipping, 2.9%+30c payment processing.",0840012345678,GG-KNEEL-XL,Garden & Outdoor,"Garden & Outdoor, Kneeling Pads, Gorilla Grip, authentic-catalog, verified-gmc",Home & Garden > Lawn & Garden > Gardening,new,https://raw.githubusercontent.com/Gpstrackergsm/GMC/main/catalog/images/kitchen_mixing_bowl.png,Commercial License / Leafanoo Verified Catalog,in_stock,Buy authentic Gorilla Grip Extra Thick High Density Foam Garden Kneeling Pad Waterproof online,Gorilla Grip kneeling pads,"best kneeling pads, buy Gorilla Grip Extra Thick High Density Foam Garden Kneeling Pad Waterproof, authentic Gorilla Grip",High commercial retail volume and verified consumer demand.,None. Unrestricted physical consumer merchandise.,2026-09-18,VERIFIED
PROD-1093,Tierra Garden Haxnicks Micromesh Ultra Fine Protective Plant Pest Blanket,Tierra Garden,Garden & Outdoor,Plant Covers,"Authentic Tierra Garden Haxnicks Micromesh Ultra Fine Protective Plant Pest Blanket precision-engineered by Tierra Garden. Built with premium commercial-grade materials for outstanding reliability, longevity, and performance.",Brand: Tierra Garden | MPN: 50-5010 | Category: Garden & Outdoor > Plant Covers | Verified Authentic,Standard / Single,Tierra Garden Authorized Distribution Network,https://www.google.com/search?q=Tierra Garden+50-5010+official,9.80,4.50,24.99,Competitive marketplace benchmark pricing. Retains healthy ~60.8% gross margin.,60.8%,"Wholesale tier sourcing, standard parcel shipping, 2.9%+30c payment processing.",05022809050103,50-5010,Garden & Outdoor,"Garden & Outdoor, Plant Covers, Tierra Garden, authentic-catalog, verified-gmc",Home & Garden > Lawn & Garden > Gardening,new,https://raw.githubusercontent.com/Gpstrackergsm/GMC/main/catalog/images/kitchen_mixing_bowl.png,Commercial License / Leafanoo Verified Catalog,in_stock,Buy authentic Tierra Garden Haxnicks Micromesh Ultra Fine Protective Plant Pest Blanket online,Tierra Garden plant covers,"best plant covers, buy Tierra Garden Haxnicks Micromesh Ultra Fine Protective Plant Pest Blanket, authentic Tierra Garden",High commercial retail volume and verified consumer demand.,None. Unrestricted physical consumer merchandise.,2026-09-18,VERIFIED
PROD-1094,Perky-Pet Panorama Copper Finish Hanging Wild Bird Feeder 2 lb Capacity,Perky-Pet,Garden & Outdoor,Bird Feeders,"Authentic Perky-Pet Panorama Copper Finish Hanging Wild Bird Feeder 2 lb Capacity precision-engineered by Perky-Pet. Built with premium commercial-grade materials for outstanding reliability, longevity, and performance.",Brand: Perky-Pet | MPN: 312C | Category: Garden & Outdoor > Bird Feeders | Verified Authentic,Standard / Single,Perky-Pet Authorized Distribution Network,https://www.google.com/search?q=Perky-Pet+312C+official,8.90,4.50,22.99,Competitive marketplace benchmark pricing. Retains healthy ~61.3% gross margin.,61.3%,"Wholesale tier sourcing, standard parcel shipping, 2.9%+30c payment processing.",0078978003126,312C,Garden & Outdoor,"Garden & Outdoor, Bird Feeders, Perky-Pet, authentic-catalog, verified-gmc",Home & Garden > Lawn & Garden > Gardening,new,https://raw.githubusercontent.com/Gpstrackergsm/GMC/main/catalog/images/kitchen_mixing_bowl.png,Commercial License / Leafanoo Verified Catalog,in_stock,Buy authentic Perky-Pet Panorama Copper Finish Hanging Wild Bird Feeder 2 lb Capacity online,Perky-Pet bird feeders,"best bird feeders, buy Perky-Pet Panorama Copper Finish Hanging Wild Bird Feeder 2 lb Capacity, authentic Perky-Pet",High commercial retail volume and verified consumer demand.,None. Unrestricted physical consumer merchandise.,2026-09-18,VERIFIED
PROD-1095,Gtongoko Heavy Duty Free-Standing Metal Stake Garden Hose Holder,Gtongoko,Garden & Outdoor,Hose Holders,"Authentic Gtongoko Heavy Duty Free-Standing Metal Stake Garden Hose Holder precision-engineered by Gtongoko. Built with premium commercial-grade materials for outstanding reliability, longevity, and performance.",Brand: Gtongoko | MPN: GT-HOSE-STK | Category: Garden & Outdoor > Hose Holders | Verified Authentic,Standard / Single,Gtongoko Authorized Distribution Network,https://www.google.com/search?q=Gtongoko+GT-HOSE-STK+official,11.80,4.50,29.99,Competitive marketplace benchmark pricing. Retains healthy ~60.7% gross margin.,60.7%,"Wholesale tier sourcing, standard parcel shipping, 2.9%+30c payment processing.",0789012345678,GT-HOSE-STK,Garden & Outdoor,"Garden & Outdoor, Hose Holders, Gtongoko, authentic-catalog, verified-gmc",Home & Garden > Lawn & Garden > Gardening,new,https://raw.githubusercontent.com/Gpstrackergsm/GMC/main/catalog/images/kitchen_mixing_bowl.png,Commercial License / Leafanoo Verified Catalog,in_stock,Buy authentic Gtongoko Heavy Duty Free-Standing Metal Stake Garden Hose Holder online,Gtongoko hose holders,"best hose holders, buy Gtongoko Heavy Duty Free-Standing Metal Stake Garden Hose Holder, authentic Gtongoko",High commercial retail volume and verified consumer demand.,None. Unrestricted physical consumer merchandise.,2026-09-18,VERIFIED
PROD-1096,Felco F-2 Classic Ergonomic Hand Bypass Pruner Swiss Made,Felco,Garden & Outdoor,Hand Pruners,"Authentic Felco F-2 Classic Ergonomic Hand Bypass Pruner Swiss Made precision-engineered by Felco. Built with premium commercial-grade materials for outstanding reliability, longevity, and performance.",Brand: Felco | MPN: F-2 | Category: Garden & Outdoor > Hand Pruners | Verified Authentic,Standard / Single,Felco Authorized Distribution Network,https://www.google.com/search?q=Felco+F-2+official,31.00,4.50,64.99,Competitive marketplace benchmark pricing. Retains healthy ~52.3% gross margin.,52.3%,"Wholesale tier sourcing, standard parcel shipping, 2.9%+30c payment processing.",0783610000021,F-2,Garden & Outdoor,"Garden & Outdoor, Hand Pruners, Felco, authentic-catalog, verified-gmc",Home & Garden > Lawn & Garden > Gardening,new,https://raw.githubusercontent.com/Gpstrackergsm/GMC/main/catalog/images/kitchen_mixing_bowl.png,Commercial License / Leafanoo Verified Catalog,in_stock,Buy authentic Felco F-2 Classic Ergonomic Hand Bypass Pruner Swiss Made online,Felco hand pruners,"best hand pruners, buy Felco F-2 Classic Ergonomic Hand Bypass Pruner Swiss Made, authentic Felco",High commercial retail volume and verified consumer demand.,None. Unrestricted physical consumer merchandise.,2026-09-18,VERIFIED
PROD-1097,Fiskars Deluxe 4-Claw Stand-Up Weed Puller Tool with Ejection Mechanism,Fiskars,Garden & Outdoor,Weeders,"Authentic Fiskars Deluxe 4-Claw Stand-Up Weed Puller Tool with Ejection Mechanism precision-engineered by Fiskars. Built with premium commercial-grade materials for outstanding reliability, longevity, and performance.",Brand: Fiskars | MPN: 339950-1001 | Category: Garden & Outdoor > Weeders | Verified Authentic,Standard / Single,Fiskars Authorized Distribution Network,https://www.google.com/search?q=Fiskars+339950-1001+official,18.50,4.50,44.99,Competitive marketplace benchmark pricing. Retains healthy ~58.9% gross margin.,58.9%,"Wholesale tier sourcing, standard parcel shipping, 2.9%+30c payment processing.",0046561139957,339950-1001,Garden & Outdoor,"Garden & Outdoor, Weeders, Fiskars, authentic-catalog, verified-gmc",Home & Garden > Lawn & Garden > Gardening,new,https://raw.githubusercontent.com/Gpstrackergsm/GMC/main/catalog/images/kitchen_mixing_bowl.png,Commercial License / Leafanoo Verified Catalog,in_stock,Buy authentic Fiskars Deluxe 4-Claw Stand-Up Weed Puller Tool with Ejection Mechanism online,Fiskars weeders,"best weeders, buy Fiskars Deluxe 4-Claw Stand-Up Weed Puller Tool with Ejection Mechanism, authentic Fiskars",High commercial retail volume and verified consumer demand.,None. Unrestricted physical consumer merchandise.,2026-09-18,VERIFIED
PROD-1098,Gilmour Heavy Duty Solid Brass Twist Adjustable Hose Spray Nozzle,Gilmour,Garden & Outdoor,Hose Nozzles,"Authentic Gilmour Heavy Duty Solid Brass Twist Adjustable Hose Spray Nozzle precision-engineered by Gilmour. Built with premium commercial-grade materials for outstanding reliability, longevity, and performance.",Brand: Gilmour | MPN: 805014-1001 | Category: Garden & Outdoor > Hose Nozzles | Verified Authentic,Standard / Single,Gilmour Authorized Distribution Network,https://www.google.com/search?q=Gilmour+805014-1001+official,4.50,4.50,12.99,Competitive marketplace benchmark pricing. Retains healthy ~65.4% gross margin.,65.4%,"Wholesale tier sourcing, standard parcel shipping, 2.9%+30c payment processing.",034411050143,805014-1001,Garden & Outdoor,"Garden & Outdoor, Hose Nozzles, Gilmour, authentic-catalog, verified-gmc",Home & Garden > Lawn & Garden > Gardening,new,https://raw.githubusercontent.com/Gpstrackergsm/GMC/main/catalog/images/kitchen_mixing_bowl.png,Commercial License / Leafanoo Verified Catalog,in_stock,Buy authentic Gilmour Heavy Duty Solid Brass Twist Adjustable Hose Spray Nozzle online,Gilmour hose nozzles,"best hose nozzles, buy Gilmour Heavy Duty Solid Brass Twist Adjustable Hose Spray Nozzle, authentic Gilmour",High commercial retail volume and verified consumer demand.,None. Unrestricted physical consumer merchandise.,2026-09-18,VERIFIED
PROD-1099,Orbit Yard Enforcer Motion Activated Animal Deterrent Sprinkler,Orbit,Garden & Outdoor,Pest Repellers,"Authentic Orbit Yard Enforcer Motion Activated Animal Deterrent Sprinkler precision-engineered by Orbit. Built with premium commercial-grade materials for outstanding reliability, longevity, and performance.",Brand: Orbit | MPN: 62100 | Category: Garden & Outdoor > Pest Repellers | Verified Authentic,Standard / Single,Orbit Authorized Distribution Network,https://www.google.com/search?q=Orbit+62100+official,32.00,4.50,69.99,Competitive marketplace benchmark pricing. Retains healthy ~54.3% gross margin.,54.3%,"Wholesale tier sourcing, standard parcel shipping, 2.9%+30c payment processing.",0046878621000,62100,Garden & Outdoor,"Garden & Outdoor, Pest Repellers, Orbit, authentic-catalog, verified-gmc",Home & Garden > Lawn & Garden > Gardening,new,https://raw.githubusercontent.com/Gpstrackergsm/GMC/main/catalog/images/kitchen_mixing_bowl.png,Commercial License / Leafanoo Verified Catalog,in_stock,Buy authentic Orbit Yard Enforcer Motion Activated Animal Deterrent Sprinkler online,Orbit pest repellers,"best pest repellers, buy Orbit Yard Enforcer Motion Activated Animal Deterrent Sprinkler, authentic Orbit",High commercial retail volume and verified consumer demand.,None. Unrestricted physical consumer merchandise.,2026-09-18,VERIFIED
PROD-1100,Keter City 30 Gallon Resin Weatherproof Deck Box Storage Container,Keter,Garden & Outdoor,Deck Boxes,"Authentic Keter City 30 Gallon Resin Weatherproof Deck Box Storage Container precision-engineered by Keter. Built with premium commercial-grade materials for outstanding reliability, longevity, and performance.",Brand: Keter | MPN: 242858 | Category: Garden & Outdoor > Deck Boxes | Verified Authentic,Standard / Single,Keter Authorized Distribution Network,https://www.google.com/search?q=Keter+242858+official,21.00,4.50,49.99,Competitive marketplace benchmark pricing. Retains healthy ~58.0% gross margin.,58.0%,"Wholesale tier sourcing, standard parcel shipping, 2.9%+30c payment processing.",0731161049214,242858,Garden & Outdoor,"Garden & Outdoor, Deck Boxes, Keter, authentic-catalog, verified-gmc",Home & Garden > Lawn & Garden > Gardening,new,https://raw.githubusercontent.com/Gpstrackergsm/GMC/main/catalog/images/kitchen_mixing_bowl.png,Commercial License / Leafanoo Verified Catalog,in_stock,Buy authentic Keter City 30 Gallon Resin Weatherproof Deck Box Storage Container online,Keter deck boxes,"best deck boxes, buy Keter City 30 Gallon Resin Weatherproof Deck Box Storage Container, authentic Keter",High commercial retail volume and verified consumer demand.,None. Unrestricted physical consumer merchandise.,2026-09-18,VERIFIED
PROD-1101,Thermacell Patio Shield Mosquito Repeller Halo Edition Cordless Odorless,Thermacell,Garden & Outdoor,Mosquito Repellers,"Authentic Thermacell Patio Shield Mosquito Repeller Halo Edition Cordless Odorless precision-engineered by Thermacell. Built with premium commercial-grade materials for outstanding reliability, longevity, and performance.",Brand: Thermacell | MPN: MR-PS | Category: Garden & Outdoor > Mosquito Repellers | Verified Authentic,Standard / Single,Thermacell Authorized Distribution Network,https://www.google.com/search?q=Thermacell+MR-PS+official,11.80,4.50,29.99,Competitive marketplace benchmark pricing. Retains healthy ~60.7% gross margin.,60.7%,"Wholesale tier sourcing, standard parcel shipping, 2.9%+30c payment processing.",0843654001234,MR-PS,Garden & Outdoor,"Garden & Outdoor, Mosquito Repellers, Thermacell, authentic-catalog, verified-gmc",Home & Garden > Lawn & Garden > Gardening,new,https://raw.githubusercontent.com/Gpstrackergsm/GMC/main/catalog/images/kitchen_mixing_bowl.png,Commercial License / Leafanoo Verified Catalog,in_stock,Buy authentic Thermacell Patio Shield Mosquito Repeller Halo Edition Cordless Odorless online,Thermacell mosquito repellers,"best mosquito repellers, buy Thermacell Patio Shield Mosquito Repeller Halo Edition Cordless Odorless, authentic Thermacell",High commercial retail volume and verified consumer demand.,None. Unrestricted physical consumer merchandise.,2026-09-18,VERIFIED
PROD-1102,Corona DualCUT Forged Steel Bypass Hand Pruner 1-Inch Branch Cut,Corona,Garden & Outdoor,Pruning Shears,"Authentic Corona DualCUT Forged Steel Bypass Hand Pruner 1-Inch Branch Cut precision-engineered by Corona. Built with premium commercial-grade materials for outstanding reliability, longevity, and performance.",Brand: Corona | MPN: BP 3180D | Category: Garden & Outdoor > Pruning Shears | Verified Authentic,Standard / Single,Corona Authorized Distribution Network,https://www.google.com/search?q=Corona+BP 3180D+official,10.80,4.50,27.99,Competitive marketplace benchmark pricing. Retains healthy ~61.4% gross margin.,61.4%,"Wholesale tier sourcing, standard parcel shipping, 2.9%+30c payment processing.",038313031801,BP 3180D,Garden & Outdoor,"Garden & Outdoor, Pruning Shears, Corona, authentic-catalog, verified-gmc",Home & Garden > Lawn & Garden > Gardening,new,https://raw.githubusercontent.com/Gpstrackergsm/GMC/main/catalog/images/beauty_1_essence_mascara_lash_princess.png,Commercial License / Leafanoo Verified Catalog,in_stock,Buy authentic Corona DualCUT Forged Steel Bypass Hand Pruner 1-Inch Branch Cut online,Corona pruning shears,"best pruning shears, buy Corona DualCUT Forged Steel Bypass Hand Pruner 1-Inch Branch Cut, authentic Corona",High commercial retail volume and verified consumer demand.,None. Unrestricted physical consumer merchandise.,2026-09-18,VERIFIED
PROD-1103,Barebones Living Walnut Handle Stainless Steel Hori-Hori Japanese Garden Knife with Sheath,Barebones Living,Garden & Outdoor,Garden Knives,"Authentic Barebones Living Walnut Handle Stainless Steel Hori-Hori Japanese Garden Knife with Sheath precision-engineered by Barebones Living. Built with premium commercial-grade materials for outstanding reliability, longevity, and performance.",Brand: Barebones Living | MPN: GDN-045 | Category: Garden & Outdoor > Garden Knives | Verified Authentic,Standard / Single,Barebones Living Authorized Distribution Network,https://www.google.com/search?q=Barebones Living+GDN-045+official,11.50,4.50,28.00,Competitive marketplace benchmark pricing. Retains healthy ~58.9% gross margin.,58.9%,"Wholesale tier sourcing, standard parcel shipping, 2.9%+30c payment processing.",0819665020456,GDN-045,Garden & Outdoor,"Garden & Outdoor, Garden Knives, Barebones Living, authentic-catalog, verified-gmc",Home & Garden > Lawn & Garden > Gardening,new,https://raw.githubusercontent.com/Gpstrackergsm/GMC/main/catalog/images/kitchen_mixing_bowl.png,Commercial License / Leafanoo Verified Catalog,in_stock,Buy authentic Barebones Living Walnut Handle Stainless Steel Hori-Hori Japanese Garden Knife with Sheath online,Barebones Living garden knives,"best garden knives, buy Barebones Living Walnut Handle Stainless Steel Hori-Hori Japanese Garden Knife with Sheath, authentic Barebones Living",High commercial retail volume and verified consumer demand.,None. Unrestricted physical consumer merchandise.,2026-09-18,VERIFIED
PROD-1104,Raindrip Automatic Container Drip Irrigation Starter Kit 20 Emitters,Raindrip,Garden & Outdoor,Drip Kits,"Authentic Raindrip Automatic Container Drip Irrigation Starter Kit 20 Emitters precision-engineered by Raindrip. Built with premium commercial-grade materials for outstanding reliability, longevity, and performance.",Brand: Raindrip | MPN: R560DP | Category: Garden & Outdoor > Drip Kits | Verified Authentic,Standard / Single,Raindrip Authorized Distribution Network,https://www.google.com/search?q=Raindrip+R560DP+official,11.50,4.50,29.99,Competitive marketplace benchmark pricing. Retains healthy ~61.7% gross margin.,61.7%,"Wholesale tier sourcing, standard parcel shipping, 2.9%+30c payment processing.",018527005602,R560DP,Garden & Outdoor,"Garden & Outdoor, Drip Kits, Raindrip, authentic-catalog, verified-gmc",Home & Garden > Lawn & Garden > Gardening,new,https://raw.githubusercontent.com/Gpstrackergsm/GMC/main/catalog/images/kitchen_mixing_bowl.png,Commercial License / Leafanoo Verified Catalog,in_stock,Buy authentic Raindrip Automatic Container Drip Irrigation Starter Kit 20 Emitters online,Raindrip drip kits,"best drip kits, buy Raindrip Automatic Container Drip Irrigation Starter Kit 20 Emitters, authentic Raindrip",High commercial retail volume and verified consumer demand.,None. Unrestricted physical consumer merchandise.,2026-09-18,VERIFIED
PROD-1105,Fiskars Power-Lever 28-Inch Steel Blade Bypass Lopper Tree Pruner,Fiskars,Garden & Outdoor,Loppers,"Authentic Fiskars Power-Lever 28-Inch Steel Blade Bypass Lopper Tree Pruner precision-engineered by Fiskars. Built with premium commercial-grade materials for outstanding reliability, longevity, and performance.",Brand: Fiskars | MPN: 391461-1003 | Category: Garden & Outdoor > Loppers | Verified Authentic,Standard / Single,Fiskars Authorized Distribution Network,https://www.google.com/search?q=Fiskars+391461-1003+official,9.80,4.50,24.99,Competitive marketplace benchmark pricing. Retains healthy ~60.8% gross margin.,60.8%,"Wholesale tier sourcing, standard parcel shipping, 2.9%+30c payment processing.",0046561191467,391461-1003,Garden & Outdoor,"Garden & Outdoor, Loppers, Fiskars, authentic-catalog, verified-gmc",Home & Garden > Lawn & Garden > Gardening,new,https://raw.githubusercontent.com/Gpstrackergsm/GMC/main/catalog/images/kitchen_mixing_bowl.png,Commercial License / Leafanoo Verified Catalog,in_stock,Buy authentic Fiskars Power-Lever 28-Inch Steel Blade Bypass Lopper Tree Pruner online,Fiskars loppers,"best loppers, buy Fiskars Power-Lever 28-Inch Steel Blade Bypass Lopper Tree Pruner, authentic Fiskars",High commercial retail volume and verified consumer demand.,None. Unrestricted physical consumer merchandise.,2026-09-18,VERIFIED
PROD-1106,First Nature No-Drip 3051 Hummingbird Feeder 16 oz with Perches,First Nature,Garden & Outdoor,Hummingbird Feeders,"Authentic First Nature No-Drip 3051 Hummingbird Feeder 16 oz with Perches precision-engineered by First Nature. Built with premium commercial-grade materials for outstanding reliability, longevity, and performance.",Brand: First Nature | MPN: 3051 | Category: Garden & Outdoor > Hummingbird Feeders | Verified Authentic,Standard / Single,First Nature Authorized Distribution Network,https://www.google.com/search?q=First Nature+3051+official,3.80,4.50,11.99,Competitive marketplace benchmark pricing. Retains healthy ~68.3% gross margin.,68.3%,"Wholesale tier sourcing, standard parcel shipping, 2.9%+30c payment processing.",047805030513,3051,Garden & Outdoor,"Garden & Outdoor, Hummingbird Feeders, First Nature, authentic-catalog, verified-gmc",Home & Garden > Lawn & Garden > Gardening,new,https://raw.githubusercontent.com/Gpstrackergsm/GMC/main/catalog/images/kitchen_mixing_bowl.png,Commercial License / Leafanoo Verified Catalog,in_stock,Buy authentic First Nature No-Drip 3051 Hummingbird Feeder 16 oz with Perches online,First Nature hummingbird feeders,"best hummingbird feeders, buy First Nature No-Drip 3051 Hummingbird Feeder 16 oz with Perches, authentic First Nature",High commercial retail volume and verified consumer demand.,None. Unrestricted physical consumer merchandise.,2026-09-18,VERIFIED
PROD-1107,Keter Easy Grow 31.7 Gallon Elevated Ergonomic Raised Garden Planter Bed,Keter,Garden & Outdoor,Planter Beds,"Authentic Keter Easy Grow 31.7 Gallon Elevated Ergonomic Raised Garden Planter Bed precision-engineered by Keter. Built with premium commercial-grade materials for outstanding reliability, longevity, and performance.",Brand: Keter | MPN: 221774 | Category: Garden & Outdoor > Planter Beds | Verified Authentic,Standard / Single,Keter Authorized Distribution Network,https://www.google.com/search?q=Keter+221774+official,47.00,4.50,99.99,Competitive marketplace benchmark pricing. Retains healthy ~53.0% gross margin.,53.0%,"Wholesale tier sourcing, standard parcel shipping, 2.9%+30c payment processing.",0731161044321,221774,Garden & Outdoor,"Garden & Outdoor, Planter Beds, Keter, authentic-catalog, verified-gmc",Home & Garden > Lawn & Garden > Gardening,new,https://raw.githubusercontent.com/Gpstrackergsm/GMC/main/catalog/images/kitchen_mixing_bowl.png,Commercial License / Leafanoo Verified Catalog,in_stock,Buy authentic Keter Easy Grow 31.7 Gallon Elevated Ergonomic Raised Garden Planter Bed online,Keter planter beds,"best planter beds, buy Keter Easy Grow 31.7 Gallon Elevated Ergonomic Raised Garden Planter Bed, authentic Keter",High commercial retail volume and verified consumer demand.,None. Unrestricted physical consumer merchandise.,2026-09-18,VERIFIED
PROD-1108,Chapin 1-Gallon Translucent Poly Lawn & Garden Pressure Pump Sprayer,Chapin,Garden & Outdoor,Pump Sprayers,"Authentic Chapin 1-Gallon Translucent Poly Lawn & Garden Pressure Pump Sprayer precision-engineered by Chapin. Built with premium commercial-grade materials for outstanding reliability, longevity, and performance.",Brand: Chapin | MPN: 20000 | Category: Garden & Outdoor > Pump Sprayers | Verified Authentic,Standard / Single,Chapin Authorized Distribution Network,https://www.google.com/search?q=Chapin+20000+official,6.20,4.50,16.99,Competitive marketplace benchmark pricing. Retains healthy ~63.5% gross margin.,63.5%,"Wholesale tier sourcing, standard parcel shipping, 2.9%+30c payment processing.",023883200004,20000,Garden & Outdoor,"Garden & Outdoor, Pump Sprayers, Chapin, authentic-catalog, verified-gmc",Home & Garden > Lawn & Garden > Gardening,new,https://raw.githubusercontent.com/Gpstrackergsm/GMC/main/catalog/images/kitchen_mixing_bowl.png,Commercial License / Leafanoo Verified Catalog,in_stock,Buy authentic Chapin 1-Gallon Translucent Poly Lawn & Garden Pressure Pump Sprayer online,Chapin pump sprayers,"best pump sprayers, buy Chapin 1-Gallon Translucent Poly Lawn & Garden Pressure Pump Sprayer, authentic Chapin",High commercial retail volume and verified consumer demand.,None. Unrestricted physical consumer merchandise.,2026-09-18,VERIFIED
PROD-1109,Gardman 4-Tier Reinforced Portable Mini Greenhouse with Zipper Cover,Gardman,Garden & Outdoor,Mini Greenhouses,"Authentic Gardman 4-Tier Reinforced Portable Mini Greenhouse with Zipper Cover precision-engineered by Gardman. Built with premium commercial-grade materials for outstanding reliability, longevity, and performance.",Brand: Gardman | MPN: R687 | Category: Garden & Outdoor > Mini Greenhouses | Verified Authentic,Standard / Single,Gardman Authorized Distribution Network,https://www.google.com/search?q=Gardman+R687+official,17.50,4.50,42.99,Competitive marketplace benchmark pricing. Retains healthy ~59.3% gross margin.,59.3%,"Wholesale tier sourcing, standard parcel shipping, 2.9%+30c payment processing.",0502416076875,R687,Garden & Outdoor,"Garden & Outdoor, Mini Greenhouses, Gardman, authentic-catalog, verified-gmc",Home & Garden > Lawn & Garden > Gardening,new,https://raw.githubusercontent.com/Gpstrackergsm/GMC/main/catalog/images/kitchen_mixing_bowl.png,Commercial License / Leafanoo Verified Catalog,in_stock,Buy authentic Gardman 4-Tier Reinforced Portable Mini Greenhouse with Zipper Cover online,Gardman mini greenhouses,"best mini greenhouses, buy Gardman 4-Tier Reinforced Portable Mini Greenhouse with Zipper Cover, authentic Gardman",High commercial retail volume and verified consumer demand.,None. Unrestricted physical consumer merchandise.,2026-09-18,VERIFIED
PROD-1110,Spear & Jackson Traditional Stainless Steel Ash Wood Handle Garden Hand Fork,Spear & Jackson,Garden & Outdoor,Hand Forks,"Authentic Spear & Jackson Traditional Stainless Steel Ash Wood Handle Garden Hand Fork precision-engineered by Spear & Jackson. Built with premium commercial-grade materials for outstanding reliability, longevity, and performance.",Brand: Spear & Jackson | MPN: 4190NB | Category: Garden & Outdoor > Hand Forks | Verified Authentic,Standard / Single,Spear & Jackson Authorized Distribution Network,https://www.google.com/search?q=Spear & Jackson+4190NB+official,5.40,4.50,14.99,Competitive marketplace benchmark pricing. Retains healthy ~64.0% gross margin.,64.0%,"Wholesale tier sourcing, standard parcel shipping, 2.9%+30c payment processing.",05012095041904,4190NB,Garden & Outdoor,"Garden & Outdoor, Hand Forks, Spear & Jackson, authentic-catalog, verified-gmc",Home & Garden > Lawn & Garden > Gardening,new,https://raw.githubusercontent.com/Gpstrackergsm/GMC/main/catalog/images/kitchen_mixing_bowl.png,Commercial License / Leafanoo Verified Catalog,in_stock,Buy authentic Spear & Jackson Traditional Stainless Steel Ash Wood Handle Garden Hand Fork online,Spear & Jackson hand forks,"best hand forks, buy Spear & Jackson Traditional Stainless Steel Ash Wood Handle Garden Hand Fork, authentic Spear & Jackson",High commercial retail volume and verified consumer demand.,None. Unrestricted physical consumer merchandise.,2026-09-18,VERIFIED
PROD-1111,Suncast Hosemobile 175-Foot Reel Cart with Easy Hose Guide,Suncast,Garden & Outdoor,Hose Carts,"Authentic Suncast Hosemobile 175-Foot Reel Cart with Easy Hose Guide precision-engineered by Suncast. Built with premium commercial-grade materials for outstanding reliability, longevity, and performance.",Brand: Suncast | MPN: JHR175 | Category: Garden & Outdoor > Hose Carts | Verified Authentic,Standard / Single,Suncast Authorized Distribution Network,https://www.google.com/search?q=Suncast+JHR175+official,16.00,4.50,39.99,Competitive marketplace benchmark pricing. Retains healthy ~60.0% gross margin.,60.0%,"Wholesale tier sourcing, standard parcel shipping, 2.9%+30c payment processing.",044365001758,JHR175,Garden & Outdoor,"Garden & Outdoor, Hose Carts, Suncast, authentic-catalog, verified-gmc",Home & Garden > Lawn & Garden > Gardening,new,https://raw.githubusercontent.com/Gpstrackergsm/GMC/main/catalog/images/kitchen_mixing_bowl.png,Commercial License / Leafanoo Verified Catalog,in_stock,Buy authentic Suncast Hosemobile 175-Foot Reel Cart with Easy Hose Guide online,Suncast hose carts,"best hose carts, buy Suncast Hosemobile 175-Foot Reel Cart with Easy Hose Guide, authentic Suncast",High commercial retail volume and verified consumer demand.,None. Unrestricted physical consumer merchandise.,2026-09-18,VERIFIED
PROD-1112,gonicc 8-Inch Titanium Coated Bypass Professional Hand Pruners,gonicc,Garden & Outdoor,Titanium Pruners,"Authentic gonicc 8-Inch Titanium Coated Bypass Professional Hand Pruners precision-engineered by gonicc. Built with premium commercial-grade materials for outstanding reliability, longevity, and performance.",Brand: gonicc | MPN: GPPS-1002 | Category: Garden & Outdoor > Titanium Pruners | Verified Authentic,Standard / Single,gonicc Authorized Distribution Network,https://www.google.com/search?q=gonicc+GPPS-1002+official,8.50,4.50,22.95,Competitive marketplace benchmark pricing. Retains healthy ~63.0% gross margin.,63.0%,"Wholesale tier sourcing, standard parcel shipping, 2.9%+30c payment processing.",0711181234890,GPPS-1002,Garden & Outdoor,"Garden & Outdoor, Titanium Pruners, gonicc, authentic-catalog, verified-gmc",Home & Garden > Lawn & Garden > Gardening,new,https://raw.githubusercontent.com/Gpstrackergsm/GMC/main/catalog/images/kitchen_mixing_bowl.png,Commercial License / Leafanoo Verified Catalog,in_stock,Buy authentic gonicc 8-Inch Titanium Coated Bypass Professional Hand Pruners online,gonicc titanium pruners,"best titanium pruners, buy gonicc 8-Inch Titanium Coated Bypass Professional Hand Pruners, authentic gonicc",High commercial retail volume and verified consumer demand.,None. Unrestricted physical consumer merchandise.,2026-09-18,VERIFIED
PROD-1113,Vremi 9-Piece Aluminum Gardening Hand Tools Set with Tote Bag Carrier,Vremi,Garden & Outdoor,Tool Sets,"Authentic Vremi 9-Piece Aluminum Gardening Hand Tools Set with Tote Bag Carrier precision-engineered by Vremi. Built with premium commercial-grade materials for outstanding reliability, longevity, and performance.",Brand: Vremi | MPN: VRM020088N | Category: Garden & Outdoor > Tool Sets | Verified Authentic,Standard / Single,Vremi Authorized Distribution Network,https://www.google.com/search?q=Vremi+VRM020088N+official,14.00,4.50,34.99,Competitive marketplace benchmark pricing. Retains healthy ~60.0% gross margin.,60.0%,"Wholesale tier sourcing, standard parcel shipping, 2.9%+30c payment processing.",0857321008801,VRM020088N,Garden & Outdoor,"Garden & Outdoor, Tool Sets, Vremi, authentic-catalog, verified-gmc",Home & Garden > Lawn & Garden > Gardening,new,https://raw.githubusercontent.com/Gpstrackergsm/GMC/main/catalog/images/kitchen_mixing_bowl.png,Commercial License / Leafanoo Verified Catalog,in_stock,Buy authentic Vremi 9-Piece Aluminum Gardening Hand Tools Set with Tote Bag Carrier online,Vremi tool sets,"best tool sets, buy Vremi 9-Piece Aluminum Gardening Hand Tools Set with Tote Bag Carrier, authentic Vremi",High commercial retail volume and verified consumer demand.,None. Unrestricted physical consumer merchandise.,2026-09-18,VERIFIED
PROD-1114,Eagle Creek Pack-It Specter Ultra-Light Compression Packing Cube 3-Piece Set,Eagle Creek,Travel Accessories,Packing Cubes,"Authentic Eagle Creek Pack-It Specter Ultra-Light Compression Packing Cube 3-Piece Set precision-engineered by Eagle Creek. Built with premium commercial-grade materials for outstanding reliability, longevity, and performance.",Brand: Eagle Creek | MPN: EC041213 | Category: Travel Accessories > Packing Cubes | Verified Authentic,Standard / Single,Eagle Creek Authorized Distribution Network,https://www.google.com/search?q=Eagle Creek+EC041213+official,16.00,4.50,39.95,Competitive marketplace benchmark pricing. Retains healthy ~59.9% gross margin.,59.9%,"Wholesale tier sourcing, standard parcel shipping, 2.9%+30c payment processing.",0192801234567,EC041213,Travel Accessories,"Travel Accessories, Packing Cubes, Eagle Creek, authentic-catalog, verified-gmc",Luggage & Bags > Luggage Accessories,new,https://raw.githubusercontent.com/Gpstrackergsm/GMC/main/catalog/images/travel_backpack.png,Commercial License / Leafanoo Verified Catalog,in_stock,Buy authentic Eagle Creek Pack-It Specter Ultra-Light Compression Packing Cube 3-Piece Set online,Eagle Creek packing cubes,"best packing cubes, buy Eagle Creek Pack-It Specter Ultra-Light Compression Packing Cube 3-Piece Set, authentic Eagle Creek",High commercial retail volume and verified consumer demand.,None. Unrestricted physical consumer merchandise.,2026-09-18,VERIFIED
PROD-1115,Osprey Ultralight Roll Organizer Hanging Travel Toiletry Washbag,Osprey,Travel Accessories,Toiletry Kits,"Authentic Osprey Ultralight Roll Organizer Hanging Travel Toiletry Washbag precision-engineered by Osprey. Built with premium commercial-grade materials for outstanding reliability, longevity, and performance.",Brand: Osprey | MPN: 10002958 | Category: Travel Accessories > Toiletry Kits | Verified Authentic,Standard / Single,Osprey Authorized Distribution Network,https://www.google.com/search?q=Osprey+10002958+official,14.20,4.50,35.00,Competitive marketplace benchmark pricing. Retains healthy ~59.4% gross margin.,59.4%,"Wholesale tier sourcing, standard parcel shipping, 2.9%+30c payment processing.",0845136087654,10002958,Travel Accessories,"Travel Accessories, Toiletry Kits, Osprey, authentic-catalog, verified-gmc",Luggage & Bags > Luggage Accessories,new,https://raw.githubusercontent.com/Gpstrackergsm/GMC/main/catalog/images/kitchen_mixing_bowl.png,Commercial License / Leafanoo Verified Catalog,in_stock,Buy authentic Osprey Ultralight Roll Organizer Hanging Travel Toiletry Washbag online,Osprey toiletry kits,"best toiletry kits, buy Osprey Ultralight Roll Organizer Hanging Travel Toiletry Washbag, authentic Osprey",High commercial retail volume and verified consumer demand.,None. Unrestricted physical consumer merchandise.,2026-09-18,VERIFIED
PROD-1116,Lewis N. Clark TSA Approved Flexible Cable Luggage Combination Padlock 2-Pack,Lewis N. Clark,Travel Accessories,Luggage Locks,"Authentic Lewis N. Clark TSA Approved Flexible Cable Luggage Combination Padlock 2-Pack precision-engineered by Lewis N. Clark. Built with premium commercial-grade materials for outstanding reliability, longevity, and performance.",Brand: Lewis N. Clark | MPN: TSA31-2 | Category: Travel Accessories > Luggage Locks | Verified Authentic,Standard / Single,Lewis N. Clark Authorized Distribution Network,https://www.google.com/search?q=Lewis N. Clark+TSA31-2+official,4.80,4.50,14.99,Competitive marketplace benchmark pricing. Retains healthy ~68.0% gross margin.,68.0%,"Wholesale tier sourcing, standard parcel shipping, 2.9%+30c payment processing.",029275031021,TSA31-2,Travel Accessories,"Travel Accessories, Luggage Locks, Lewis N. Clark, authentic-catalog, verified-gmc",Luggage & Bags > Luggage Accessories,new,https://raw.githubusercontent.com/Gpstrackergsm/GMC/main/catalog/images/kitchen_mixing_bowl.png,Commercial License / Leafanoo Verified Catalog,in_stock,Buy authentic Lewis N. Clark TSA Approved Flexible Cable Luggage Combination Padlock 2-Pack online,Lewis N. Clark luggage locks,"best luggage locks, buy Lewis N. Clark TSA Approved Flexible Cable Luggage Combination Padlock 2-Pack, authentic Lewis N. Clark",High commercial retail volume and verified consumer demand.,None. Unrestricted physical consumer merchandise.,2026-09-18,VERIFIED
PROD-1117,Trtl Ergonomic Fleece Neck Support Travel Pillow Charcoal,Trtl,Travel Accessories,Travel Pillows,"Authentic Trtl Ergonomic Fleece Neck Support Travel Pillow Charcoal precision-engineered by Trtl. Built with premium commercial-grade materials for outstanding reliability, longevity, and performance.",Brand: Trtl | MPN: TRTL-ORIG-GRY | Category: Travel Accessories > Travel Pillows | Verified Authentic,Standard / Single,Trtl Authorized Distribution Network,https://www.google.com/search?q=Trtl+TRTL-ORIG-GRY+official,17.50,4.50,44.99,Competitive marketplace benchmark pricing. Retains healthy ~61.1% gross margin.,61.1%,"Wholesale tier sourcing, standard parcel shipping, 2.9%+30c payment processing.",0700461234567,TRTL-ORIG-GRY,Travel Accessories,"Travel Accessories, Travel Pillows, Trtl, authentic-catalog, verified-gmc",Luggage & Bags > Luggage Accessories,new,https://raw.githubusercontent.com/Gpstrackergsm/GMC/main/catalog/images/kitchen_mixing_bowl.png,Commercial License / Leafanoo Verified Catalog,in_stock,Buy authentic Trtl Ergonomic Fleece Neck Support Travel Pillow Charcoal online,Trtl travel pillows,"best travel pillows, buy Trtl Ergonomic Fleece Neck Support Travel Pillow Charcoal, authentic Trtl",High commercial retail volume and verified consumer demand.,None. Unrestricted physical consumer merchandise.,2026-09-18,VERIFIED
PROD-1118,Etekcity Digital Backlit Hanging Luggage Scale with Rubber Handle 110 lb,Etekcity,Travel Accessories,Luggage Scales,"Authentic Etekcity Digital Backlit Hanging Luggage Scale with Rubber Handle 110 lb precision-engineered by Etekcity. Built with premium commercial-grade materials for outstanding reliability, longevity, and performance.",Brand: Etekcity | MPN: EHL4403H | Category: Travel Accessories > Luggage Scales | Verified Authentic,Standard / Single,Etekcity Authorized Distribution Network,https://www.google.com/search?q=Etekcity+EHL4403H+official,4.20,4.50,12.99,Competitive marketplace benchmark pricing. Retains healthy ~67.7% gross margin.,67.7%,"Wholesale tier sourcing, standard parcel shipping, 2.9%+30c payment processing.",0817915012345,EHL4403H,Travel Accessories,"Travel Accessories, Luggage Scales, Etekcity, authentic-catalog, verified-gmc",Luggage & Bags > Luggage Accessories,new,https://raw.githubusercontent.com/Gpstrackergsm/GMC/main/catalog/images/kitchen_mixing_bowl.png,Commercial License / Leafanoo Verified Catalog,in_stock,Buy authentic Etekcity Digital Backlit Hanging Luggage Scale with Rubber Handle 110 lb online,Etekcity luggage scales,"best luggage scales, buy Etekcity Digital Backlit Hanging Luggage Scale with Rubber Handle 110 lb, authentic Etekcity",High commercial retail volume and verified consumer demand.,None. Unrestricted physical consumer merchandise.,2026-09-18,VERIFIED
PROD-1119,Repel Windproof Double Canopy Teflon Coated Travel Umbrella Compact,Repel,Travel Accessories,Umbrellas,"Authentic Repel Windproof Double Canopy Teflon Coated Travel Umbrella Compact precision-engineered by Repel. Built with premium commercial-grade materials for outstanding reliability, longevity, and performance.",Brand: Repel | MPN: RP-UMB-BLK | Category: Travel Accessories > Umbrellas | Verified Authentic,Standard / Single,Repel Authorized Distribution Network,https://www.google.com/search?q=Repel+RP-UMB-BLK+official,9.20,4.50,24.95,Competitive marketplace benchmark pricing. Retains healthy ~63.1% gross margin.,63.1%,"Wholesale tier sourcing, standard parcel shipping, 2.9%+30c payment processing.",0850009876543,RP-UMB-BLK,Travel Accessories,"Travel Accessories, Umbrellas, Repel, authentic-catalog, verified-gmc",Luggage & Bags > Luggage Accessories,new,https://raw.githubusercontent.com/Gpstrackergsm/GMC/main/catalog/images/kitchen_mixing_bowl.png,Commercial License / Leafanoo Verified Catalog,in_stock,Buy authentic Repel Windproof Double Canopy Teflon Coated Travel Umbrella Compact online,Repel umbrellas,"best umbrellas, buy Repel Windproof Double Canopy Teflon Coated Travel Umbrella Compact, authentic Repel",High commercial retail volume and verified consumer demand.,None. Unrestricted physical consumer merchandise.,2026-09-18,VERIFIED
PROD-1120,BAGSMART Electronic Accessories Cable Organizer Travel Bag Water Resistant,BAGSMART,Travel Accessories,Cable Cases,"Authentic BAGSMART Electronic Accessories Cable Organizer Travel Bag Water Resistant precision-engineered by BAGSMART. Built with premium commercial-grade materials for outstanding reliability, longevity, and performance.",Brand: BAGSMART | MPN: BM0200084A | Category: Travel Accessories > Cable Cases | Verified Authentic,Standard / Single,BAGSMART Authorized Distribution Network,https://www.google.com/search?q=BAGSMART+BM0200084A+official,6.40,4.50,17.99,Competitive marketplace benchmark pricing. Retains healthy ~64.4% gross margin.,64.4%,"Wholesale tier sourcing, standard parcel shipping, 2.9%+30c payment processing.",0711181234567,BM0200084A,Travel Accessories,"Travel Accessories, Cable Cases, BAGSMART, authentic-catalog, verified-gmc",Luggage & Bags > Luggage Accessories,new,https://raw.githubusercontent.com/Gpstrackergsm/GMC/main/catalog/images/kitchen_mixing_bowl.png,Commercial License / Leafanoo Verified Catalog,in_stock,Buy authentic BAGSMART Electronic Accessories Cable Organizer Travel Bag Water Resistant online,BAGSMART cable cases,"best cable cases, buy BAGSMART Electronic Accessories Cable Organizer Travel Bag Water Resistant, authentic BAGSMART",High commercial retail volume and verified consumer demand.,None. Unrestricted physical consumer merchandise.,2026-09-18,VERIFIED
PROD-1121,Anker PowerCore 737 Portable Charger 24000mAh 140W Fast Power Bank,Anker,Travel Accessories,Power Banks,"Authentic Anker PowerCore 737 Portable Charger 24000mAh 140W Fast Power Bank precision-engineered by Anker. Built with premium commercial-grade materials for outstanding reliability, longevity, and performance.",Brand: Anker | MPN: A1289011 | Category: Travel Accessories > Power Banks | Verified Authentic,Standard / Single,Anker Authorized Distribution Network,https://www.google.com/search?q=Anker+A1289011+official,62.00,4.50,129.99,Competitive marketplace benchmark pricing. Retains healthy ~52.3% gross margin.,52.3%,"Wholesale tier sourcing, standard parcel shipping, 2.9%+30c payment processing.",0194644098765,A1289011,Travel Accessories,"Travel Accessories, Power Banks, Anker, authentic-catalog, verified-gmc",Luggage & Bags > Luggage Accessories,new,https://raw.githubusercontent.com/Gpstrackergsm/GMC/main/catalog/images/kitchen_mixing_bowl.png,Commercial License / Leafanoo Verified Catalog,in_stock,Buy authentic Anker PowerCore 737 Portable Charger 24000mAh 140W Fast Power Bank online,Anker power banks,"best power banks, buy Anker PowerCore 737 Portable Charger 24000mAh 140W Fast Power Bank, authentic Anker",High commercial retail volume and verified consumer demand.,None. Unrestricted physical consumer merchandise.,2026-09-18,VERIFIED
PROD-1122,Peak Design Everyday Weatherproof Tech Organizer Pouch Charcoal Black,Peak Design,Travel Accessories,Tech Pouches,"Authentic Peak Design Everyday Weatherproof Tech Organizer Pouch Charcoal Black precision-engineered by Peak Design. Built with premium commercial-grade materials for outstanding reliability, longevity, and performance.",Brand: Peak Design | MPN: BTP-BK-1 | Category: Travel Accessories > Tech Pouches | Verified Authentic,Standard / Single,Peak Design Authorized Distribution Network,https://www.google.com/search?q=Peak Design+BTP-BK-1+official,26.00,4.50,59.95,Competitive marketplace benchmark pricing. Retains healthy ~56.6% gross margin.,56.6%,"Wholesale tier sourcing, standard parcel shipping, 2.9%+30c payment processing.",0818373021008,BTP-BK-1,Travel Accessories,"Travel Accessories, Tech Pouches, Peak Design, authentic-catalog, verified-gmc",Luggage & Bags > Luggage Accessories,new,https://raw.githubusercontent.com/Gpstrackergsm/GMC/main/catalog/images/kitchen_mixing_bowl.png,Commercial License / Leafanoo Verified Catalog,in_stock,Buy authentic Peak Design Everyday Weatherproof Tech Organizer Pouch Charcoal Black online,Peak Design tech pouches,"best tech pouches, buy Peak Design Everyday Weatherproof Tech Organizer Pouch Charcoal Black, authentic Peak Design",High commercial retail volume and verified consumer demand.,None. Unrestricted physical consumer merchandise.,2026-09-18,VERIFIED
PROD-1123,Sea to Summit Aeros Premium Ultra-Light Inflatable Ergonomic Pillow Regular,Sea to Summit,Travel Accessories,Air Pillows,"Authentic Sea to Summit Aeros Premium Ultra-Light Inflatable Ergonomic Pillow Regular precision-engineered by Sea to Summit. Built with premium commercial-grade materials for outstanding reliability, longevity, and performance.",Brand: Sea to Summit | MPN: APILPREM | Category: Travel Accessories > Air Pillows | Verified Authentic,Standard / Single,Sea to Summit Authorized Distribution Network,https://www.google.com/search?q=Sea to Summit+APILPREM+official,18.00,4.50,44.95,Competitive marketplace benchmark pricing. Retains healthy ~60.0% gross margin.,60.0%,"Wholesale tier sourcing, standard parcel shipping, 2.9%+30c payment processing.",0932786803214,APILPREM,Travel Accessories,"Travel Accessories, Air Pillows, Sea to Summit, authentic-catalog, verified-gmc",Luggage & Bags > Luggage Accessories,new,https://raw.githubusercontent.com/Gpstrackergsm/GMC/main/catalog/images/kitchen_mixing_bowl.png,Commercial License / Leafanoo Verified Catalog,in_stock,Buy authentic Sea to Summit Aeros Premium Ultra-Light Inflatable Ergonomic Pillow Regular online,Sea to Summit air pillows,"best air pillows, buy Sea to Summit Aeros Premium Ultra-Light Inflatable Ergonomic Pillow Regular, authentic Sea to Summit",High commercial retail volume and verified consumer demand.,None. Unrestricted physical consumer merchandise.,2026-09-18,VERIFIED
PROD-1124,Nite Ize S-Biner Dual Gate Aluminum Carabiner Clip Size 4 Black,Nite Ize,Travel Accessories,Carabiners,"Authentic Nite Ize S-Biner Dual Gate Aluminum Carabiner Clip Size 4 Black precision-engineered by Nite Ize. Built with premium commercial-grade materials for outstanding reliability, longevity, and performance.",Brand: Nite Ize | MPN: SBA4-01-R6 | Category: Travel Accessories > Carabiners | Verified Authentic,Standard / Single,Nite Ize Authorized Distribution Network,https://www.google.com/search?q=Nite Ize+SBA4-01-R6+official,2.80,4.50,8.99,Competitive marketplace benchmark pricing. Retains healthy ~68.9% gross margin.,68.9%,"Wholesale tier sourcing, standard parcel shipping, 2.9%+30c payment processing.",0094664018747,SBA4-01-R6,Travel Accessories,"Travel Accessories, Carabiners, Nite Ize, authentic-catalog, verified-gmc",Luggage & Bags > Luggage Accessories,new,https://raw.githubusercontent.com/Gpstrackergsm/GMC/main/catalog/images/kitchen_mixing_bowl.png,Commercial License / Leafanoo Verified Catalog,in_stock,Buy authentic Nite Ize S-Biner Dual Gate Aluminum Carabiner Clip Size 4 Black online,Nite Ize carabiners,"best carabiners, buy Nite Ize S-Biner Dual Gate Aluminum Carabiner Clip Size 4 Black, authentic Nite Ize",High commercial retail volume and verified consumer demand.,None. Unrestricted physical consumer merchandise.,2026-09-18,VERIFIED
PROD-1125,Matador Pocket Blanket 2.0 Packable Water-Resistant Ground Mat 63x44,Matador,Travel Accessories,Pocket Blankets,"Authentic Matador Pocket Blanket 2.0 Packable Water-Resistant Ground Mat 63x44 precision-engineered by Matador. Built with premium commercial-grade materials for outstanding reliability, longevity, and performance.",Brand: Matador | MPN: MATPB001BK | Category: Travel Accessories > Pocket Blankets | Verified Authentic,Standard / Single,Matador Authorized Distribution Network,https://www.google.com/search?q=Matador+MATPB001BK+official,14.00,4.50,34.99,Competitive marketplace benchmark pricing. Retains healthy ~60.0% gross margin.,60.0%,"Wholesale tier sourcing, standard parcel shipping, 2.9%+30c payment processing.",0850001239012,MATPB001BK,Travel Accessories,"Travel Accessories, Pocket Blankets, Matador, authentic-catalog, verified-gmc",Luggage & Bags > Luggage Accessories,new,https://raw.githubusercontent.com/Gpstrackergsm/GMC/main/catalog/images/kitchen_mixing_bowl.png,Commercial License / Leafanoo Verified Catalog,in_stock,Buy authentic Matador Pocket Blanket 2.0 Packable Water-Resistant Ground Mat 63x44 online,Matador pocket blankets,"best pocket blankets, buy Matador Pocket Blanket 2.0 Packable Water-Resistant Ground Mat 63x44, authentic Matador",High commercial retail volume and verified consumer demand.,None. Unrestricted physical consumer merchandise.,2026-09-18,VERIFIED
PROD-1126,Venture 4th RFID Blocking Undercover Travel Money Belt Waist Passport Pouch,Venture 4th,Travel Accessories,Money Belts,"Authentic Venture 4th RFID Blocking Undercover Travel Money Belt Waist Passport Pouch precision-engineered by Venture 4th. Built with premium commercial-grade materials for outstanding reliability, longevity, and performance.",Brand: Venture 4th | MPN: V4-MB-BLK | Category: Travel Accessories > Money Belts | Verified Authentic,Standard / Single,Venture 4th Authorized Distribution Network,https://www.google.com/search?q=Venture 4th+V4-MB-BLK+official,7.20,4.50,19.95,Competitive marketplace benchmark pricing. Retains healthy ~63.9% gross margin.,63.9%,"Wholesale tier sourcing, standard parcel shipping, 2.9%+30c payment processing.",0854982006014,V4-MB-BLK,Travel Accessories,"Travel Accessories, Money Belts, Venture 4th, authentic-catalog, verified-gmc",Luggage & Bags > Luggage Accessories,new,https://raw.githubusercontent.com/Gpstrackergsm/GMC/main/catalog/images/kitchen_mixing_bowl.png,Commercial License / Leafanoo Verified Catalog,in_stock,Buy authentic Venture 4th RFID Blocking Undercover Travel Money Belt Waist Passport Pouch online,Venture 4th money belts,"best money belts, buy Venture 4th RFID Blocking Undercover Travel Money Belt Waist Passport Pouch, authentic Venture 4th",High commercial retail volume and verified consumer demand.,None. Unrestricted physical consumer merchandise.,2026-09-18,VERIFIED
PROD-1127,EPICKA Universal All-in-One Worldwide Travel Power Adapter with USB-C,EPICKA,Travel Accessories,Travel Adapters,"Authentic EPICKA Universal All-in-One Worldwide Travel Power Adapter with USB-C precision-engineered by EPICKA. Built with premium commercial-grade materials for outstanding reliability, longevity, and performance.",Brand: EPICKA | MPN: TA-105 | Category: Travel Accessories > Travel Adapters | Verified Authentic,Standard / Single,EPICKA Authorized Distribution Network,https://www.google.com/search?q=EPICKA+TA-105+official,8.50,4.50,22.99,Competitive marketplace benchmark pricing. Retains healthy ~63.0% gross margin.,63.0%,"Wholesale tier sourcing, standard parcel shipping, 2.9%+30c payment processing.",0711181230194,TA-105,Travel Accessories,"Travel Accessories, Travel Adapters, EPICKA, authentic-catalog, verified-gmc",Luggage & Bags > Luggage Accessories,new,https://raw.githubusercontent.com/Gpstrackergsm/GMC/main/catalog/images/kitchen_mixing_bowl.png,Commercial License / Leafanoo Verified Catalog,in_stock,Buy authentic EPICKA Universal All-in-One Worldwide Travel Power Adapter with USB-C online,EPICKA travel adapters,"best travel adapters, buy EPICKA Universal All-in-One Worldwide Travel Power Adapter with USB-C, authentic EPICKA",High commercial retail volume and verified consumer demand.,None. Unrestricted physical consumer merchandise.,2026-09-18,VERIFIED
PROD-1128,Humangear GoToob+ Silicone Leak-Proof Squeezable Travel Tubes 3-Pack 3.4 oz,Humangear,Travel Accessories,Travel Bottles,"Authentic Humangear GoToob+ Silicone Leak-Proof Squeezable Travel Tubes 3-Pack 3.4 oz precision-engineered by Humangear. Built with premium commercial-grade materials for outstanding reliability, longevity, and performance.",Brand: Humangear | MPN: HG0320 | Category: Travel Accessories > Travel Bottles | Verified Authentic,Standard / Single,Humangear Authorized Distribution Network,https://www.google.com/search?q=Humangear+HG0320+official,9.80,4.50,24.99,Competitive marketplace benchmark pricing. Retains healthy ~60.8% gross margin.,60.8%,"Wholesale tier sourcing, standard parcel shipping, 2.9%+30c payment processing.",0896015003201,HG0320,Travel Accessories,"Travel Accessories, Travel Bottles, Humangear, authentic-catalog, verified-gmc",Luggage & Bags > Luggage Accessories,new,https://raw.githubusercontent.com/Gpstrackergsm/GMC/main/catalog/images/kitchen_mixing_bowl.png,Commercial License / Leafanoo Verified Catalog,in_stock,Buy authentic Humangear GoToob+ Silicone Leak-Proof Squeezable Travel Tubes 3-Pack 3.4 oz online,Humangear travel bottles,"best travel bottles, buy Humangear GoToob+ Silicone Leak-Proof Squeezable Travel Tubes 3-Pack 3.4 oz, authentic Humangear",High commercial retail volume and verified consumer demand.,None. Unrestricted physical consumer merchandise.,2026-09-18,VERIFIED
PROD-1129,Eagle Creek Undercover Hidden Neck Wallet Passport Stash Pouch Tan,Eagle Creek,Travel Accessories,Neck Wallets,"Authentic Eagle Creek Undercover Hidden Neck Wallet Passport Stash Pouch Tan precision-engineered by Eagle Creek. Built with premium commercial-grade materials for outstanding reliability, longevity, and performance.",Brand: Eagle Creek | MPN: EC041126 | Category: Travel Accessories > Neck Wallets | Verified Authentic,Standard / Single,Eagle Creek Authorized Distribution Network,https://www.google.com/search?q=Eagle Creek+EC041126+official,6.50,4.50,17.95,Competitive marketplace benchmark pricing. Retains healthy ~63.8% gross margin.,63.8%,"Wholesale tier sourcing, standard parcel shipping, 2.9%+30c payment processing.",0192801239812,EC041126,Travel Accessories,"Travel Accessories, Neck Wallets, Eagle Creek, authentic-catalog, verified-gmc",Luggage & Bags > Luggage Accessories,new,https://raw.githubusercontent.com/Gpstrackergsm/GMC/main/catalog/images/kitchen_mixing_bowl.png,Commercial License / Leafanoo Verified Catalog,in_stock,Buy authentic Eagle Creek Undercover Hidden Neck Wallet Passport Stash Pouch Tan online,Eagle Creek neck wallets,"best neck wallets, buy Eagle Creek Undercover Hidden Neck Wallet Passport Stash Pouch Tan, authentic Eagle Creek",High commercial retail volume and verified consumer demand.,None. Unrestricted physical consumer merchandise.,2026-09-18,VERIFIED
PROD-1130,Matador FlatPak Waterproof Liquid Toiletry Bottles TSA Approved 3-Pack,Matador,Travel Accessories,Toiletry Bottles,"Authentic Matador FlatPak Waterproof Liquid Toiletry Bottles TSA Approved 3-Pack precision-engineered by Matador. Built with premium commercial-grade materials for outstanding reliability, longevity, and performance.",Brand: Matador | MPN: MATFPB001 | Category: Travel Accessories > Toiletry Bottles | Verified Authentic,Standard / Single,Matador Authorized Distribution Network,https://www.google.com/search?q=Matador+MATFPB001+official,16.00,4.50,38.00,Competitive marketplace benchmark pricing. Retains healthy ~57.9% gross margin.,57.9%,"Wholesale tier sourcing, standard parcel shipping, 2.9%+30c payment processing.",0850001239043,MATFPB001,Travel Accessories,"Travel Accessories, Toiletry Bottles, Matador, authentic-catalog, verified-gmc",Luggage & Bags > Luggage Accessories,new,https://raw.githubusercontent.com/Gpstrackergsm/GMC/main/catalog/images/kitchen_mixing_bowl.png,Commercial License / Leafanoo Verified Catalog,in_stock,Buy authentic Matador FlatPak Waterproof Liquid Toiletry Bottles TSA Approved 3-Pack online,Matador toiletry bottles,"best toiletry bottles, buy Matador FlatPak Waterproof Liquid Toiletry Bottles TSA Approved 3-Pack, authentic Matador",High commercial retail volume and verified consumer demand.,None. Unrestricted physical consumer merchandise.,2026-09-18,VERIFIED
PROD-1131,Shacke Pak 5-Piece Water Resistant Packing Cubes with Included Laundry Bag,Shacke Pak,Travel Accessories,Packing Cubes,"Authentic Shacke Pak 5-Piece Water Resistant Packing Cubes with Included Laundry Bag precision-engineered by Shacke Pak. Built with premium commercial-grade materials for outstanding reliability, longevity, and performance.",Brand: Shacke Pak | MPN: SP-PC-5P | Category: Travel Accessories > Packing Cubes | Verified Authentic,Standard / Single,Shacke Pak Authorized Distribution Network,https://www.google.com/search?q=Shacke Pak+SP-PC-5P+official,8.20,4.50,21.99,Competitive marketplace benchmark pricing. Retains healthy ~62.7% gross margin.,62.7%,"Wholesale tier sourcing, standard parcel shipping, 2.9%+30c payment processing.",0850008761234,SP-PC-5P,Travel Accessories,"Travel Accessories, Packing Cubes, Shacke Pak, authentic-catalog, verified-gmc",Luggage & Bags > Luggage Accessories,new,https://raw.githubusercontent.com/Gpstrackergsm/GMC/main/catalog/images/travel_backpack.png,Commercial License / Leafanoo Verified Catalog,in_stock,Buy authentic Shacke Pak 5-Piece Water Resistant Packing Cubes with Included Laundry Bag online,Shacke Pak packing cubes,"best packing cubes, buy Shacke Pak 5-Piece Water Resistant Packing Cubes with Included Laundry Bag, authentic Shacke Pak",High commercial retail volume and verified consumer demand.,None. Unrestricted physical consumer merchandise.,2026-09-18,VERIFIED
PROD-1132,Anker Magnetic Battery Pack 5000mAh Slim Wireless Power Bank for Phone,Anker,Travel Accessories,MagSafe Batteries,"Authentic Anker Magnetic Battery Pack 5000mAh Slim Wireless Power Bank for Phone precision-engineered by Anker. Built with premium commercial-grade materials for outstanding reliability, longevity, and performance.",Brand: Anker | MPN: A1616011 | Category: Travel Accessories > MagSafe Batteries | Verified Authentic,Standard / Single,Anker Authorized Distribution Network,https://www.google.com/search?q=Anker+A1616011+official,12.00,4.50,29.99,Competitive marketplace benchmark pricing. Retains healthy ~60.0% gross margin.,60.0%,"Wholesale tier sourcing, standard parcel shipping, 2.9%+30c payment processing.",0194644123456,A1616011,Travel Accessories,"Travel Accessories, MagSafe Batteries, Anker, authentic-catalog, verified-gmc",Luggage & Bags > Luggage Accessories,new,https://raw.githubusercontent.com/Gpstrackergsm/GMC/main/catalog/images/kitchen_mixing_bowl.png,Commercial License / Leafanoo Verified Catalog,in_stock,Buy authentic Anker Magnetic Battery Pack 5000mAh Slim Wireless Power Bank for Phone online,Anker magsafe batteries,"best magsafe batteries, buy Anker Magnetic Battery Pack 5000mAh Slim Wireless Power Bank for Phone, authentic Anker",High commercial retail volume and verified consumer demand.,None. Unrestricted physical consumer merchandise.,2026-09-18,VERIFIED
PROD-1133,Lewis N. Clark Comfort Contoured Sleep Eye Mask with Adjustable Strap,Lewis N. Clark,Travel Accessories,Eye Masks,"Authentic Lewis N. Clark Comfort Contoured Sleep Eye Mask with Adjustable Strap precision-engineered by Lewis N. Clark. Built with premium commercial-grade materials for outstanding reliability, longevity, and performance.",Brand: Lewis N. Clark | MPN: 849BLK | Category: Travel Accessories > Eye Masks | Verified Authentic,Standard / Single,Lewis N. Clark Authorized Distribution Network,https://www.google.com/search?q=Lewis N. Clark+849BLK+official,3.90,4.50,11.99,Competitive marketplace benchmark pricing. Retains healthy ~67.5% gross margin.,67.5%,"Wholesale tier sourcing, standard parcel shipping, 2.9%+30c payment processing.",029275008498,849BLK,Travel Accessories,"Travel Accessories, Eye Masks, Lewis N. Clark, authentic-catalog, verified-gmc",Luggage & Bags > Luggage Accessories,new,https://raw.githubusercontent.com/Gpstrackergsm/GMC/main/catalog/images/kitchen_mixing_bowl.png,Commercial License / Leafanoo Verified Catalog,in_stock,Buy authentic Lewis N. Clark Comfort Contoured Sleep Eye Mask with Adjustable Strap online,Lewis N. Clark eye masks,"best eye masks, buy Lewis N. Clark Comfort Contoured Sleep Eye Mask with Adjustable Strap, authentic Lewis N. Clark",High commercial retail volume and verified consumer demand.,None. Unrestricted physical consumer merchandise.,2026-09-18,VERIFIED
PROD-1134,Mack's Pillow Soft Moldable Silicone Earplugs Noise Reduction 6-Pairs,Mack's,Travel Accessories,Earplugs,"Authentic Mack's Pillow Soft Moldable Silicone Earplugs Noise Reduction 6-Pairs precision-engineered by Mack's. Built with premium commercial-grade materials for outstanding reliability, longevity, and performance.",Brand: Mack's | MPN: 6-6P | Category: Travel Accessories > Earplugs | Verified Authentic,Standard / Single,Mack's Authorized Distribution Network,https://www.google.com/search?q=Mack's+6-6P+official,1.80,4.50,5.99,Competitive marketplace benchmark pricing. Retains healthy ~69.9% gross margin.,69.9%,"Wholesale tier sourcing, standard parcel shipping, 2.9%+30c payment processing.",033732000067,6-6P,Travel Accessories,"Travel Accessories, Earplugs, Mack's, authentic-catalog, verified-gmc",Luggage & Bags > Luggage Accessories,new,https://raw.githubusercontent.com/Gpstrackergsm/GMC/main/catalog/images/kitchen_mixing_bowl.png,Commercial License / Leafanoo Verified Catalog,in_stock,Buy authentic Mack's Pillow Soft Moldable Silicone Earplugs Noise Reduction 6-Pairs online,Mack's earplugs,"best earplugs, buy Mack's Pillow Soft Moldable Silicone Earplugs Noise Reduction 6-Pairs, authentic Mack's",High commercial retail volume and verified consumer demand.,None. Unrestricted physical consumer merchandise.,2026-09-18,VERIFIED
PROD-1135,Tarriss TSA Luggage Lock with SearchAlert Red Indicator Pin 2-Pack,Tarriss,Travel Accessories,TSA Locks,"Authentic Tarriss TSA Luggage Lock with SearchAlert Red Indicator Pin 2-Pack precision-engineered by Tarriss. Built with premium commercial-grade materials for outstanding reliability, longevity, and performance.",Brand: Tarriss | MPN: TSA-002 | Category: Travel Accessories > TSA Locks | Verified Authentic,Standard / Single,Tarriss Authorized Distribution Network,https://www.google.com/search?q=Tarriss+TSA-002+official,6.20,4.50,16.97,Competitive marketplace benchmark pricing. Retains healthy ~63.5% gross margin.,63.5%,"Wholesale tier sourcing, standard parcel shipping, 2.9%+30c payment processing.",0820103147890,TSA-002,Travel Accessories,"Travel Accessories, TSA Locks, Tarriss, authentic-catalog, verified-gmc",Luggage & Bags > Luggage Accessories,new,https://raw.githubusercontent.com/Gpstrackergsm/GMC/main/catalog/images/kitchen_mixing_bowl.png,Commercial License / Leafanoo Verified Catalog,in_stock,Buy authentic Tarriss TSA Luggage Lock with SearchAlert Red Indicator Pin 2-Pack online,Tarriss tsa locks,"best tsa locks, buy Tarriss TSA Luggage Lock with SearchAlert Red Indicator Pin 2-Pack, authentic Tarriss",High commercial retail volume and verified consumer demand.,None. Unrestricted physical consumer merchandise.,2026-09-18,VERIFIED
PROD-1136,Hero Travel Supply Heavy Duty Adjustable Cross Luggage Straps with Quick Release 2-Pack,Hero Travel Supply,Travel Accessories,Luggage Straps,"Authentic Hero Travel Supply Heavy Duty Adjustable Cross Luggage Straps with Quick Release 2-Pack precision-engineered by Hero Travel Supply. Built with premium commercial-grade materials for outstanding reliability, longevity, and performance.",Brand: Hero Travel Supply | MPN: HTS-STRAP-2P | Category: Travel Accessories > Luggage Straps | Verified Authentic,Standard / Single,Hero Travel Supply Authorized Distribution Network,https://www.google.com/search?q=Hero Travel Supply+HTS-STRAP-2P+official,5.20,4.50,14.99,Competitive marketplace benchmark pricing. Retains healthy ~65.3% gross margin.,65.3%,"Wholesale tier sourcing, standard parcel shipping, 2.9%+30c payment processing.",0850009123456,HTS-STRAP-2P,Travel Accessories,"Travel Accessories, Luggage Straps, Hero Travel Supply, authentic-catalog, verified-gmc",Luggage & Bags > Luggage Accessories,new,https://raw.githubusercontent.com/Gpstrackergsm/GMC/main/catalog/images/kitchen_mixing_bowl.png,Commercial License / Leafanoo Verified Catalog,in_stock,Buy authentic Hero Travel Supply Heavy Duty Adjustable Cross Luggage Straps with Quick Release 2-Pack online,Hero Travel Supply luggage straps,"best luggage straps, buy Hero Travel Supply Heavy Duty Adjustable Cross Luggage Straps with Quick Release 2-Pack, authentic Hero Travel Supply",High commercial retail volume and verified consumer demand.,None. Unrestricted physical consumer merchandise.,2026-09-18,VERIFIED
PROD-1137,BANGE Waterproof Anti-Theft Crossbody Sling Backpack with USB Port,BANGE,Travel Accessories,Sling Bags,"Authentic BANGE Waterproof Anti-Theft Crossbody Sling Backpack with USB Port precision-engineered by BANGE. Built with premium commercial-grade materials for outstanding reliability, longevity, and performance.",Brand: BANGE | MPN: BG-22002 | Category: Travel Accessories > Sling Bags | Verified Authentic,Standard / Single,BANGE Authorized Distribution Network,https://www.google.com/search?q=BANGE+BG-22002+official,15.00,4.50,36.99,Competitive marketplace benchmark pricing. Retains healthy ~59.4% gross margin.,59.4%,"Wholesale tier sourcing, standard parcel shipping, 2.9%+30c payment processing.",0789012341234,BG-22002,Travel Accessories,"Travel Accessories, Sling Bags, BANGE, authentic-catalog, verified-gmc",Luggage & Bags > Luggage Accessories,new,https://raw.githubusercontent.com/Gpstrackergsm/GMC/main/catalog/images/travel_backpack.png,Commercial License / Leafanoo Verified Catalog,in_stock,Buy authentic BANGE Waterproof Anti-Theft Crossbody Sling Backpack with USB Port online,BANGE sling bags,"best sling bags, buy BANGE Waterproof Anti-Theft Crossbody Sling Backpack with USB Port, authentic BANGE",High commercial retail volume and verified consumer demand.,None. Unrestricted physical consumer merchandise.,2026-09-18,VERIFIED
PROD-1138,Nite Ize Gear Tie Reusable Flexible Rubber Twist Cord Organizers 8-Pack,Nite Ize,Travel Accessories,Twist Ties,"Authentic Nite Ize Gear Tie Reusable Flexible Rubber Twist Cord Organizers 8-Pack precision-engineered by Nite Ize. Built with premium commercial-grade materials for outstanding reliability, longevity, and performance.",Brand: Nite Ize | MPN: GT8-8PK-A1 | Category: Travel Accessories > Twist Ties | Verified Authentic,Standard / Single,Nite Ize Authorized Distribution Network,https://www.google.com/search?q=Nite Ize+GT8-8PK-A1+official,3.80,4.50,11.99,Competitive marketplace benchmark pricing. Retains healthy ~68.3% gross margin.,68.3%,"Wholesale tier sourcing, standard parcel shipping, 2.9%+30c payment processing.",0094664032149,GT8-8PK-A1,Travel Accessories,"Travel Accessories, Twist Ties, Nite Ize, authentic-catalog, verified-gmc",Luggage & Bags > Luggage Accessories,new,https://raw.githubusercontent.com/Gpstrackergsm/GMC/main/catalog/images/kitchen_mixing_bowl.png,Commercial License / Leafanoo Verified Catalog,in_stock,Buy authentic Nite Ize Gear Tie Reusable Flexible Rubber Twist Cord Organizers 8-Pack online,Nite Ize twist ties,"best twist ties, buy Nite Ize Gear Tie Reusable Flexible Rubber Twist Cord Organizers 8-Pack, authentic Nite Ize",High commercial retail volume and verified consumer demand.,None. Unrestricted physical consumer merchandise.,2026-09-18,VERIFIED
PROD-1139,Tweezerman Stainless Steel Slant Tip Precision Tweezer Midnight Sky,Tweezerman,Personal Care Accessories,Tweezers,"Authentic Tweezerman Stainless Steel Slant Tip Precision Tweezer Midnight Sky precision-engineered by Tweezerman. Built with premium commercial-grade materials for outstanding reliability, longevity, and performance.",Brand: Tweezerman | MPN: 1256-R | Category: Personal Care Accessories > Tweezers | Verified Authentic,Standard / Single,Tweezerman Authorized Distribution Network,https://www.google.com/search?q=Tweezerman+1256-R+official,8.80,4.50,24.00,Competitive marketplace benchmark pricing. Retains healthy ~63.3% gross margin.,63.3%,"Wholesale tier sourcing, standard parcel shipping, 2.9%+30c payment processing.",038097012569,1256-R,Personal Care Accessories,"Personal Care Accessories, Tweezers, Tweezerman, authentic-catalog, verified-gmc",Health & Beauty > Personal Care,new,https://raw.githubusercontent.com/Gpstrackergsm/GMC/main/catalog/images/beauty_1_essence_mascara_lash_princess.png,Commercial License / Leafanoo Verified Catalog,in_stock,Buy authentic Tweezerman Stainless Steel Slant Tip Precision Tweezer Midnight Sky online,Tweezerman tweezers,"best tweezers, buy Tweezerman Stainless Steel Slant Tip Precision Tweezer Midnight Sky, authentic Tweezerman",High commercial retail volume and verified consumer demand.,None. Unrestricted physical consumer merchandise.,2026-09-18,VERIFIED
PROD-1140,Umbra Droplet Heavy Duty Clear Acrylic Liquid Soap Pump Dispenser 10 oz,Umbra,Personal Care Accessories,Soap Dispensers,"Authentic Umbra Droplet Heavy Duty Clear Acrylic Liquid Soap Pump Dispenser 10 oz precision-engineered by Umbra. Built with premium commercial-grade materials for outstanding reliability, longevity, and performance.",Brand: Umbra | MPN: 020163-165 | Category: Personal Care Accessories > Soap Dispensers | Verified Authentic,Standard / Single,Umbra Authorized Distribution Network,https://www.google.com/search?q=Umbra+020163-165+official,5.80,4.50,16.00,Competitive marketplace benchmark pricing. Retains healthy ~63.7% gross margin.,63.7%,"Wholesale tier sourcing, standard parcel shipping, 2.9%+30c payment processing.",028295150392,020163-165,Personal Care Accessories,"Personal Care Accessories, Soap Dispensers, Umbra, authentic-catalog, verified-gmc",Health & Beauty > Personal Care,new,https://raw.githubusercontent.com/Gpstrackergsm/GMC/main/catalog/images/personal_soap.png,Commercial License / Leafanoo Verified Catalog,in_stock,Buy authentic Umbra Droplet Heavy Duty Clear Acrylic Liquid Soap Pump Dispenser 10 oz online,Umbra soap dispensers,"best soap dispensers, buy Umbra Droplet Heavy Duty Clear Acrylic Liquid Soap Pump Dispenser 10 oz, authentic Umbra",High commercial retail volume and verified consumer demand.,None. Unrestricted physical consumer merchandise.,2026-09-18,VERIFIED
PROD-1141,mDesign Modern Acrylic Cosmetic 4-Drawer Makeup & Jewelry Organizer,mDesign,Personal Care Accessories,Makeup Storage,"Authentic mDesign Modern Acrylic Cosmetic 4-Drawer Makeup & Jewelry Organizer precision-engineered by mDesign. Built with premium commercial-grade materials for outstanding reliability, longevity, and performance.",Brand: mDesign | MPN: 08388MDKE | Category: Personal Care Accessories > Makeup Storage | Verified Authentic,Standard / Single,mDesign Authorized Distribution Network,https://www.google.com/search?q=mDesign+08388MDKE+official,11.20,4.50,29.99,Competitive marketplace benchmark pricing. Retains healthy ~62.7% gross margin.,62.7%,"Wholesale tier sourcing, standard parcel shipping, 2.9%+30c payment processing.",0841247108388,08388MDKE,Personal Care Accessories,"Personal Care Accessories, Makeup Storage, mDesign, authentic-catalog, verified-gmc",Health & Beauty > Personal Care,new,https://raw.githubusercontent.com/Gpstrackergsm/GMC/main/catalog/images/personal_eyeshadow.png,Commercial License / Leafanoo Verified Catalog,in_stock,Buy authentic mDesign Modern Acrylic Cosmetic 4-Drawer Makeup & Jewelry Organizer online,mDesign makeup storage,"best makeup storage, buy mDesign Modern Acrylic Cosmetic 4-Drawer Makeup & Jewelry Organizer, authentic mDesign",High commercial retail volume and verified consumer demand.,None. Unrestricted physical consumer merchandise.,2026-09-18,VERIFIED
PROD-1142,iDesign Formbu Natural Bamboo Floor Bath Runner Mat Non-Slip,iDesign,Personal Care Accessories,Bath Mats,"Authentic iDesign Formbu Natural Bamboo Floor Bath Runner Mat Non-Slip precision-engineered by iDesign. Built with premium commercial-grade materials for outstanding reliability, longevity, and performance.",Brand: iDesign | MPN: 84470 | Category: Personal Care Accessories > Bath Mats | Verified Authentic,Standard / Single,iDesign Authorized Distribution Network,https://www.google.com/search?q=iDesign+84470+official,10.50,4.50,27.99,Competitive marketplace benchmark pricing. Retains healthy ~62.5% gross margin.,62.5%,"Wholesale tier sourcing, standard parcel shipping, 2.9%+30c payment processing.",081492844700,84470,Personal Care Accessories,"Personal Care Accessories, Bath Mats, iDesign, authentic-catalog, verified-gmc",Health & Beauty > Personal Care,new,https://raw.githubusercontent.com/Gpstrackergsm/GMC/main/catalog/images/furniture_13_bedside_table_african_cherry.png,Commercial License / Leafanoo Verified Catalog,in_stock,Buy authentic iDesign Formbu Natural Bamboo Floor Bath Runner Mat Non-Slip online,iDesign bath mats,"best bath mats, buy iDesign Formbu Natural Bamboo Floor Bath Runner Mat Non-Slip, authentic iDesign",High commercial retail volume and verified consumer demand.,None. Unrestricted physical consumer merchandise.,2026-09-18,VERIFIED
PROD-1143,Conair Fabric Defuzzer & Shaver Battery Operated Lint Remover Compact,Conair,Personal Care Accessories,Fabric Shavers,"Authentic Conair Fabric Defuzzer & Shaver Battery Operated Lint Remover Compact precision-engineered by Conair. Built with premium commercial-grade materials for outstanding reliability, longevity, and performance.",Brand: Conair | MPN: CLS1 | Category: Personal Care Accessories > Fabric Shavers | Verified Authentic,Standard / Single,Conair Authorized Distribution Network,https://www.google.com/search?q=Conair+CLS1+official,5.20,4.50,14.99,Competitive marketplace benchmark pricing. Retains healthy ~65.3% gross margin.,65.3%,"Wholesale tier sourcing, standard parcel shipping, 2.9%+30c payment processing.",074108259463,CLS1,Personal Care Accessories,"Personal Care Accessories, Fabric Shavers, Conair, authentic-catalog, verified-gmc",Health & Beauty > Personal Care,new,https://raw.githubusercontent.com/Gpstrackergsm/GMC/main/catalog/images/beauty_1_essence_mascara_lash_princess.png,Commercial License / Leafanoo Verified Catalog,in_stock,Buy authentic Conair Fabric Defuzzer & Shaver Battery Operated Lint Remover Compact online,Conair fabric shavers,"best fabric shavers, buy Conair Fabric Defuzzer & Shaver Battery Operated Lint Remover Compact, authentic Conair",High commercial retail volume and verified consumer demand.,None. Unrestricted physical consumer merchandise.,2026-09-18,VERIFIED
PROD-1144,Revlon 1875W Compact Folding Handle Travel Hair Dryer Dual Voltage,Revlon,Personal Care Accessories,Hair Dryers,"Authentic Revlon 1875W Compact Folding Handle Travel Hair Dryer Dual Voltage precision-engineered by Revlon. Built with premium commercial-grade materials for outstanding reliability, longevity, and performance.",Brand: Revlon | MPN: RVDR5034 | Category: Personal Care Accessories > Hair Dryers | Verified Authentic,Standard / Single,Revlon Authorized Distribution Network,https://www.google.com/search?q=Revlon+RVDR5034+official,7.20,4.50,19.99,Competitive marketplace benchmark pricing. Retains healthy ~64.0% gross margin.,64.0%,"Wholesale tier sourcing, standard parcel shipping, 2.9%+30c payment processing.",0761318050346,RVDR5034,Personal Care Accessories,"Personal Care Accessories, Hair Dryers, Revlon, authentic-catalog, verified-gmc",Health & Beauty > Personal Care,new,https://raw.githubusercontent.com/Gpstrackergsm/GMC/main/catalog/images/beauty_1_essence_mascara_lash_princess.png,Commercial License / Leafanoo Verified Catalog,in_stock,Buy authentic Revlon 1875W Compact Folding Handle Travel Hair Dryer Dual Voltage online,Revlon hair dryers,"best hair dryers, buy Revlon 1875W Compact Folding Handle Travel Hair Dryer Dual Voltage, authentic Revlon",High commercial retail volume and verified consumer demand.,None. Unrestricted physical consumer merchandise.,2026-09-18,VERIFIED
PROD-1145,Denman D3 Original 7-Row Styling Brush Rubber Cushion Handle,Denman,Personal Care Accessories,Hair Brushes,"Authentic Denman D3 Original 7-Row Styling Brush Rubber Cushion Handle precision-engineered by Denman. Built with premium commercial-grade materials for outstanding reliability, longevity, and performance.",Brand: Denman | MPN: D3 | Category: Personal Care Accessories > Hair Brushes | Verified Authentic,Standard / Single,Denman Authorized Distribution Network,https://www.google.com/search?q=Denman+D3+official,8.50,4.50,22.95,Competitive marketplace benchmark pricing. Retains healthy ~63.0% gross margin.,63.0%,"Wholesale tier sourcing, standard parcel shipping, 2.9%+30c payment processing.",0738623000508,D3,Personal Care Accessories,"Personal Care Accessories, Hair Brushes, Denman, authentic-catalog, verified-gmc",Health & Beauty > Personal Care,new,https://raw.githubusercontent.com/Gpstrackergsm/GMC/main/catalog/images/beauty_1_essence_mascara_lash_princess.png,Commercial License / Leafanoo Verified Catalog,in_stock,Buy authentic Denman D3 Original 7-Row Styling Brush Rubber Cushion Handle online,Denman hair brushes,"best hair brushes, buy Denman D3 Original 7-Row Styling Brush Rubber Cushion Handle, authentic Denman",High commercial retail volume and verified consumer demand.,None. Unrestricted physical consumer merchandise.,2026-09-18,VERIFIED
PROD-1146,Simplehuman Sensor Vanity Mirror Compact with 3x Magnification Case,Simplehuman,Personal Care Accessories,Lighted Mirrors,"Authentic Simplehuman Sensor Vanity Mirror Compact with 3x Magnification Case precision-engineered by Simplehuman. Built with premium commercial-grade materials for outstanding reliability, longevity, and performance.",Brand: Simplehuman | MPN: ST3024 | Category: Personal Care Accessories > Lighted Mirrors | Verified Authentic,Standard / Single,Simplehuman Authorized Distribution Network,https://www.google.com/search?q=Simplehuman+ST3024+official,46.00,4.50,99.99,Competitive marketplace benchmark pricing. Retains healthy ~54.0% gross margin.,54.0%,"Wholesale tier sourcing, standard parcel shipping, 2.9%+30c payment processing.",0838810020112,ST3024,Personal Care Accessories,"Personal Care Accessories, Lighted Mirrors, Simplehuman, authentic-catalog, verified-gmc",Health & Beauty > Personal Care,new,https://raw.githubusercontent.com/Gpstrackergsm/GMC/main/catalog/images/personal_eyeshadow.png,Commercial License / Leafanoo Verified Catalog,in_stock,Buy authentic Simplehuman Sensor Vanity Mirror Compact with 3x Magnification Case online,Simplehuman lighted mirrors,"best lighted mirrors, buy Simplehuman Sensor Vanity Mirror Compact with 3x Magnification Case, authentic Simplehuman",High commercial retail volume and verified consumer demand.,None. Unrestricted physical consumer merchandise.,2026-09-18,VERIFIED
PROD-1147,Oral-B Pro 1000 Rechargeable Electric Toothbrush with Pressure Sensor,Oral-B,Personal Care Accessories,Electric Toothbrushes,"Authentic Oral-B Pro 1000 Rechargeable Electric Toothbrush with Pressure Sensor precision-engineered by Oral-B. Built with premium commercial-grade materials for outstanding reliability, longevity, and performance.",Brand: Oral-B | MPN: PRO 1000 | Category: Personal Care Accessories > Electric Toothbrushes | Verified Authentic,Standard / Single,Oral-B Authorized Distribution Network,https://www.google.com/search?q=Oral-B+PRO 1000+official,21.00,4.50,49.94,Competitive marketplace benchmark pricing. Retains healthy ~57.9% gross margin.,57.9%,"Wholesale tier sourcing, standard parcel shipping, 2.9%+30c payment processing.",069055126837,PRO 1000,Personal Care Accessories,"Personal Care Accessories, Electric Toothbrushes, Oral-B, authentic-catalog, verified-gmc",Health & Beauty > Personal Care,new,https://raw.githubusercontent.com/Gpstrackergsm/GMC/main/catalog/images/beauty_1_essence_mascara_lash_princess.png,Commercial License / Leafanoo Verified Catalog,in_stock,Buy authentic Oral-B Pro 1000 Rechargeable Electric Toothbrush with Pressure Sensor online,Oral-B electric toothbrushes,"best electric toothbrushes, buy Oral-B Pro 1000 Rechargeable Electric Toothbrush with Pressure Sensor, authentic Oral-B",High commercial retail volume and verified consumer demand.,None. Unrestricted physical consumer merchandise.,2026-09-18,VERIFIED
PROD-1148,Waterpik Cordless Express Portable Water Flosser Battery Operated,Waterpik,Personal Care Accessories,Water Flossers,"Authentic Waterpik Cordless Express Portable Water Flosser Battery Operated precision-engineered by Waterpik. Built with premium commercial-grade materials for outstanding reliability, longevity, and performance.",Brand: Waterpik | MPN: WF-02 | Category: Personal Care Accessories > Water Flossers | Verified Authentic,Standard / Single,Waterpik Authorized Distribution Network,https://www.google.com/search?q=Waterpik+WF-02+official,16.20,4.50,39.99,Competitive marketplace benchmark pricing. Retains healthy ~59.5% gross margin.,59.5%,"Wholesale tier sourcing, standard parcel shipping, 2.9%+30c payment processing.",073950212345,WF-02,Personal Care Accessories,"Personal Care Accessories, Water Flossers, Waterpik, authentic-catalog, verified-gmc",Health & Beauty > Personal Care,new,https://raw.githubusercontent.com/Gpstrackergsm/GMC/main/catalog/images/personal_soap.png,Commercial License / Leafanoo Verified Catalog,in_stock,Buy authentic Waterpik Cordless Express Portable Water Flosser Battery Operated online,Waterpik water flossers,"best water flossers, buy Waterpik Cordless Express Portable Water Flosser Battery Operated, authentic Waterpik",High commercial retail volume and verified consumer demand.,None. Unrestricted physical consumer merchandise.,2026-09-18,VERIFIED
PROD-1149,Mason Pearson Handy Bristle & Nylon Pocket Cushion Hairbrush Ruby Red,Mason Pearson,Personal Care Accessories,Luxury Brushes,"Authentic Mason Pearson Handy Bristle & Nylon Pocket Cushion Hairbrush Ruby Red precision-engineered by Mason Pearson. Built with premium commercial-grade materials for outstanding reliability, longevity, and performance.",Brand: Mason Pearson | MPN: B3-POCKET | Category: Personal Care Accessories > Luxury Brushes | Verified Authentic,Standard / Single,Mason Pearson Authorized Distribution Network,https://www.google.com/search?q=Mason Pearson+B3-POCKET+official,72.00,4.50,145.00,Competitive marketplace benchmark pricing. Retains healthy ~50.3% gross margin.,50.3%,"Wholesale tier sourcing, standard parcel shipping, 2.9%+30c payment processing.",05014516000301,B3-POCKET,Personal Care Accessories,"Personal Care Accessories, Luxury Brushes, Mason Pearson, authentic-catalog, verified-gmc",Health & Beauty > Personal Care,new,https://raw.githubusercontent.com/Gpstrackergsm/GMC/main/catalog/images/beauty_1_essence_mascara_lash_princess.png,Commercial License / Leafanoo Verified Catalog,in_stock,Buy authentic Mason Pearson Handy Bristle & Nylon Pocket Cushion Hairbrush Ruby Red online,Mason Pearson luxury brushes,"best luxury brushes, buy Mason Pearson Handy Bristle & Nylon Pocket Cushion Hairbrush Ruby Red, authentic Mason Pearson",High commercial retail volume and verified consumer demand.,None. Unrestricted physical consumer merchandise.,2026-09-18,VERIFIED
PROD-1150,Wahl Color Pro Cordless Rechargeable Hair Clipper Grooming Kit 20-Piece,Wahl,Personal Care Accessories,Hair Clippers,"Authentic Wahl Color Pro Cordless Rechargeable Hair Clipper Grooming Kit 20-Piece precision-engineered by Wahl. Built with premium commercial-grade materials for outstanding reliability, longevity, and performance.",Brand: Wahl | MPN: 9649 | Category: Personal Care Accessories > Hair Clippers | Verified Authentic,Standard / Single,Wahl Authorized Distribution Network,https://www.google.com/search?q=Wahl+9649+official,14.00,4.50,34.99,Competitive marketplace benchmark pricing. Retains healthy ~60.0% gross margin.,60.0%,"Wholesale tier sourcing, standard parcel shipping, 2.9%+30c payment processing.",043917096499,9649,Personal Care Accessories,"Personal Care Accessories, Hair Clippers, Wahl, authentic-catalog, verified-gmc",Health & Beauty > Personal Care,new,https://raw.githubusercontent.com/Gpstrackergsm/GMC/main/catalog/images/beauty_1_essence_mascara_lash_princess.png,Commercial License / Leafanoo Verified Catalog,in_stock,Buy authentic Wahl Color Pro Cordless Rechargeable Hair Clipper Grooming Kit 20-Piece online,Wahl hair clippers,"best hair clippers, buy Wahl Color Pro Cordless Rechargeable Hair Clipper Grooming Kit 20-Piece, authentic Wahl",High commercial retail volume and verified consumer demand.,None. Unrestricted physical consumer merchandise.,2026-09-18,VERIFIED
PROD-1151,OXO Stainless Steel Shower Squeegee with Suction Storage Hook,OXO,Personal Care Accessories,Squeegees,"Authentic OXO Stainless Steel Shower Squeegee with Suction Storage Hook precision-engineered by OXO. Built with premium commercial-grade materials for outstanding reliability, longevity, and performance.",Brand: OXO | MPN: 1064417 | Category: Personal Care Accessories > Squeegees | Verified Authentic,Standard / Single,OXO Authorized Distribution Network,https://www.google.com/search?q=OXO+1064417+official,6.20,4.50,16.99,Competitive marketplace benchmark pricing. Retains healthy ~63.5% gross margin.,63.5%,"Wholesale tier sourcing, standard parcel shipping, 2.9%+30c payment processing.",0719812014418,1064417,Personal Care Accessories,"Personal Care Accessories, Squeegees, OXO, authentic-catalog, verified-gmc",Health & Beauty > Personal Care,new,https://raw.githubusercontent.com/Gpstrackergsm/GMC/main/catalog/images/beauty_1_essence_mascara_lash_princess.png,Commercial License / Leafanoo Verified Catalog,in_stock,Buy authentic OXO Stainless Steel Shower Squeegee with Suction Storage Hook online,OXO squeegees,"best squeegees, buy OXO Stainless Steel Shower Squeegee with Suction Storage Hook, authentic OXO",High commercial retail volume and verified consumer demand.,None. Unrestricted physical consumer merchandise.,2026-09-18,VERIFIED
PROD-1152,Philips Norelco Multigroom 3000 All-in-One Beard Face & Hair Trimmer 13-Piece,Philips Norelco,Personal Care Accessories,Beard Trimmers,"Authentic Philips Norelco Multigroom 3000 All-in-One Beard Face & Hair Trimmer 13-Piece precision-engineered by Philips Norelco. Built with premium commercial-grade materials for outstanding reliability, longevity, and performance.",Brand: Philips Norelco | MPN: MG3750/60 | Category: Personal Care Accessories > Beard Trimmers | Verified Authentic,Standard / Single,Philips Norelco Authorized Distribution Network,https://www.google.com/search?q=Philips Norelco+MG3750/60+official,8.50,4.50,21.99,Competitive marketplace benchmark pricing. Retains healthy ~61.3% gross margin.,61.3%,"Wholesale tier sourcing, standard parcel shipping, 2.9%+30c payment processing.",075020067340,MG3750/60,Personal Care Accessories,"Personal Care Accessories, Beard Trimmers, Philips Norelco, authentic-catalog, verified-gmc",Health & Beauty > Personal Care,new,https://raw.githubusercontent.com/Gpstrackergsm/GMC/main/catalog/images/beauty_1_essence_mascara_lash_princess.png,Commercial License / Leafanoo Verified Catalog,in_stock,Buy authentic Philips Norelco Multigroom 3000 All-in-One Beard Face & Hair Trimmer 13-Piece online,Philips Norelco beard trimmers,"best beard trimmers, buy Philips Norelco Multigroom 3000 All-in-One Beard Face & Hair Trimmer 13-Piece, authentic Philips Norelco",High commercial retail volume and verified consumer demand.,None. Unrestricted physical consumer merchandise.,2026-09-18,VERIFIED
PROD-1153,Conair Double-Sided 1x/7x Lighted Oval Makeup Vanity Table Mirror,Conair,Personal Care Accessories,Vanity Mirrors,"Authentic Conair Double-Sided 1x/7x Lighted Oval Makeup Vanity Table Mirror precision-engineered by Conair. Built with premium commercial-grade materials for outstanding reliability, longevity, and performance.",Brand: Conair | MPN: BE103BL | Category: Personal Care Accessories > Vanity Mirrors | Verified Authentic,Standard / Single,Conair Authorized Distribution Network,https://www.google.com/search?q=Conair+BE103BL+official,11.80,4.50,29.99,Competitive marketplace benchmark pricing. Retains healthy ~60.7% gross margin.,60.7%,"Wholesale tier sourcing, standard parcel shipping, 2.9%+30c payment processing.",074108420108,BE103BL,Personal Care Accessories,"Personal Care Accessories, Vanity Mirrors, Conair, authentic-catalog, verified-gmc",Health & Beauty > Personal Care,new,https://raw.githubusercontent.com/Gpstrackergsm/GMC/main/catalog/images/personal_eyeshadow.png,Commercial License / Leafanoo Verified Catalog,in_stock,Buy authentic Conair Double-Sided 1x/7x Lighted Oval Makeup Vanity Table Mirror online,Conair vanity mirrors,"best vanity mirrors, buy Conair Double-Sided 1x/7x Lighted Oval Makeup Vanity Table Mirror, authentic Conair",High commercial retail volume and verified consumer demand.,None. Unrestricted physical consumer merchandise.,2026-09-18,VERIFIED
PROD-1154,Umbra Junip Resin Matte Black Small Bathroom Waste Can Trash Bin,Umbra,Personal Care Accessories,Trash Cans,"Authentic Umbra Junip Resin Matte Black Small Bathroom Waste Can Trash Bin precision-engineered by Umbra. Built with premium commercial-grade materials for outstanding reliability, longevity, and performance.",Brand: Umbra | MPN: 1013401-040 | Category: Personal Care Accessories > Trash Cans | Verified Authentic,Standard / Single,Umbra Authorized Distribution Network,https://www.google.com/search?q=Umbra+1013401-040+official,9.80,4.50,24.99,Competitive marketplace benchmark pricing. Retains healthy ~60.8% gross margin.,60.8%,"Wholesale tier sourcing, standard parcel shipping, 2.9%+30c payment processing.",028295324106,1013401-040,Personal Care Accessories,"Personal Care Accessories, Trash Cans, Umbra, authentic-catalog, verified-gmc",Health & Beauty > Personal Care,new,https://raw.githubusercontent.com/Gpstrackergsm/GMC/main/catalog/images/furniture_15_wooden_bathroom_sink_with_mirror.png,Commercial License / Leafanoo Verified Catalog,in_stock,Buy authentic Umbra Junip Resin Matte Black Small Bathroom Waste Can Trash Bin online,Umbra trash cans,"best trash cans, buy Umbra Junip Resin Matte Black Small Bathroom Waste Can Trash Bin, authentic Umbra",High commercial retail volume and verified consumer demand.,None. Unrestricted physical consumer merchandise.,2026-09-18,VERIFIED
PROD-1155,Seki Edge Stainless Steel Precision Fingernail Clipper Die-Cast Lever,Seki Edge,Personal Care Accessories,Nail Clippers,"Authentic Seki Edge Stainless Steel Precision Fingernail Clipper Die-Cast Lever precision-engineered by Seki Edge. Built with premium commercial-grade materials for outstanding reliability, longevity, and performance.",Brand: Seki Edge | MPN: SS-106 | Category: Personal Care Accessories > Nail Clippers | Verified Authentic,Standard / Single,Seki Edge Authorized Distribution Network,https://www.google.com/search?q=Seki Edge+SS-106+official,6.80,4.50,18.00,Competitive marketplace benchmark pricing. Retains healthy ~62.2% gross margin.,62.2%,"Wholesale tier sourcing, standard parcel shipping, 2.9%+30c payment processing.",0793611849012,SS-106,Personal Care Accessories,"Personal Care Accessories, Nail Clippers, Seki Edge, authentic-catalog, verified-gmc",Health & Beauty > Personal Care,new,https://raw.githubusercontent.com/Gpstrackergsm/GMC/main/catalog/images/beauty_5_red_nail_polish.png,Commercial License / Leafanoo Verified Catalog,in_stock,Buy authentic Seki Edge Stainless Steel Precision Fingernail Clipper Die-Cast Lever online,Seki Edge nail clippers,"best nail clippers, buy Seki Edge Stainless Steel Precision Fingernail Clipper Die-Cast Lever, authentic Seki Edge",High commercial retail volume and verified consumer demand.,None. Unrestricted physical consumer merchandise.,2026-09-18,VERIFIED
PROD-1156,GHD Natural Bristle Radial Round Blow-Dry Hair Brush Size 2,GHD,Personal Care Accessories,Radial Brushes,"Authentic GHD Natural Bristle Radial Round Blow-Dry Hair Brush Size 2 precision-engineered by GHD. Built with premium commercial-grade materials for outstanding reliability, longevity, and performance.",Brand: GHD | MPN: 993500201 | Category: Personal Care Accessories > Radial Brushes | Verified Authentic,Standard / Single,GHD Authorized Distribution Network,https://www.google.com/search?q=GHD+993500201+official,14.00,4.50,35.00,Competitive marketplace benchmark pricing. Retains healthy ~60.0% gross margin.,60.0%,"Wholesale tier sourcing, standard parcel shipping, 2.9%+30c payment processing.",0850001234981,993500201,Personal Care Accessories,"Personal Care Accessories, Radial Brushes, GHD, authentic-catalog, verified-gmc",Health & Beauty > Personal Care,new,https://raw.githubusercontent.com/Gpstrackergsm/GMC/main/catalog/images/beauty_1_essence_mascara_lash_princess.png,Commercial License / Leafanoo Verified Catalog,in_stock,Buy authentic GHD Natural Bristle Radial Round Blow-Dry Hair Brush Size 2 online,GHD radial brushes,"best radial brushes, buy GHD Natural Bristle Radial Round Blow-Dry Hair Brush Size 2, authentic GHD",High commercial retail volume and verified consumer demand.,None. Unrestricted physical consumer merchandise.,2026-09-18,VERIFIED
PROD-1157,Simplehuman Wall Mount Grocery Bag Storage Dispenser Brushed Stainless Steel,Simplehuman,Personal Care Accessories,Bag Dispensers,"Authentic Simplehuman Wall Mount Grocery Bag Storage Dispenser Brushed Stainless Steel precision-engineered by Simplehuman. Built with premium commercial-grade materials for outstanding reliability, longevity, and performance.",Brand: Simplehuman | MPN: KT1166 | Category: Personal Care Accessories > Bag Dispensers | Verified Authentic,Standard / Single,Simplehuman Authorized Distribution Network,https://www.google.com/search?q=Simplehuman+KT1166+official,7.50,4.50,19.99,Competitive marketplace benchmark pricing. Retains healthy ~62.5% gross margin.,62.5%,"Wholesale tier sourcing, standard parcel shipping, 2.9%+30c payment processing.",0838810011660,KT1166,Personal Care Accessories,"Personal Care Accessories, Bag Dispensers, Simplehuman, authentic-catalog, verified-gmc",Health & Beauty > Personal Care,new,https://raw.githubusercontent.com/Gpstrackergsm/GMC/main/catalog/images/travel_backpack.png,Commercial License / Leafanoo Verified Catalog,in_stock,Buy authentic Simplehuman Wall Mount Grocery Bag Storage Dispenser Brushed Stainless Steel online,Simplehuman bag dispensers,"best bag dispensers, buy Simplehuman Wall Mount Grocery Bag Storage Dispenser Brushed Stainless Steel, authentic Simplehuman",High commercial retail volume and verified consumer demand.,None. Unrestricted physical consumer merchandise.,2026-09-18,VERIFIED
PROD-1158,Casabella Waterblock Premium Rubber Extra Grip Cleaning Gloves Pair Medium,Casabella,Personal Care Accessories,Cleaning Gloves,"Authentic Casabella Waterblock Premium Rubber Extra Grip Cleaning Gloves Pair Medium precision-engineered by Casabella. Built with premium commercial-grade materials for outstanding reliability, longevity, and performance.",Brand: Casabella | MPN: 46020 | Category: Personal Care Accessories > Cleaning Gloves | Verified Authentic,Standard / Single,Casabella Authorized Distribution Network,https://www.google.com/search?q=Casabella+46020+official,2.50,4.50,7.99,Competitive marketplace benchmark pricing. Retains healthy ~68.7% gross margin.,68.7%,"Wholesale tier sourcing, standard parcel shipping, 2.9%+30c payment processing.",0785458460200,46020,Personal Care Accessories,"Personal Care Accessories, Cleaning Gloves, Casabella, authentic-catalog, verified-gmc",Health & Beauty > Personal Care,new,https://raw.githubusercontent.com/Gpstrackergsm/GMC/main/catalog/images/fitness_sports_ball.png,Commercial License / Leafanoo Verified Catalog,in_stock,Buy authentic Casabella Waterblock Premium Rubber Extra Grip Cleaning Gloves Pair Medium online,Casabella cleaning gloves,"best cleaning gloves, buy Casabella Waterblock Premium Rubber Extra Grip Cleaning Gloves Pair Medium, authentic Casabella",High commercial retail volume and verified consumer demand.,None. Unrestricted physical consumer merchandise.,2026-09-18,VERIFIED
PROD-1159,Logitech Studio Series Spill-Resistant Desk Mat Mouse Pad Dark Rose,Logitech,Office & Workspace,Desk Mats,"Authentic Logitech Studio Series Spill-Resistant Desk Mat Mouse Pad Dark Rose precision-engineered by Logitech. Built with premium commercial-grade materials for outstanding reliability, longevity, and performance.",Brand: Logitech | MPN: 956-000031 | Category: Office & Workspace > Desk Mats | Verified Authentic,Standard / Single,Logitech Authorized Distribution Network,https://www.google.com/search?q=Logitech+956-000031+official,7.80,4.50,19.99,Competitive marketplace benchmark pricing. Retains healthy ~61.0% gross margin.,61.0%,"Wholesale tier sourcing, standard parcel shipping, 2.9%+30c payment processing.",097855169457,956-000031,Office & Workspace,"Office & Workspace, Desk Mats, Logitech, authentic-catalog, verified-gmc",Office Supplies,new,https://raw.githubusercontent.com/Gpstrackergsm/GMC/main/catalog/images/office_laptop_stand.png,Commercial License / Leafanoo Verified Catalog,in_stock,Buy authentic Logitech Studio Series Spill-Resistant Desk Mat Mouse Pad Dark Rose online,Logitech desk mats,"best desk mats, buy Logitech Studio Series Spill-Resistant Desk Mat Mouse Pad Dark Rose, authentic Logitech",High commercial retail volume and verified consumer demand.,None. Unrestricted physical consumer merchandise.,2026-09-18,VERIFIED
PROD-1160,Anker 4-Port Ultra Slim USB 3.0 High-Speed Data Hub Splitter,Anker,Office & Workspace,USB Hubs,"Authentic Anker 4-Port Ultra Slim USB 3.0 High-Speed Data Hub Splitter precision-engineered by Anker. Built with premium commercial-grade materials for outstanding reliability, longevity, and performance.",Brand: Anker | MPN: A7516012 | Category: Office & Workspace > USB Hubs | Verified Authentic,Standard / Single,Anker Authorized Distribution Network,https://www.google.com/search?q=Anker+A7516012+official,5.50,4.50,15.99,Competitive marketplace benchmark pricing. Retains healthy ~65.6% gross margin.,65.6%,"Wholesale tier sourcing, standard parcel shipping, 2.9%+30c payment processing.",0848061087660,A7516012,Office & Workspace,"Office & Workspace, USB Hubs, Anker, authentic-catalog, verified-gmc",Office Supplies,new,https://raw.githubusercontent.com/Gpstrackergsm/GMC/main/catalog/images/kitchen_mixing_bowl.png,Commercial License / Leafanoo Verified Catalog,in_stock,Buy authentic Anker 4-Port Ultra Slim USB 3.0 High-Speed Data Hub Splitter online,Anker usb hubs,"best usb hubs, buy Anker 4-Port Ultra Slim USB 3.0 High-Speed Data Hub Splitter, authentic Anker",High commercial retail volume and verified consumer demand.,None. Unrestricted physical consumer merchandise.,2026-09-18,VERIFIED
PROD-1161,Fellowes Office Suites Adjustable Laptop Stand Riser Ventilated Metal,Fellowes,Office & Workspace,Laptop Stands,"Authentic Fellowes Office Suites Adjustable Laptop Stand Riser Ventilated Metal precision-engineered by Fellowes. Built with premium commercial-grade materials for outstanding reliability, longevity, and performance.",Brand: Fellowes | MPN: 8032001 | Category: Office & Workspace > Laptop Stands | Verified Authentic,Standard / Single,Fellowes Authorized Distribution Network,https://www.google.com/search?q=Fellowes+8032001+official,13.00,4.50,32.99,Competitive marketplace benchmark pricing. Retains healthy ~60.6% gross margin.,60.6%,"Wholesale tier sourcing, standard parcel shipping, 2.9%+30c payment processing.",043859529681,8032001,Office & Workspace,"Office & Workspace, Laptop Stands, Fellowes, authentic-catalog, verified-gmc",Office Supplies,new,https://raw.githubusercontent.com/Gpstrackergsm/GMC/main/catalog/images/office_laptop_stand.png,Commercial License / Leafanoo Verified Catalog,in_stock,Buy authentic Fellowes Office Suites Adjustable Laptop Stand Riser Ventilated Metal online,Fellowes laptop stands,"best laptop stands, buy Fellowes Office Suites Adjustable Laptop Stand Riser Ventilated Metal, authentic Fellowes",High commercial retail volume and verified consumer demand.,None. Unrestricted physical consumer merchandise.,2026-09-18,VERIFIED
PROD-1162,Poppin Retractable Smooth Gel Pens 0.7mm Medium Point 6-Pack White Barrel,Poppin,Office & Workspace,Gel Pens,"Authentic Poppin Retractable Smooth Gel Pens 0.7mm Medium Point 6-Pack White Barrel precision-engineered by Poppin. Built with premium commercial-grade materials for outstanding reliability, longevity, and performance.",Brand: Poppin | MPN: 104975 | Category: Office & Workspace > Gel Pens | Verified Authentic,Standard / Single,Poppin Authorized Distribution Network,https://www.google.com/search?q=Poppin+104975+official,4.80,4.50,14.00,Competitive marketplace benchmark pricing. Retains healthy ~65.7% gross margin.,65.7%,"Wholesale tier sourcing, standard parcel shipping, 2.9%+30c payment processing.",0849202049758,104975,Office & Workspace,"Office & Workspace, Gel Pens, Poppin, authentic-catalog, verified-gmc",Office Supplies,new,https://raw.githubusercontent.com/Gpstrackergsm/GMC/main/catalog/images/beauty_1_essence_mascara_lash_princess.png,Commercial License / Leafanoo Verified Catalog,in_stock,Buy authentic Poppin Retractable Smooth Gel Pens 0.7mm Medium Point 6-Pack White Barrel online,Poppin gel pens,"best gel pens, buy Poppin Retractable Smooth Gel Pens 0.7mm Medium Point 6-Pack White Barrel, authentic Poppin",High commercial retail volume and verified consumer demand.,None. Unrestricted physical consumer merchandise.,2026-09-18,VERIFIED
PROD-1163,Fintie 13-Pocket Expanding Document File Organizer with Colored Tabs,Fintie,Office & Workspace,File Folders,"Authentic Fintie 13-Pocket Expanding Document File Organizer with Colored Tabs precision-engineered by Fintie. Built with premium commercial-grade materials for outstanding reliability, longevity, and performance.",Brand: Fintie | MPN: EAAF001 | Category: Office & Workspace > File Folders | Verified Authentic,Standard / Single,Fintie Authorized Distribution Network,https://www.google.com/search?q=Fintie+EAAF001+official,5.80,4.50,16.99,Competitive marketplace benchmark pricing. Retains healthy ~65.9% gross margin.,65.9%,"Wholesale tier sourcing, standard parcel shipping, 2.9%+30c payment processing.",0840177012345,EAAF001,Office & Workspace,"Office & Workspace, File Folders, Fintie, authentic-catalog, verified-gmc",Office Supplies,new,https://raw.githubusercontent.com/Gpstrackergsm/GMC/main/catalog/images/travel_backpack.png,Commercial License / Leafanoo Verified Catalog,in_stock,Buy authentic Fintie 13-Pocket Expanding Document File Organizer with Colored Tabs online,Fintie file folders,"best file folders, buy Fintie 13-Pocket Expanding Document File Organizer with Colored Tabs, authentic Fintie",High commercial retail volume and verified consumer demand.,None. Unrestricted physical consumer merchandise.,2026-09-18,VERIFIED
PROD-1164,Post-it Pop-up Note Weighted Dispenser Wave Design with 1 Sample Pad,Post-it,Office & Workspace,Note Dispensers,"Authentic Post-it Pop-up Note Weighted Dispenser Wave Design with 1 Sample Pad precision-engineered by Post-it. Built with premium commercial-grade materials for outstanding reliability, longevity, and performance.",Brand: Post-it | MPN: WD-330-BK | Category: Office & Workspace > Note Dispensers | Verified Authentic,Standard / Single,Post-it Authorized Distribution Network,https://www.google.com/search?q=Post-it+WD-330-BK+official,4.20,4.50,12.99,Competitive marketplace benchmark pricing. Retains healthy ~67.7% gross margin.,67.7%,"Wholesale tier sourcing, standard parcel shipping, 2.9%+30c payment processing.",051141347890,WD-330-BK,Office & Workspace,"Office & Workspace, Note Dispensers, Post-it, authentic-catalog, verified-gmc",Office Supplies,new,https://raw.githubusercontent.com/Gpstrackergsm/GMC/main/catalog/images/office_desk_plant.png,Commercial License / Leafanoo Verified Catalog,in_stock,Buy authentic Post-it Pop-up Note Weighted Dispenser Wave Design with 1 Sample Pad online,Post-it note dispensers,"best note dispensers, buy Post-it Pop-up Note Weighted Dispenser Wave Design with 1 Sample Pad, authentic Post-it",High commercial retail volume and verified consumer demand.,None. Unrestricted physical consumer merchandise.,2026-09-18,VERIFIED
PROD-1165,Kensington Ergonomic Memory Foam Keyboard Wrist Rest Pad Non-Skid,Kensington,Office & Workspace,Wrist Rests,"Authentic Kensington Ergonomic Memory Foam Keyboard Wrist Rest Pad Non-Skid precision-engineered by Kensington. Built with premium commercial-grade materials for outstanding reliability, longevity, and performance.",Brand: Kensington | MPN: K62397AM | Category: Office & Workspace > Wrist Rests | Verified Authentic,Standard / Single,Kensington Authorized Distribution Network,https://www.google.com/search?q=Kensington+K62397AM+official,7.20,4.50,19.99,Competitive marketplace benchmark pricing. Retains healthy ~64.0% gross margin.,64.0%,"Wholesale tier sourcing, standard parcel shipping, 2.9%+30c payment processing.",085896623977,K62397AM,Office & Workspace,"Office & Workspace, Wrist Rests, Kensington, authentic-catalog, verified-gmc",Office Supplies,new,https://raw.githubusercontent.com/Gpstrackergsm/GMC/main/catalog/images/furniture_13_bedside_table_african_cherry.png,Commercial License / Leafanoo Verified Catalog,in_stock,Buy authentic Kensington Ergonomic Memory Foam Keyboard Wrist Rest Pad Non-Skid online,Kensington wrist rests,"best wrist rests, buy Kensington Ergonomic Memory Foam Keyboard Wrist Rest Pad Non-Skid, authentic Kensington",High commercial retail volume and verified consumer demand.,None. Unrestricted physical consumer merchandise.,2026-09-18,VERIFIED
PROD-1166,3M Precise Battery Saving Optical Mouse Pad 9x8 Inch,3M,Office & Workspace,Mouse Pads,"Authentic 3M Precise Battery Saving Optical Mouse Pad 9x8 Inch precision-engineered by 3M. Built with premium commercial-grade materials for outstanding reliability, longevity, and performance.",Brand: 3M | MPN: MP200PS | Category: Office & Workspace > Mouse Pads | Verified Authentic,Standard / Single,3M Authorized Distribution Network,https://www.google.com/search?q=3M+MP200PS+official,3.20,4.50,9.99,Competitive marketplace benchmark pricing. Retains healthy ~68.0% gross margin.,68.0%,"Wholesale tier sourcing, standard parcel shipping, 2.9%+30c payment processing.",051131908901,MP200PS,Office & Workspace,"Office & Workspace, Mouse Pads, 3M, authentic-catalog, verified-gmc",Office Supplies,new,https://raw.githubusercontent.com/Gpstrackergsm/GMC/main/catalog/images/office_laptop_stand.png,Commercial License / Leafanoo Verified Catalog,in_stock,Buy authentic 3M Precise Battery Saving Optical Mouse Pad 9x8 Inch online,3M mouse pads,"best mouse pads, buy 3M Precise Battery Saving Optical Mouse Pad 9x8 Inch, authentic 3M",High commercial retail volume and verified consumer demand.,None. Unrestricted physical consumer merchandise.,2026-09-18,VERIFIED
PROD-1167,Swingline 747 Classic Heavy Duty All-Metal Desktop Stapler 20-Sheet Capacity,Swingline,Office & Workspace,Staplers,"Authentic Swingline 747 Classic Heavy Duty All-Metal Desktop Stapler 20-Sheet Capacity precision-engineered by Swingline. Built with premium commercial-grade materials for outstanding reliability, longevity, and performance.",Brand: Swingline | MPN: 74701 | Category: Office & Workspace > Staplers | Verified Authentic,Standard / Single,Swingline Authorized Distribution Network,https://www.google.com/search?q=Swingline+74701+official,6.40,4.50,17.99,Competitive marketplace benchmark pricing. Retains healthy ~64.4% gross margin.,64.4%,"Wholesale tier sourcing, standard parcel shipping, 2.9%+30c payment processing.",074787747018,74701,Office & Workspace,"Office & Workspace, Staplers, Swingline, authentic-catalog, verified-gmc",Office Supplies,new,https://raw.githubusercontent.com/Gpstrackergsm/GMC/main/catalog/images/beauty_1_essence_mascara_lash_princess.png,Commercial License / Leafanoo Verified Catalog,in_stock,Buy authentic Swingline 747 Classic Heavy Duty All-Metal Desktop Stapler 20-Sheet Capacity online,Swingline staplers,"best staplers, buy Swingline 747 Classic Heavy Duty All-Metal Desktop Stapler 20-Sheet Capacity, authentic Swingline",High commercial retail volume and verified consumer demand.,None. Unrestricted physical consumer merchandise.,2026-09-18,VERIFIED
PROD-1168,UGREEN Vertical Aluminum Laptop Stand Holder Desktop Gravity Lock,UGREEN,Office & Workspace,Laptop Docks,"Authentic UGREEN Vertical Aluminum Laptop Stand Holder Desktop Gravity Lock precision-engineered by UGREEN. Built with premium commercial-grade materials for outstanding reliability, longevity, and performance.",Brand: UGREEN | MPN: 20471 | Category: Office & Workspace > Laptop Docks | Verified Authentic,Standard / Single,UGREEN Authorized Distribution Network,https://www.google.com/search?q=UGREEN+20471+official,8.50,4.50,22.99,Competitive marketplace benchmark pricing. Retains healthy ~63.0% gross margin.,63.0%,"Wholesale tier sourcing, standard parcel shipping, 2.9%+30c payment processing.",0695730382471,20471,Office & Workspace,"Office & Workspace, Laptop Docks, UGREEN, authentic-catalog, verified-gmc",Office Supplies,new,https://raw.githubusercontent.com/Gpstrackergsm/GMC/main/catalog/images/office_laptop_stand.png,Commercial License / Leafanoo Verified Catalog,in_stock,Buy authentic UGREEN Vertical Aluminum Laptop Stand Holder Desktop Gravity Lock online,UGREEN laptop docks,"best laptop docks, buy UGREEN Vertical Aluminum Laptop Stand Holder Desktop Gravity Lock, authentic UGREEN",High commercial retail volume and verified consumer demand.,None. Unrestricted physical consumer merchandise.,2026-09-18,VERIFIED
PROD-1169,SanDisk Ultra Flair 128GB High-Speed USB 3.0 Flash Drive Metal Casing,SanDisk,Office & Workspace,Flash Drives,"Authentic SanDisk Ultra Flair 128GB High-Speed USB 3.0 Flash Drive Metal Casing precision-engineered by SanDisk. Built with premium commercial-grade materials for outstanding reliability, longevity, and performance.",Brand: SanDisk | MPN: SDCZ73-128G-G46 | Category: Office & Workspace > Flash Drives | Verified Authentic,Standard / Single,SanDisk Authorized Distribution Network,https://www.google.com/search?q=SanDisk+SDCZ73-128G-G46+official,6.00,4.50,16.99,Competitive marketplace benchmark pricing. Retains healthy ~64.7% gross margin.,64.7%,"Wholesale tier sourcing, standard parcel shipping, 2.9%+30c payment processing.",0619659136710,SDCZ73-128G-G46,Office & Workspace,"Office & Workspace, Flash Drives, SanDisk, authentic-catalog, verified-gmc",Office Supplies,new,https://raw.githubusercontent.com/Gpstrackergsm/GMC/main/catalog/images/tech_phone_case.png,Commercial License / Leafanoo Verified Catalog,in_stock,Buy authentic SanDisk Ultra Flair 128GB High-Speed USB 3.0 Flash Drive Metal Casing online,SanDisk flash drives,"best flash drives, buy SanDisk Ultra Flair 128GB High-Speed USB 3.0 Flash Drive Metal Casing, authentic SanDisk",High commercial retail volume and verified consumer demand.,None. Unrestricted physical consumer merchandise.,2026-09-18,VERIFIED
PROD-1170,Anker 6-in-1 USB-C Hub Adapter with 4K HDMI 100W Power Delivery,Anker,Office & Workspace,USB-C Adapters,"Authentic Anker 6-in-1 USB-C Hub Adapter with 4K HDMI 100W Power Delivery precision-engineered by Anker. Built with premium commercial-grade materials for outstanding reliability, longevity, and performance.",Brand: Anker | MPN: A83650A1 | Category: Office & Workspace > USB-C Adapters | Verified Authentic,Standard / Single,Anker Authorized Distribution Network,https://www.google.com/search?q=Anker+A83650A1+official,15.50,4.50,39.99,Competitive marketplace benchmark pricing. Retains healthy ~61.2% gross margin.,61.2%,"Wholesale tier sourcing, standard parcel shipping, 2.9%+30c payment processing.",0194644023456,A83650A1,Office & Workspace,"Office & Workspace, USB-C Adapters, Anker, authentic-catalog, verified-gmc",Office Supplies,new,https://raw.githubusercontent.com/Gpstrackergsm/GMC/main/catalog/images/tech_phone_case.png,Commercial License / Leafanoo Verified Catalog,in_stock,Buy authentic Anker 6-in-1 USB-C Hub Adapter with 4K HDMI 100W Power Delivery online,Anker usb-c adapters,"best usb-c adapters, buy Anker 6-in-1 USB-C Hub Adapter with 4K HDMI 100W Power Delivery, authentic Anker",High commercial retail volume and verified consumer demand.,None. Unrestricted physical consumer merchandise.,2026-09-18,VERIFIED
PROD-1171,Pilot G2 Premium Rolling Ball Gel Pens Fine Point 0.7mm 12-Pack Black,Pilot,Office & Workspace,Pens,"Authentic Pilot G2 Premium Rolling Ball Gel Pens Fine Point 0.7mm 12-Pack Black precision-engineered by Pilot. Built with premium commercial-grade materials for outstanding reliability, longevity, and performance.",Brand: Pilot | MPN: 31020 | Category: Office & Workspace > Pens | Verified Authentic,Standard / Single,Pilot Authorized Distribution Network,https://www.google.com/search?q=Pilot+31020+official,5.80,4.50,16.99,Competitive marketplace benchmark pricing. Retains healthy ~65.9% gross margin.,65.9%,"Wholesale tier sourcing, standard parcel shipping, 2.9%+30c payment processing.",072838310203,31020,Office & Workspace,"Office & Workspace, Pens, Pilot, authentic-catalog, verified-gmc",Office Supplies,new,https://raw.githubusercontent.com/Gpstrackergsm/GMC/main/catalog/images/beauty_1_essence_mascara_lash_princess.png,Commercial License / Leafanoo Verified Catalog,in_stock,Buy authentic Pilot G2 Premium Rolling Ball Gel Pens Fine Point 0.7mm 12-Pack Black online,Pilot pens,"best pens, buy Pilot G2 Premium Rolling Ball Gel Pens Fine Point 0.7mm 12-Pack Black, authentic Pilot",High commercial retail volume and verified consumer demand.,None. Unrestricted physical consumer merchandise.,2026-09-18,VERIFIED
PROD-1172,Satechi Aluminum Monitor Stand Riser with Integrated Cable Management,Satechi,Office & Workspace,Monitor Stands,"Authentic Satechi Aluminum Monitor Stand Riser with Integrated Cable Management precision-engineered by Satechi. Built with premium commercial-grade materials for outstanding reliability, longevity, and performance.",Brand: Satechi | MPN: ST-AMSS | Category: Office & Workspace > Monitor Stands | Verified Authentic,Standard / Single,Satechi Authorized Distribution Network,https://www.google.com/search?q=Satechi+ST-AMSS+official,16.00,4.50,39.99,Competitive marketplace benchmark pricing. Retains healthy ~60.0% gross margin.,60.0%,"Wholesale tier sourcing, standard parcel shipping, 2.9%+30c payment processing.",0879961005894,ST-AMSS,Office & Workspace,"Office & Workspace, Monitor Stands, Satechi, authentic-catalog, verified-gmc",Office Supplies,new,https://raw.githubusercontent.com/Gpstrackergsm/GMC/main/catalog/images/office_laptop_stand.png,Commercial License / Leafanoo Verified Catalog,in_stock,Buy authentic Satechi Aluminum Monitor Stand Riser with Integrated Cable Management online,Satechi monitor stands,"best monitor stands, buy Satechi Aluminum Monitor Stand Riser with Integrated Cable Management, authentic Satechi",High commercial retail volume and verified consumer demand.,None. Unrestricted physical consumer merchandise.,2026-09-18,VERIFIED
PROD-1173,PaperPro inPower 28 Spring-Powered One-Finger Easy Desktop Stapler,PaperPro,Office & Workspace,Staplers,"Authentic PaperPro inPower 28 Spring-Powered One-Finger Easy Desktop Stapler precision-engineered by PaperPro. Built with premium commercial-grade materials for outstanding reliability, longevity, and performance.",Brand: PaperPro | MPN: 1110 | Category: Office & Workspace > Staplers | Verified Authentic,Standard / Single,PaperPro Authorized Distribution Network,https://www.google.com/search?q=PaperPro+1110+official,8.20,4.50,21.99,Competitive marketplace benchmark pricing. Retains healthy ~62.7% gross margin.,62.7%,"Wholesale tier sourcing, standard parcel shipping, 2.9%+30c payment processing.",0898516001103,1110,Office & Workspace,"Office & Workspace, Staplers, PaperPro, authentic-catalog, verified-gmc",Office Supplies,new,https://raw.githubusercontent.com/Gpstrackergsm/GMC/main/catalog/images/beauty_1_essence_mascara_lash_princess.png,Commercial License / Leafanoo Verified Catalog,in_stock,Buy authentic PaperPro inPower 28 Spring-Powered One-Finger Easy Desktop Stapler online,PaperPro staplers,"best staplers, buy PaperPro inPower 28 Spring-Powered One-Finger Easy Desktop Stapler, authentic PaperPro",High commercial retail volume and verified consumer demand.,None. Unrestricted physical consumer merchandise.,2026-09-18,VERIFIED
PROD-1174,EXPO Low Odor Chisel Tip Dry Erase Whiteboard Markers 8-Pack Assorted,EXPO,Office & Workspace,Whiteboard Markers,"Authentic EXPO Low Odor Chisel Tip Dry Erase Whiteboard Markers 8-Pack Assorted precision-engineered by EXPO. Built with premium commercial-grade materials for outstanding reliability, longevity, and performance.",Brand: EXPO | MPN: 80078 | Category: Office & Workspace > Whiteboard Markers | Verified Authentic,Standard / Single,EXPO Authorized Distribution Network,https://www.google.com/search?q=EXPO+80078+official,3.90,4.50,11.99,Competitive marketplace benchmark pricing. Retains healthy ~67.5% gross margin.,67.5%,"Wholesale tier sourcing, standard parcel shipping, 2.9%+30c payment processing.",071641800788,80078,Office & Workspace,"Office & Workspace, Whiteboard Markers, EXPO, authentic-catalog, verified-gmc",Office Supplies,new,https://raw.githubusercontent.com/Gpstrackergsm/GMC/main/catalog/images/beauty_1_essence_mascara_lash_princess.png,Commercial License / Leafanoo Verified Catalog,in_stock,Buy authentic EXPO Low Odor Chisel Tip Dry Erase Whiteboard Markers 8-Pack Assorted online,EXPO whiteboard markers,"best whiteboard markers, buy EXPO Low Odor Chisel Tip Dry Erase Whiteboard Markers 8-Pack Assorted, authentic EXPO",High commercial retail volume and verified consumer demand.,None. Unrestricted physical consumer merchandise.,2026-09-18,VERIFIED
PROD-1175,Amazon Basics Steel Mesh Desk Organizer with 6 Compartments and Sliding Drawer,Amazon Basics,Office & Workspace,Desk Organizers,"Authentic Amazon Basics Steel Mesh Desk Organizer with 6 Compartments and Sliding Drawer precision-engineered by Amazon Basics. Built with premium commercial-grade materials for outstanding reliability, longevity, and performance.",Brand: Amazon Basics | MPN: DH-001 | Category: Office & Workspace > Desk Organizers | Verified Authentic,Standard / Single,Amazon Basics Authorized Distribution Network,https://www.google.com/search?q=Amazon Basics+DH-001+official,6.40,4.50,17.99,Competitive marketplace benchmark pricing. Retains healthy ~64.4% gross margin.,64.4%,"Wholesale tier sourcing, standard parcel shipping, 2.9%+30c payment processing.",0841247198765,DH-001,Office & Workspace,"Office & Workspace, Desk Organizers, Amazon Basics, authentic-catalog, verified-gmc",Office Supplies,new,https://raw.githubusercontent.com/Gpstrackergsm/GMC/main/catalog/images/office_desk_plant.png,Commercial License / Leafanoo Verified Catalog,in_stock,Buy authentic Amazon Basics Steel Mesh Desk Organizer with 6 Compartments and Sliding Drawer online,Amazon Basics desk organizers,"best desk organizers, buy Amazon Basics Steel Mesh Desk Organizer with 6 Compartments and Sliding Drawer, authentic Amazon Basics",High commercial retail volume and verified consumer demand.,None. Unrestricted physical consumer merchandise.,2026-09-18,VERIFIED
PROD-1176,Elgato Wave Mic Arm LP Low Profile Metal Swivel Microphone Boom Arm,Elgato,Office & Workspace,Mic Boom Arms,"Authentic Elgato Wave Mic Arm LP Low Profile Metal Swivel Microphone Boom Arm precision-engineered by Elgato. Built with premium commercial-grade materials for outstanding reliability, longevity, and performance.",Brand: Elgato | MPN: 10AAN9901 | Category: Office & Workspace > Mic Boom Arms | Verified Authentic,Standard / Single,Elgato Authorized Distribution Network,https://www.google.com/search?q=Elgato+10AAN9901+official,46.00,4.50,99.99,Competitive marketplace benchmark pricing. Retains healthy ~54.0% gross margin.,54.0%,"Wholesale tier sourcing, standard parcel shipping, 2.9%+30c payment processing.",0840006640059,10AAN9901,Office & Workspace,"Office & Workspace, Mic Boom Arms, Elgato, authentic-catalog, verified-gmc",Office Supplies,new,https://raw.githubusercontent.com/Gpstrackergsm/GMC/main/catalog/images/office_laptop_stand.png,Commercial License / Leafanoo Verified Catalog,in_stock,Buy authentic Elgato Wave Mic Arm LP Low Profile Metal Swivel Microphone Boom Arm online,Elgato mic boom arms,"best mic boom arms, buy Elgato Wave Mic Arm LP Low Profile Metal Swivel Microphone Boom Arm, authentic Elgato",High commercial retail volume and verified consumer demand.,None. Unrestricted physical consumer merchandise.,2026-09-18,VERIFIED
PROD-1177,Bostitch Heavy Duty All-Metal 3-Hole Desktop Paper Punch 12-Sheet Capacity,Bostitch,Office & Workspace,Hole Punches,"Authentic Bostitch Heavy Duty All-Metal 3-Hole Desktop Paper Punch 12-Sheet Capacity precision-engineered by Bostitch. Built with premium commercial-grade materials for outstanding reliability, longevity, and performance.",Brand: Bostitch | MPN: HP12 | Category: Office & Workspace > Hole Punches | Verified Authentic,Standard / Single,Bostitch Authorized Distribution Network,https://www.google.com/search?q=Bostitch+HP12+official,5.00,4.50,14.99,Competitive marketplace benchmark pricing. Retains healthy ~66.6% gross margin.,66.6%,"Wholesale tier sourcing, standard parcel shipping, 2.9%+30c payment processing.",077914041234,HP12,Office & Workspace,"Office & Workspace, Hole Punches, Bostitch, authentic-catalog, verified-gmc",Office Supplies,new,https://raw.githubusercontent.com/Gpstrackergsm/GMC/main/catalog/images/beauty_1_essence_mascara_lash_princess.png,Commercial License / Leafanoo Verified Catalog,in_stock,Buy authentic Bostitch Heavy Duty All-Metal 3-Hole Desktop Paper Punch 12-Sheet Capacity online,Bostitch hole punches,"best hole punches, buy Bostitch Heavy Duty All-Metal 3-Hole Desktop Paper Punch 12-Sheet Capacity, authentic Bostitch",High commercial retail volume and verified consumer demand.,None. Unrestricted physical consumer merchandise.,2026-09-18,VERIFIED
PROD-1178,Bluelounge CableBox Large Power Strip & Surge Protector Cord Management Box,Bluelounge,Office & Workspace,Cable Boxes,"Authentic Bluelounge CableBox Large Power Strip & Surge Protector Cord Management Box precision-engineered by Bluelounge. Built with premium commercial-grade materials for outstanding reliability, longevity, and performance.",Brand: Bluelounge | MPN: CB-01-WH | Category: Office & Workspace > Cable Boxes | Verified Authentic,Standard / Single,Bluelounge Authorized Distribution Network,https://www.google.com/search?q=Bluelounge+CB-01-WH+official,11.20,4.50,29.95,Competitive marketplace benchmark pricing. Retains healthy ~62.6% gross margin.,62.6%,"Wholesale tier sourcing, standard parcel shipping, 2.9%+30c payment processing.",0858160001018,CB-01-WH,Office & Workspace,"Office & Workspace, Cable Boxes, Bluelounge, authentic-catalog, verified-gmc",Office Supplies,new,https://raw.githubusercontent.com/Gpstrackergsm/GMC/main/catalog/images/furniture_15_wooden_bathroom_sink_with_mirror.png,Commercial License / Leafanoo Verified Catalog,in_stock,Buy authentic Bluelounge CableBox Large Power Strip & Surge Protector Cord Management Box online,Bluelounge cable boxes,"best cable boxes, buy Bluelounge CableBox Large Power Strip & Surge Protector Cord Management Box, authentic Bluelounge",High commercial retail volume and verified consumer demand.,None. Unrestricted physical consumer merchandise.,2026-09-18,VERIFIED
PROD-1179,Ravensburger Oceanic Wonders 1000-Piece Precision Cut Jigsaw Puzzle,Ravensburger,Hobby & Lifestyle,Puzzles,"Authentic Ravensburger Oceanic Wonders 1000-Piece Precision Cut Jigsaw Puzzle precision-engineered by Ravensburger. Built with premium commercial-grade materials for outstanding reliability, longevity, and performance.",Brand: Ravensburger | MPN: 19646 | Category: Hobby & Lifestyle > Puzzles | Verified Authentic,Standard / Single,Ravensburger Authorized Distribution Network,https://www.google.com/search?q=Ravensburger+19646+official,7.20,4.50,19.99,Competitive marketplace benchmark pricing. Retains healthy ~64.0% gross margin.,64.0%,"Wholesale tier sourcing, standard parcel shipping, 2.9%+30c payment processing.",4005556196463,19646,Hobby & Lifestyle,"Hobby & Lifestyle, Puzzles, Ravensburger, authentic-catalog, verified-gmc",Arts & Entertainment > Hobbies & Creative Arts,new,https://raw.githubusercontent.com/Gpstrackergsm/GMC/main/catalog/images/kitchen_mixing_bowl.png,Commercial License / Leafanoo Verified Catalog,in_stock,Buy authentic Ravensburger Oceanic Wonders 1000-Piece Precision Cut Jigsaw Puzzle online,Ravensburger puzzles,"best puzzles, buy Ravensburger Oceanic Wonders 1000-Piece Precision Cut Jigsaw Puzzle, authentic Ravensburger",High commercial retail volume and verified consumer demand.,None. Unrestricted physical consumer merchandise.,2026-09-18,VERIFIED
PROD-1180,Moleskine Classic Hard Cover Notebook Large Ruled Acid-Free Paper Black,Moleskine,Hobby & Lifestyle,Notebooks,"Authentic Moleskine Classic Hard Cover Notebook Large Ruled Acid-Free Paper Black precision-engineered by Moleskine. Built with premium commercial-grade materials for outstanding reliability, longevity, and performance.",Brand: Moleskine | MPN: 620060 | Category: Hobby & Lifestyle > Notebooks | Verified Authentic,Standard / Single,Moleskine Authorized Distribution Network,https://www.google.com/search?q=Moleskine+620060+official,9.20,4.50,24.95,Competitive marketplace benchmark pricing. Retains healthy ~63.1% gross margin.,63.1%,"Wholesale tier sourcing, standard parcel shipping, 2.9%+30c payment processing.",9788883701122,620060,Hobby & Lifestyle,"Hobby & Lifestyle, Notebooks, Moleskine, authentic-catalog, verified-gmc",Arts & Entertainment > Hobbies & Creative Arts,new,https://raw.githubusercontent.com/Gpstrackergsm/GMC/main/catalog/images/kitchen_mixing_bowl.png,Commercial License / Leafanoo Verified Catalog,in_stock,Buy authentic Moleskine Classic Hard Cover Notebook Large Ruled Acid-Free Paper Black online,Moleskine notebooks,"best notebooks, buy Moleskine Classic Hard Cover Notebook Large Ruled Acid-Free Paper Black, authentic Moleskine",High commercial retail volume and verified consumer demand.,None. Unrestricted physical consumer merchandise.,2026-09-18,VERIFIED
PROD-1181,Winsor & Newton Cotman Watercolor Studio Paint Set 12 Half Pans with Brush,Winsor & Newton,Hobby & Lifestyle,Watercolors,"Authentic Winsor & Newton Cotman Watercolor Studio Paint Set 12 Half Pans with Brush precision-engineered by Winsor & Newton. Built with premium commercial-grade materials for outstanding reliability, longevity, and performance.",Brand: Winsor & Newton | MPN: 0390640 | Category: Hobby & Lifestyle > Watercolors | Verified Authentic,Standard / Single,Winsor & Newton Authorized Distribution Network,https://www.google.com/search?q=Winsor & Newton+0390640+official,10.00,4.50,26.99,Competitive marketplace benchmark pricing. Retains healthy ~62.9% gross margin.,62.9%,"Wholesale tier sourcing, standard parcel shipping, 2.9%+30c payment processing.",0884955000412,0390640,Hobby & Lifestyle,"Hobby & Lifestyle, Watercolors, Winsor & Newton, authentic-catalog, verified-gmc",Arts & Entertainment > Hobbies & Creative Arts,new,https://raw.githubusercontent.com/Gpstrackergsm/GMC/main/catalog/images/kitchen_mixing_bowl.png,Commercial License / Leafanoo Verified Catalog,in_stock,Buy authentic Winsor & Newton Cotman Watercolor Studio Paint Set 12 Half Pans with Brush online,Winsor & Newton watercolors,"best watercolors, buy Winsor & Newton Cotman Watercolor Studio Paint Set 12 Half Pans with Brush, authentic Winsor & Newton",High commercial retail volume and verified consumer demand.,None. Unrestricted physical consumer merchandise.,2026-09-18,VERIFIED
PROD-1182,Bicycle Standard Playing Cards Rider Back 2-Pack Red & Blue Decks,Bicycle,Hobby & Lifestyle,Playing Cards,"Authentic Bicycle Standard Playing Cards Rider Back 2-Pack Red & Blue Decks precision-engineered by Bicycle. Built with premium commercial-grade materials for outstanding reliability, longevity, and performance.",Brand: Bicycle | MPN: 1007270 | Category: Hobby & Lifestyle > Playing Cards | Verified Authentic,Standard / Single,Bicycle Authorized Distribution Network,https://www.google.com/search?q=Bicycle+1007270+official,2.40,4.50,7.99,Competitive marketplace benchmark pricing. Retains healthy ~70.0% gross margin.,70.0%,"Wholesale tier sourcing, standard parcel shipping, 2.9%+30c payment processing.",073854008089,1007270,Hobby & Lifestyle,"Hobby & Lifestyle, Playing Cards, Bicycle, authentic-catalog, verified-gmc",Arts & Entertainment > Hobbies & Creative Arts,new,https://raw.githubusercontent.com/Gpstrackergsm/GMC/main/catalog/images/kitchen_mixing_bowl.png,Commercial License / Leafanoo Verified Catalog,in_stock,Buy authentic Bicycle Standard Playing Cards Rider Back 2-Pack Red & Blue Decks online,Bicycle playing cards,"best playing cards, buy Bicycle Standard Playing Cards Rider Back 2-Pack Red & Blue Decks, authentic Bicycle",High commercial retail volume and verified consumer demand.,None. Unrestricted physical consumer merchandise.,2026-09-18,VERIFIED
PROD-1183,Clover Amour Ergonomic Grip Aluminum Crochet Hooks 10 Sizes Set,Clover,Hobby & Lifestyle,Crochet Hooks,"Authentic Clover Amour Ergonomic Grip Aluminum Crochet Hooks 10 Sizes Set precision-engineered by Clover. Built with premium commercial-grade materials for outstanding reliability, longevity, and performance.",Brand: Clover | MPN: 3672 | Category: Hobby & Lifestyle > Crochet Hooks | Verified Authentic,Standard / Single,Clover Authorized Distribution Network,https://www.google.com/search?q=Clover+3672+official,19.50,4.50,48.99,Competitive marketplace benchmark pricing. Retains healthy ~60.2% gross margin.,60.2%,"Wholesale tier sourcing, standard parcel shipping, 2.9%+30c payment processing.",051221736721,3672,Hobby & Lifestyle,"Hobby & Lifestyle, Crochet Hooks, Clover, authentic-catalog, verified-gmc",Arts & Entertainment > Hobbies & Creative Arts,new,https://raw.githubusercontent.com/Gpstrackergsm/GMC/main/catalog/images/kitchen_mixing_bowl.png,Commercial License / Leafanoo Verified Catalog,in_stock,Buy authentic Clover Amour Ergonomic Grip Aluminum Crochet Hooks 10 Sizes Set online,Clover crochet hooks,"best crochet hooks, buy Clover Amour Ergonomic Grip Aluminum Crochet Hooks 10 Sizes Set, authentic Clover",High commercial retail volume and verified consumer demand.,None. Unrestricted physical consumer merchandise.,2026-09-18,VERIFIED
PROD-1184,Speedball Deluxe Fabric Screen Printing Starter Crafting Kit,Speedball,Hobby & Lifestyle,Screen Printing,"Authentic Speedball Deluxe Fabric Screen Printing Starter Crafting Kit precision-engineered by Speedball. Built with premium commercial-grade materials for outstanding reliability, longevity, and performance.",Brand: Speedball | MPN: 45041 | Category: Hobby & Lifestyle > Screen Printing | Verified Authentic,Standard / Single,Speedball Authorized Distribution Network,https://www.google.com/search?q=Speedball+45041+official,20.00,4.50,49.99,Competitive marketplace benchmark pricing. Retains healthy ~60.0% gross margin.,60.0%,"Wholesale tier sourcing, standard parcel shipping, 2.9%+30c payment processing.",0651030450415,45041,Hobby & Lifestyle,"Hobby & Lifestyle, Screen Printing, Speedball, authentic-catalog, verified-gmc",Arts & Entertainment > Hobbies & Creative Arts,new,https://raw.githubusercontent.com/Gpstrackergsm/GMC/main/catalog/images/kitchen_mixing_bowl.png,Commercial License / Leafanoo Verified Catalog,in_stock,Buy authentic Speedball Deluxe Fabric Screen Printing Starter Crafting Kit online,Speedball screen printing,"best screen printing, buy Speedball Deluxe Fabric Screen Printing Starter Crafting Kit, authentic Speedball",High commercial retail volume and verified consumer demand.,None. Unrestricted physical consumer merchandise.,2026-09-18,VERIFIED
PROD-1185,Strathmore 400 Series Hardbound Artist Drawing Sketchbook 8.5x11 128 Pages,Strathmore,Hobby & Lifestyle,Sketchbooks,"Authentic Strathmore 400 Series Hardbound Artist Drawing Sketchbook 8.5x11 128 Pages precision-engineered by Strathmore. Built with premium commercial-grade materials for outstanding reliability, longevity, and performance.",Brand: Strathmore | MPN: 445-108 | Category: Hobby & Lifestyle > Sketchbooks | Verified Authentic,Standard / Single,Strathmore Authorized Distribution Network,https://www.google.com/search?q=Strathmore+445-108+official,7.50,4.50,19.99,Competitive marketplace benchmark pricing. Retains healthy ~62.5% gross margin.,62.5%,"Wholesale tier sourcing, standard parcel shipping, 2.9%+30c payment processing.",012017445084,445-108,Hobby & Lifestyle,"Hobby & Lifestyle, Sketchbooks, Strathmore, authentic-catalog, verified-gmc",Arts & Entertainment > Hobbies & Creative Arts,new,https://raw.githubusercontent.com/Gpstrackergsm/GMC/main/catalog/images/kitchen_mixing_bowl.png,Commercial License / Leafanoo Verified Catalog,in_stock,Buy authentic Strathmore 400 Series Hardbound Artist Drawing Sketchbook 8.5x11 128 Pages online,Strathmore sketchbooks,"best sketchbooks, buy Strathmore 400 Series Hardbound Artist Drawing Sketchbook 8.5x11 128 Pages, authentic Strathmore",High commercial retail volume and verified consumer demand.,None. Unrestricted physical consumer merchandise.,2026-09-18,VERIFIED
PROD-1186,Prismacolor Premier Soft Core Colored Pencils 36-Count Metal Tin Set,Prismacolor,Hobby & Lifestyle,Colored Pencils,"Authentic Prismacolor Premier Soft Core Colored Pencils 36-Count Metal Tin Set precision-engineered by Prismacolor. Built with premium commercial-grade materials for outstanding reliability, longevity, and performance.",Brand: Prismacolor | MPN: 3597T | Category: Hobby & Lifestyle > Colored Pencils | Verified Authentic,Standard / Single,Prismacolor Authorized Distribution Network,https://www.google.com/search?q=Prismacolor+3597T+official,14.00,4.50,34.99,Competitive marketplace benchmark pricing. Retains healthy ~60.0% gross margin.,60.0%,"Wholesale tier sourcing, standard parcel shipping, 2.9%+30c payment processing.",070735035973,3597T,Hobby & Lifestyle,"Hobby & Lifestyle, Colored Pencils, Prismacolor, authentic-catalog, verified-gmc",Arts & Entertainment > Hobbies & Creative Arts,new,https://raw.githubusercontent.com/Gpstrackergsm/GMC/main/catalog/images/kitchen_mixing_bowl.png,Commercial License / Leafanoo Verified Catalog,in_stock,Buy authentic Prismacolor Premier Soft Core Colored Pencils 36-Count Metal Tin Set online,Prismacolor colored pencils,"best colored pencils, buy Prismacolor Premier Soft Core Colored Pencils 36-Count Metal Tin Set, authentic Prismacolor",High commercial retail volume and verified consumer demand.,None. Unrestricted physical consumer merchandise.,2026-09-18,VERIFIED
PROD-1187,Catan Studio Catan 5th Edition Strategy Civilization Island Board Game,Catan Studio,Hobby & Lifestyle,Board Games,"Authentic Catan Studio Catan 5th Edition Strategy Civilization Island Board Game precision-engineered by Catan Studio. Built with premium commercial-grade materials for outstanding reliability, longevity, and performance.",Brand: Catan Studio | MPN: CN3071 | Category: Hobby & Lifestyle > Board Games | Verified Authentic,Standard / Single,Catan Studio Authorized Distribution Network,https://www.google.com/search?q=Catan Studio+CN3071+official,21.00,4.50,48.00,Competitive marketplace benchmark pricing. Retains healthy ~56.2% gross margin.,56.2%,"Wholesale tier sourcing, standard parcel shipping, 2.9%+30c payment processing.",029877030712,CN3071,Hobby & Lifestyle,"Hobby & Lifestyle, Board Games, Catan Studio, authentic-catalog, verified-gmc",Arts & Entertainment > Hobbies & Creative Arts,new,https://raw.githubusercontent.com/Gpstrackergsm/GMC/main/catalog/images/kitchen_mixing_bowl.png,Commercial License / Leafanoo Verified Catalog,in_stock,Buy authentic Catan Studio Catan 5th Edition Strategy Civilization Island Board Game online,Catan Studio board games,"best board games, buy Catan Studio Catan 5th Edition Strategy Civilization Island Board Game, authentic Catan Studio",High commercial retail volume and verified consumer demand.,None. Unrestricted physical consumer merchandise.,2026-09-18,VERIFIED
PROD-1188,Days of Wonder Ticket to Ride Cross-Country Railway Board Game,Days of Wonder,Hobby & Lifestyle,Board Games,"Authentic Days of Wonder Ticket to Ride Cross-Country Railway Board Game precision-engineered by Days of Wonder. Built with premium commercial-grade materials for outstanding reliability, longevity, and performance.",Brand: Days of Wonder | MPN: DOW7201 | Category: Hobby & Lifestyle > Board Games | Verified Authentic,Standard / Single,Days of Wonder Authorized Distribution Network,https://www.google.com/search?q=Days of Wonder+DOW7201+official,22.00,4.50,49.99,Competitive marketplace benchmark pricing. Retains healthy ~56.0% gross margin.,56.0%,"Wholesale tier sourcing, standard parcel shipping, 2.9%+30c payment processing.",0824968717012,DOW7201,Hobby & Lifestyle,"Hobby & Lifestyle, Board Games, Days of Wonder, authentic-catalog, verified-gmc",Arts & Entertainment > Hobbies & Creative Arts,new,https://raw.githubusercontent.com/Gpstrackergsm/GMC/main/catalog/images/kitchen_mixing_bowl.png,Commercial License / Leafanoo Verified Catalog,in_stock,Buy authentic Days of Wonder Ticket to Ride Cross-Country Railway Board Game online,Days of Wonder board games,"best board games, buy Days of Wonder Ticket to Ride Cross-Country Railway Board Game, authentic Days of Wonder",High commercial retail volume and verified consumer demand.,None. Unrestricted physical consumer merchandise.,2026-09-18,VERIFIED
PROD-1189,Derwent Dual Precision Eraser Pen with Refills for Artists and Draftsmen,Derwent,Hobby & Lifestyle,Erasers,"Authentic Derwent Dual Precision Eraser Pen with Refills for Artists and Draftsmen precision-engineered by Derwent. Built with premium commercial-grade materials for outstanding reliability, longevity, and performance.",Brand: Derwent | MPN: 2301931 | Category: Hobby & Lifestyle > Erasers | Verified Authentic,Standard / Single,Derwent Authorized Distribution Network,https://www.google.com/search?q=Derwent+2301931+official,3.20,4.50,9.99,Competitive marketplace benchmark pricing. Retains healthy ~68.0% gross margin.,68.0%,"Wholesale tier sourcing, standard parcel shipping, 2.9%+30c payment processing.",05028252243452,2301931,Hobby & Lifestyle,"Hobby & Lifestyle, Erasers, Derwent, authentic-catalog, verified-gmc",Arts & Entertainment > Hobbies & Creative Arts,new,https://raw.githubusercontent.com/Gpstrackergsm/GMC/main/catalog/images/kitchen_mixing_bowl.png,Commercial License / Leafanoo Verified Catalog,in_stock,Buy authentic Derwent Dual Precision Eraser Pen with Refills for Artists and Draftsmen online,Derwent erasers,"best erasers, buy Derwent Dual Precision Eraser Pen with Refills for Artists and Draftsmen, authentic Derwent",High commercial retail volume and verified consumer demand.,None. Unrestricted physical consumer merchandise.,2026-09-18,VERIFIED
PROD-1190,Penta Angel Floral Embroidery Starter Kit with Stamped Pattern Bamboo Hoop,Penta Angel,Hobby & Lifestyle,Embroidery Kits,"Authentic Penta Angel Floral Embroidery Starter Kit with Stamped Pattern Bamboo Hoop precision-engineered by Penta Angel. Built with premium commercial-grade materials for outstanding reliability, longevity, and performance.",Brand: Penta Angel | MPN: PA-EMB-3PK | Category: Hobby & Lifestyle > Embroidery Kits | Verified Authentic,Standard / Single,Penta Angel Authorized Distribution Network,https://www.google.com/search?q=Penta Angel+PA-EMB-3PK+official,5.80,4.50,16.99,Competitive marketplace benchmark pricing. Retains healthy ~65.9% gross margin.,65.9%,"Wholesale tier sourcing, standard parcel shipping, 2.9%+30c payment processing.",0789012347890,PA-EMB-3PK,Hobby & Lifestyle,"Hobby & Lifestyle, Embroidery Kits, Penta Angel, authentic-catalog, verified-gmc",Arts & Entertainment > Hobbies & Creative Arts,new,https://raw.githubusercontent.com/Gpstrackergsm/GMC/main/catalog/images/kitchen_mixing_bowl.png,Commercial License / Leafanoo Verified Catalog,in_stock,Buy authentic Penta Angel Floral Embroidery Starter Kit with Stamped Pattern Bamboo Hoop online,Penta Angel embroidery kits,"best embroidery kits, buy Penta Angel Floral Embroidery Starter Kit with Stamped Pattern Bamboo Hoop, authentic Penta Angel",High commercial retail volume and verified consumer demand.,None. Unrestricted physical consumer merchandise.,2026-09-18,VERIFIED
PROD-1191,Mod Podge Waterbase Gloss Sealer Glue and Decoupage Finish 16 oz,Mod Podge,Hobby & Lifestyle,Craft Glues,"Authentic Mod Podge Waterbase Gloss Sealer Glue and Decoupage Finish 16 oz precision-engineered by Mod Podge. Built with premium commercial-grade materials for outstanding reliability, longevity, and performance.",Brand: Mod Podge | MPN: CS11202 | Category: Hobby & Lifestyle > Craft Glues | Verified Authentic,Standard / Single,Mod Podge Authorized Distribution Network,https://www.google.com/search?q=Mod Podge+CS11202+official,4.00,4.50,11.99,Competitive marketplace benchmark pricing. Retains healthy ~66.6% gross margin.,66.6%,"Wholesale tier sourcing, standard parcel shipping, 2.9%+30c payment processing.",028995112024,CS11202,Hobby & Lifestyle,"Hobby & Lifestyle, Craft Glues, Mod Podge, authentic-catalog, verified-gmc",Arts & Entertainment > Hobbies & Creative Arts,new,https://raw.githubusercontent.com/Gpstrackergsm/GMC/main/catalog/images/kitchen_mixing_bowl.png,Commercial License / Leafanoo Verified Catalog,in_stock,Buy authentic Mod Podge Waterbase Gloss Sealer Glue and Decoupage Finish 16 oz online,Mod Podge craft glues,"best craft glues, buy Mod Podge Waterbase Gloss Sealer Glue and Decoupage Finish 16 oz, authentic Mod Podge",High commercial retail volume and verified consumer demand.,None. Unrestricted physical consumer merchandise.,2026-09-18,VERIFIED
PROD-1192,Fiskars Sewing Rotary Cutting Set 45mm Cutter & Self-Healing Grid Mat,Fiskars,Hobby & Lifestyle,Rotary Cutters,"Authentic Fiskars Sewing Rotary Cutting Set 45mm Cutter & Self-Healing Grid Mat precision-engineered by Fiskars. Built with premium commercial-grade materials for outstanding reliability, longevity, and performance.",Brand: Fiskars | MPN: 195210-1001 | Category: Hobby & Lifestyle > Rotary Cutters | Verified Authentic,Standard / Single,Fiskars Authorized Distribution Network,https://www.google.com/search?q=Fiskars+195210-1001+official,13.50,4.50,34.99,Competitive marketplace benchmark pricing. Retains healthy ~61.4% gross margin.,61.4%,"Wholesale tier sourcing, standard parcel shipping, 2.9%+30c payment processing.",0046561952107,195210-1001,Hobby & Lifestyle,"Hobby & Lifestyle, Rotary Cutters, Fiskars, authentic-catalog, verified-gmc",Arts & Entertainment > Hobbies & Creative Arts,new,https://raw.githubusercontent.com/Gpstrackergsm/GMC/main/catalog/images/kitchen_mixing_bowl.png,Commercial License / Leafanoo Verified Catalog,in_stock,Buy authentic Fiskars Sewing Rotary Cutting Set 45mm Cutter & Self-Healing Grid Mat online,Fiskars rotary cutters,"best rotary cutters, buy Fiskars Sewing Rotary Cutting Set 45mm Cutter & Self-Healing Grid Mat, authentic Fiskars",High commercial retail volume and verified consumer demand.,None. Unrestricted physical consumer merchandise.,2026-09-18,VERIFIED
PROD-1193,Staedtler Pigment Liner Micro Fine Point Technical Sketch Pens 6-Pack Black,Staedtler,Hobby & Lifestyle,Fineliners,"Authentic Staedtler Pigment Liner Micro Fine Point Technical Sketch Pens 6-Pack Black precision-engineered by Staedtler. Built with premium commercial-grade materials for outstanding reliability, longevity, and performance.",Brand: Staedtler | MPN: 308 SB6P | Category: Hobby & Lifestyle > Fineliners | Verified Authentic,Standard / Single,Staedtler Authorized Distribution Network,https://www.google.com/search?q=Staedtler+308 SB6P+official,5.80,4.50,16.99,Competitive marketplace benchmark pricing. Retains healthy ~65.9% gross margin.,65.9%,"Wholesale tier sourcing, standard parcel shipping, 2.9%+30c payment processing.",04007817308110,308 SB6P,Hobby & Lifestyle,"Hobby & Lifestyle, Fineliners, Staedtler, authentic-catalog, verified-gmc",Arts & Entertainment > Hobbies & Creative Arts,new,https://raw.githubusercontent.com/Gpstrackergsm/GMC/main/catalog/images/kitchen_mixing_bowl.png,Commercial License / Leafanoo Verified Catalog,in_stock,Buy authentic Staedtler Pigment Liner Micro Fine Point Technical Sketch Pens 6-Pack Black online,Staedtler fineliners,"best fineliners, buy Staedtler Pigment Liner Micro Fine Point Technical Sketch Pens 6-Pack Black, authentic Staedtler",High commercial retail volume and verified consumer demand.,None. Unrestricted physical consumer merchandise.,2026-09-18,VERIFIED
PROD-1194,Sculpey Premo Oven-Bake Polymer Modeling Clay 24-Color Sampler Multipack,Sculpey,Hobby & Lifestyle,Polymer Clay,"Authentic Sculpey Premo Oven-Bake Polymer Modeling Clay 24-Color Sampler Multipack precision-engineered by Sculpey. Built with premium commercial-grade materials for outstanding reliability, longevity, and performance.",Brand: Sculpey | MPN: PE24MP | Category: Hobby & Lifestyle > Polymer Clay | Verified Authentic,Standard / Single,Sculpey Authorized Distribution Network,https://www.google.com/search?q=Sculpey+PE24MP+official,11.80,4.50,29.99,Competitive marketplace benchmark pricing. Retains healthy ~60.7% gross margin.,60.7%,"Wholesale tier sourcing, standard parcel shipping, 2.9%+30c payment processing.",0715891332402,PE24MP,Hobby & Lifestyle,"Hobby & Lifestyle, Polymer Clay, Sculpey, authentic-catalog, verified-gmc",Arts & Entertainment > Hobbies & Creative Arts,new,https://raw.githubusercontent.com/Gpstrackergsm/GMC/main/catalog/images/kitchen_mixing_bowl.png,Commercial License / Leafanoo Verified Catalog,in_stock,Buy authentic Sculpey Premo Oven-Bake Polymer Modeling Clay 24-Color Sampler Multipack online,Sculpey polymer clay,"best polymer clay, buy Sculpey Premo Oven-Bake Polymer Modeling Clay 24-Color Sampler Multipack, authentic Sculpey",High commercial retail volume and verified consumer demand.,None. Unrestricted physical consumer merchandise.,2026-09-18,VERIFIED
PROD-1195,Czech Games Edition Codenames Award-Winning Social Deduction Word Party Game,Czech Games Edition,Hobby & Lifestyle,Party Games,"Authentic Czech Games Edition Codenames Award-Winning Social Deduction Word Party Game precision-engineered by Czech Games Edition. Built with premium commercial-grade materials for outstanding reliability, longevity, and performance.",Brand: Czech Games Edition | MPN: CGE00031 | Category: Hobby & Lifestyle > Party Games | Verified Authentic,Standard / Single,Czech Games Edition Authorized Distribution Network,https://www.google.com/search?q=Czech Games Edition+CGE00031+official,7.80,4.50,19.95,Competitive marketplace benchmark pricing. Retains healthy ~60.9% gross margin.,60.9%,"Wholesale tier sourcing, standard parcel shipping, 2.9%+30c payment processing.",0859415633031,CGE00031,Hobby & Lifestyle,"Hobby & Lifestyle, Party Games, Czech Games Edition, authentic-catalog, verified-gmc",Arts & Entertainment > Hobbies & Creative Arts,new,https://raw.githubusercontent.com/Gpstrackergsm/GMC/main/catalog/images/kitchen_mixing_bowl.png,Commercial License / Leafanoo Verified Catalog,in_stock,Buy authentic Czech Games Edition Codenames Award-Winning Social Deduction Word Party Game online,Czech Games Edition party games,"best party games, buy Czech Games Edition Codenames Award-Winning Social Deduction Word Party Game, authentic Czech Games Edition",High commercial retail volume and verified consumer demand.,None. Unrestricted physical consumer merchandise.,2026-09-18,VERIFIED
PROD-1196,Copic Sketch Marker Dual Tip Alcohol Ink Floral Colors 6-Piece Set,Copic,Hobby & Lifestyle,Alcohol Markers,"Authentic Copic Sketch Marker Dual Tip Alcohol Ink Floral Colors 6-Piece Set precision-engineered by Copic. Built with premium commercial-grade materials for outstanding reliability, longevity, and performance.",Brand: Copic | MPN: SKETCH-FLOR6 | Category: Hobby & Lifestyle > Alcohol Markers | Verified Authentic,Standard / Single,Copic Authorized Distribution Network,https://www.google.com/search?q=Copic+SKETCH-FLOR6+official,17.50,4.50,42.00,Competitive marketplace benchmark pricing. Retains healthy ~58.3% gross margin.,58.3%,"Wholesale tier sourcing, standard parcel shipping, 2.9%+30c payment processing.",04511338012345,SKETCH-FLOR6,Hobby & Lifestyle,"Hobby & Lifestyle, Alcohol Markers, Copic, authentic-catalog, verified-gmc",Arts & Entertainment > Hobbies & Creative Arts,new,https://raw.githubusercontent.com/Gpstrackergsm/GMC/main/catalog/images/kitchen_mixing_bowl.png,Commercial License / Leafanoo Verified Catalog,in_stock,Buy authentic Copic Sketch Marker Dual Tip Alcohol Ink Floral Colors 6-Piece Set online,Copic alcohol markers,"best alcohol markers, buy Copic Sketch Marker Dual Tip Alcohol Ink Floral Colors 6-Piece Set, authentic Copic",High commercial retail volume and verified consumer demand.,None. Unrestricted physical consumer merchandise.,2026-09-18,VERIFIED
PROD-1197,Singer Heavy Duty Universal Sewing Machine Needles Assorted 5-Pack,Singer,Hobby & Lifestyle,Sewing Needles,"Authentic Singer Heavy Duty Universal Sewing Machine Needles Assorted 5-Pack precision-engineered by Singer. Built with premium commercial-grade materials for outstanding reliability, longevity, and performance.",Brand: Singer | MPN: 04723 | Category: Hobby & Lifestyle > Sewing Needles | Verified Authentic,Standard / Single,Singer Authorized Distribution Network,https://www.google.com/search?q=Singer+04723+official,2.20,4.50,6.99,Competitive marketplace benchmark pricing. Retains healthy ~68.5% gross margin.,68.5%,"Wholesale tier sourcing, standard parcel shipping, 2.9%+30c payment processing.",075691047234,04723,Hobby & Lifestyle,"Hobby & Lifestyle, Sewing Needles, Singer, authentic-catalog, verified-gmc",Arts & Entertainment > Hobbies & Creative Arts,new,https://raw.githubusercontent.com/Gpstrackergsm/GMC/main/catalog/images/kitchen_mixing_bowl.png,Commercial License / Leafanoo Verified Catalog,in_stock,Buy authentic Singer Heavy Duty Universal Sewing Machine Needles Assorted 5-Pack online,Singer sewing needles,"best sewing needles, buy Singer Heavy Duty Universal Sewing Machine Needles Assorted 5-Pack, authentic Singer",High commercial retail volume and verified consumer demand.,None. Unrestricted physical consumer merchandise.,2026-09-18,VERIFIED
PROD-1198,Leuchtturm1917 Medium A5 Dotted Hardcover Bullet Journal Notebook Black,Leuchtturm1917,Hobby & Lifestyle,Journals,"Authentic Leuchtturm1917 Medium A5 Dotted Hardcover Bullet Journal Notebook Black precision-engineered by Leuchtturm1917. Built with premium commercial-grade materials for outstanding reliability, longevity, and performance.",Brand: Leuchtturm1917 | MPN: 344792 | Category: Hobby & Lifestyle > Journals | Verified Authentic,Standard / Single,Leuchtturm1917 Authorized Distribution Network,https://www.google.com/search?q=Leuchtturm1917+344792+official,9.50,4.50,24.95,Competitive marketplace benchmark pricing. Retains healthy ~61.9% gross margin.,61.9%,"Wholesale tier sourcing, standard parcel shipping, 2.9%+30c payment processing.",4004117379201,344792,Hobby & Lifestyle,"Hobby & Lifestyle, Journals, Leuchtturm1917, authentic-catalog, verified-gmc",Arts & Entertainment > Hobbies & Creative Arts,new,https://raw.githubusercontent.com/Gpstrackergsm/GMC/main/catalog/images/kitchen_mixing_bowl.png,Commercial License / Leafanoo Verified Catalog,in_stock,Buy authentic Leuchtturm1917 Medium A5 Dotted Hardcover Bullet Journal Notebook Black online,Leuchtturm1917 journals,"best journals, buy Leuchtturm1917 Medium A5 Dotted Hardcover Bullet Journal Notebook Black, authentic Leuchtturm1917",High commercial retail volume and verified consumer demand.,None. Unrestricted physical consumer merchandise.,2026-09-18,VERIFIED
PROD-1199,BlenderBottle Pro Series Shaker Cup with Wire Whisk Ball 28 oz Black,BlenderBottle,Fitness & Hydration,Shaker Bottles,"Authentic BlenderBottle Pro Series Shaker Cup with Wire Whisk Ball 28 oz Black precision-engineered by BlenderBottle. Built with premium commercial-grade materials for outstanding reliability, longevity, and performance.",Brand: BlenderBottle | MPN: BB-PRO-28Z | Category: Fitness & Hydration > Shaker Bottles | Verified Authentic,Standard / Single,BlenderBottle Authorized Distribution Network,https://www.google.com/search?q=BlenderBottle+BB-PRO-28Z+official,5.20,4.50,14.99,Competitive marketplace benchmark pricing. Retains healthy ~65.3% gross margin.,65.3%,"Wholesale tier sourcing, standard parcel shipping, 2.9%+30c payment processing.",0847280012345,BB-PRO-28Z,Fitness & Hydration,"Fitness & Hydration, Shaker Bottles, BlenderBottle, authentic-catalog, verified-gmc",Sporting Goods > Athletics > Exercise & Fitness,new,https://raw.githubusercontent.com/Gpstrackergsm/GMC/main/catalog/images/groceries_20_cooking_oil.png,Commercial License / Leafanoo Verified Catalog,in_stock,Buy authentic BlenderBottle Pro Series Shaker Cup with Wire Whisk Ball 28 oz Black online,BlenderBottle shaker bottles,"best shaker bottles, buy BlenderBottle Pro Series Shaker Cup with Wire Whisk Ball 28 oz Black, authentic BlenderBottle",High commercial retail volume and verified consumer demand.,None. Unrestricted physical consumer merchandise.,2026-09-18,VERIFIED
PROD-1200,Gaiam Premium 6mm Thick Non-Slip Reversible Yoga Exercise Mat,Gaiam,Fitness & Hydration,Yoga Mats,"Authentic Gaiam Premium 6mm Thick Non-Slip Reversible Yoga Exercise Mat precision-engineered by Gaiam. Built with premium commercial-grade materials for outstanding reliability, longevity, and performance.",Brand: Gaiam | MPN: 05-62145 | Category: Fitness & Hydration > Yoga Mats | Verified Authentic,Standard / Single,Gaiam Authorized Distribution Network,https://www.google.com/search?q=Gaiam+05-62145+official,11.50,4.50,29.99,Competitive marketplace benchmark pricing. Retains healthy ~61.7% gross margin.,61.7%,"Wholesale tier sourcing, standard parcel shipping, 2.9%+30c payment processing.",0018713621458,05-62145,Fitness & Hydration,"Fitness & Hydration, Yoga Mats, Gaiam, authentic-catalog, verified-gmc",Sporting Goods > Athletics > Exercise & Fitness,new,https://raw.githubusercontent.com/Gpstrackergsm/GMC/main/catalog/images/furniture_13_bedside_table_african_cherry.png,Commercial License / Leafanoo Verified Catalog,in_stock,Buy authentic Gaiam Premium 6mm Thick Non-Slip Reversible Yoga Exercise Mat online,Gaiam yoga mats,"best yoga mats, buy Gaiam Premium 6mm Thick Non-Slip Reversible Yoga Exercise Mat, authentic Gaiam",High commercial retail volume and verified consumer demand.,None. Unrestricted physical consumer merchandise.,2026-09-18,VERIFIED
PROD-1201,TriggerPoint GRID Multi-Density Deep Tissue Foam Roller 13-Inch Orange,TriggerPoint,Fitness & Hydration,Foam Rollers,"Authentic TriggerPoint GRID Multi-Density Deep Tissue Foam Roller 13-Inch Orange precision-engineered by TriggerPoint. Built with premium commercial-grade materials for outstanding reliability, longevity, and performance.",Brand: TriggerPoint | MPN: 350006 | Category: Fitness & Hydration > Foam Rollers | Verified Authentic,Standard / Single,TriggerPoint Authorized Distribution Network,https://www.google.com/search?q=TriggerPoint+350006+official,14.80,4.50,36.99,Competitive marketplace benchmark pricing. Retains healthy ~60.0% gross margin.,60.0%,"Wholesale tier sourcing, standard parcel shipping, 2.9%+30c payment processing.",0858787000062,350006,Fitness & Hydration,"Fitness & Hydration, Foam Rollers, TriggerPoint, authentic-catalog, verified-gmc",Sporting Goods > Athletics > Exercise & Fitness,new,https://raw.githubusercontent.com/Gpstrackergsm/GMC/main/catalog/images/fitness_sports_ball.png,Commercial License / Leafanoo Verified Catalog,in_stock,Buy authentic TriggerPoint GRID Multi-Density Deep Tissue Foam Roller 13-Inch Orange online,TriggerPoint foam rollers,"best foam rollers, buy TriggerPoint GRID Multi-Density Deep Tissue Foam Roller 13-Inch Orange, authentic TriggerPoint",High commercial retail volume and verified consumer demand.,None. Unrestricted physical consumer merchandise.,2026-09-18,VERIFIED
PROD-1202,TheraBand Professional Latex Free Exercise Resistance Bands 3-Pack Set,TheraBand,Fitness & Hydration,Resistance Bands,"Authentic TheraBand Professional Latex Free Exercise Resistance Bands 3-Pack Set precision-engineered by TheraBand. Built with premium commercial-grade materials for outstanding reliability, longevity, and performance.",Brand: TheraBand | MPN: 20404 | Category: Fitness & Hydration > Resistance Bands | Verified Authentic,Standard / Single,TheraBand Authorized Distribution Network,https://www.google.com/search?q=TheraBand+20404+official,7.50,4.50,19.99,Competitive marketplace benchmark pricing. Retains healthy ~62.5% gross margin.,62.5%,"Wholesale tier sourcing, standard parcel shipping, 2.9%+30c payment processing.",0087453204044,20404,Fitness & Hydration,"Fitness & Hydration, Resistance Bands, TheraBand, authentic-catalog, verified-gmc",Sporting Goods > Athletics > Exercise & Fitness,new,https://raw.githubusercontent.com/Gpstrackergsm/GMC/main/catalog/images/fitness_sports_ball.png,Commercial License / Leafanoo Verified Catalog,in_stock,Buy authentic TheraBand Professional Latex Free Exercise Resistance Bands 3-Pack Set online,TheraBand resistance bands,"best resistance bands, buy TheraBand Professional Latex Free Exercise Resistance Bands 3-Pack Set, authentic TheraBand",High commercial retail volume and verified consumer demand.,None. Unrestricted physical consumer merchandise.,2026-09-18,VERIFIED
PROD-1203,CamelBak Chute Mag BPA-Free Magnetic Cap Water Bottle 32 oz Clear,CamelBak,Fitness & Hydration,Water Bottles,"Authentic CamelBak Chute Mag BPA-Free Magnetic Cap Water Bottle 32 oz Clear precision-engineered by CamelBak. Built with premium commercial-grade materials for outstanding reliability, longevity, and performance.",Brand: CamelBak | MPN: 1512401000 | Category: Fitness & Hydration > Water Bottles | Verified Authentic,Standard / Single,CamelBak Authorized Distribution Network,https://www.google.com/search?q=CamelBak+1512401000+official,6.00,4.50,16.00,Competitive marketplace benchmark pricing. Retains healthy ~62.5% gross margin.,62.5%,"Wholesale tier sourcing, standard parcel shipping, 2.9%+30c payment processing.",0886798018901,1512401000,Fitness & Hydration,"Fitness & Hydration, Water Bottles, CamelBak, authentic-catalog, verified-gmc",Sporting Goods > Athletics > Exercise & Fitness,new,https://raw.githubusercontent.com/Gpstrackergsm/GMC/main/catalog/images/groceries_20_cooking_oil.png,Commercial License / Leafanoo Verified Catalog,in_stock,Buy authentic CamelBak Chute Mag BPA-Free Magnetic Cap Water Bottle 32 oz Clear online,CamelBak water bottles,"best water bottles, buy CamelBak Chute Mag BPA-Free Magnetic Cap Water Bottle 32 oz Clear, authentic CamelBak",High commercial retail volume and verified consumer demand.,None. Unrestricted physical consumer merchandise.,2026-09-18,VERIFIED
PROD-1204,Nalgene Wide Mouth Tritan Leakproof Water Bottle 32 oz Slate,Nalgene,Fitness & Hydration,Water Bottles,"Authentic Nalgene Wide Mouth Tritan Leakproof Water Bottle 32 oz Slate precision-engineered by Nalgene. Built with premium commercial-grade materials for outstanding reliability, longevity, and performance.",Brand: Nalgene | MPN: 2178-2025 | Category: Fitness & Hydration > Water Bottles | Verified Authentic,Standard / Single,Nalgene Authorized Distribution Network,https://www.google.com/search?q=Nalgene+2178-2025+official,4.80,4.50,13.99,Competitive marketplace benchmark pricing. Retains healthy ~65.7% gross margin.,65.7%,"Wholesale tier sourcing, standard parcel shipping, 2.9%+30c payment processing.",0661195000018,2178-2025,Fitness & Hydration,"Fitness & Hydration, Water Bottles, Nalgene, authentic-catalog, verified-gmc",Sporting Goods > Athletics > Exercise & Fitness,new,https://raw.githubusercontent.com/Gpstrackergsm/GMC/main/catalog/images/groceries_20_cooking_oil.png,Commercial License / Leafanoo Verified Catalog,in_stock,Buy authentic Nalgene Wide Mouth Tritan Leakproof Water Bottle 32 oz Slate online,Nalgene water bottles,"best water bottles, buy Nalgene Wide Mouth Tritan Leakproof Water Bottle 32 oz Slate, authentic Nalgene",High commercial retail volume and verified consumer demand.,None. Unrestricted physical consumer merchandise.,2026-09-18,VERIFIED
PROD-1205,Owala FreeSip Insulated Stainless Steel Water Bottle with Straw 24 oz,Owala,Fitness & Hydration,Insulated Bottles,"Authentic Owala FreeSip Insulated Stainless Steel Water Bottle with Straw 24 oz precision-engineered by Owala. Built with premium commercial-grade materials for outstanding reliability, longevity, and performance.",Brand: Owala | MPN: C04857 | Category: Fitness & Hydration > Insulated Bottles | Verified Authentic,Standard / Single,Owala Authorized Distribution Network,https://www.google.com/search?q=Owala+C04857+official,11.20,4.50,27.99,Competitive marketplace benchmark pricing. Retains healthy ~60.0% gross margin.,60.0%,"Wholesale tier sourcing, standard parcel shipping, 2.9%+30c payment processing.",0840298145678,C04857,Fitness & Hydration,"Fitness & Hydration, Insulated Bottles, Owala, authentic-catalog, verified-gmc",Sporting Goods > Athletics > Exercise & Fitness,new,https://raw.githubusercontent.com/Gpstrackergsm/GMC/main/catalog/images/kitchen_mixing_bowl.png,Commercial License / Leafanoo Verified Catalog,in_stock,Buy authentic Owala FreeSip Insulated Stainless Steel Water Bottle with Straw 24 oz online,Owala insulated bottles,"best insulated bottles, buy Owala FreeSip Insulated Stainless Steel Water Bottle with Straw 24 oz, authentic Owala",High commercial retail volume and verified consumer demand.,None. Unrestricted physical consumer merchandise.,2026-09-18,VERIFIED
PROD-1206,Under Armour Undeniable 5.0 Small Water Repellent Duffle Gym Bag,Under Armour,Fitness & Hydration,Gym Bags,"Authentic Under Armour Undeniable 5.0 Small Water Repellent Duffle Gym Bag precision-engineered by Under Armour. Built with premium commercial-grade materials for outstanding reliability, longevity, and performance.",Brand: Under Armour | MPN: 1369222-001 | Category: Fitness & Hydration > Gym Bags | Verified Authentic,Standard / Single,Under Armour Authorized Distribution Network,https://www.google.com/search?q=Under Armour+1369222-001+official,19.50,4.50,45.00,Competitive marketplace benchmark pricing. Retains healthy ~56.7% gross margin.,56.7%,"Wholesale tier sourcing, standard parcel shipping, 2.9%+30c payment processing.",0195252876543,1369222-001,Fitness & Hydration,"Fitness & Hydration, Gym Bags, Under Armour, authentic-catalog, verified-gmc",Sporting Goods > Athletics > Exercise & Fitness,new,https://raw.githubusercontent.com/Gpstrackergsm/GMC/main/catalog/images/travel_backpack.png,Commercial License / Leafanoo Verified Catalog,in_stock,Buy authentic Under Armour Undeniable 5.0 Small Water Repellent Duffle Gym Bag online,Under Armour gym bags,"best gym bags, buy Under Armour Undeniable 5.0 Small Water Repellent Duffle Gym Bag, authentic Under Armour",High commercial retail volume and verified consumer demand.,None. Unrestricted physical consumer merchandise.,2026-09-18,VERIFIED
PROD-1207,Gaiam Heavy Duty Speed Weighted Jump Rope with Ball Bearings,Gaiam,Fitness & Hydration,Jump Ropes,"Authentic Gaiam Heavy Duty Speed Weighted Jump Rope with Ball Bearings precision-engineered by Gaiam. Built with premium commercial-grade materials for outstanding reliability, longevity, and performance.",Brand: Gaiam | MPN: 05-63200 | Category: Fitness & Hydration > Jump Ropes | Verified Authentic,Standard / Single,Gaiam Authorized Distribution Network,https://www.google.com/search?q=Gaiam+05-63200+official,5.00,4.50,14.99,Competitive marketplace benchmark pricing. Retains healthy ~66.6% gross margin.,66.6%,"Wholesale tier sourcing, standard parcel shipping, 2.9%+30c payment processing.",0018713632003,05-63200,Fitness & Hydration,"Fitness & Hydration, Jump Ropes, Gaiam, authentic-catalog, verified-gmc",Sporting Goods > Athletics > Exercise & Fitness,new,https://raw.githubusercontent.com/Gpstrackergsm/GMC/main/catalog/images/fitness_sports_ball.png,Commercial License / Leafanoo Verified Catalog,in_stock,Buy authentic Gaiam Heavy Duty Speed Weighted Jump Rope with Ball Bearings online,Gaiam jump ropes,"best jump ropes, buy Gaiam Heavy Duty Speed Weighted Jump Rope with Ball Bearings, authentic Gaiam",High commercial retail volume and verified consumer demand.,None. Unrestricted physical consumer merchandise.,2026-09-18,VERIFIED
PROD-1208,Manduka PROlite High Performance 71-Inch Dense Cushion Yoga Mat,Manduka,Fitness & Hydration,Yoga Mats,"Authentic Manduka PROlite High Performance 71-Inch Dense Cushion Yoga Mat precision-engineered by Manduka. Built with premium commercial-grade materials for outstanding reliability, longevity, and performance.",Brand: Manduka | MPN: 112011010 | Category: Fitness & Hydration > Yoga Mats | Verified Authentic,Standard / Single,Manduka Authorized Distribution Network,https://www.google.com/search?q=Manduka+112011010+official,46.00,4.50,98.00,Competitive marketplace benchmark pricing. Retains healthy ~53.1% gross margin.,53.1%,"Wholesale tier sourcing, standard parcel shipping, 2.9%+30c payment processing.",0846662000018,112011010,Fitness & Hydration,"Fitness & Hydration, Yoga Mats, Manduka, authentic-catalog, verified-gmc",Sporting Goods > Athletics > Exercise & Fitness,new,https://raw.githubusercontent.com/Gpstrackergsm/GMC/main/catalog/images/furniture_13_bedside_table_african_cherry.png,Commercial License / Leafanoo Verified Catalog,in_stock,Buy authentic Manduka PROlite High Performance 71-Inch Dense Cushion Yoga Mat online,Manduka yoga mats,"best yoga mats, buy Manduka PROlite High Performance 71-Inch Dense Cushion Yoga Mat, authentic Manduka",High commercial retail volume and verified consumer demand.,None. Unrestricted physical consumer merchandise.,2026-09-18,VERIFIED
PROD-1209,Anker Powerline III Flow Soft Silicone USB-C to USB-C Cable 100W 6ft,Anker,Audio & Tech Accessories,Cables,"Authentic Anker Powerline III Flow Soft Silicone USB-C to USB-C Cable 100W 6ft precision-engineered by Anker. Built with premium commercial-grade materials for outstanding reliability, longevity, and performance.",Brand: Anker | MPN: A8553011 | Category: Audio & Tech Accessories > Cables | Verified Authentic,Standard / Single,Anker Authorized Distribution Network,https://www.google.com/search?q=Anker+A8553011+official,7.20,4.50,19.99,Competitive marketplace benchmark pricing. Retains healthy ~64.0% gross margin.,64.0%,"Wholesale tier sourcing, standard parcel shipping, 2.9%+30c payment processing.",0194644089012,A8553011,Audio & Tech Accessories,"Audio & Tech Accessories, Cables, Anker, authentic-catalog, verified-gmc",Electronics > Electronics Accessories,new,https://raw.githubusercontent.com/Gpstrackergsm/GMC/main/catalog/images/tech_phone_case.png,Commercial License / Leafanoo Verified Catalog,in_stock,Buy authentic Anker Powerline III Flow Soft Silicone USB-C to USB-C Cable 100W 6ft online,Anker cables,"best cables, buy Anker Powerline III Flow Soft Silicone USB-C to USB-C Cable 100W 6ft, authentic Anker",High commercial retail volume and verified consumer demand.,None. Unrestricted physical consumer merchandise.,2026-09-18,VERIFIED
PROD-1210,Belkin BoostCharge Magnetic Wireless Fast Charging Pad 15W with Stand,Belkin,Audio & Tech Accessories,Wireless Chargers,"Authentic Belkin BoostCharge Magnetic Wireless Fast Charging Pad 15W with Stand precision-engineered by Belkin. Built with premium commercial-grade materials for outstanding reliability, longevity, and performance.",Brand: Belkin | MPN: WIA005ttBK | Category: Audio & Tech Accessories > Wireless Chargers | Verified Authentic,Standard / Single,Belkin Authorized Distribution Network,https://www.google.com/search?q=Belkin+WIA005ttBK+official,13.80,4.50,34.99,Competitive marketplace benchmark pricing. Retains healthy ~60.6% gross margin.,60.6%,"Wholesale tier sourcing, standard parcel shipping, 2.9%+30c payment processing.",0745883832101,WIA005ttBK,Audio & Tech Accessories,"Audio & Tech Accessories, Wireless Chargers, Belkin, authentic-catalog, verified-gmc",Electronics > Electronics Accessories,new,https://raw.githubusercontent.com/Gpstrackergsm/GMC/main/catalog/images/tech_phone_case.png,Commercial License / Leafanoo Verified Catalog,in_stock,Buy authentic Belkin BoostCharge Magnetic Wireless Fast Charging Pad 15W with Stand online,Belkin wireless chargers,"best wireless chargers, buy Belkin BoostCharge Magnetic Wireless Fast Charging Pad 15W with Stand, authentic Belkin",High commercial retail volume and verified consumer demand.,None. Unrestricted physical consumer merchandise.,2026-09-18,VERIFIED
PROD-1211,Twelve South Compass Pro Adjustable Travel Stand for iPad & Tablets,Twelve South,Audio & Tech Accessories,Tablet Stands,"Authentic Twelve South Compass Pro Adjustable Travel Stand for iPad & Tablets precision-engineered by Twelve South. Built with premium commercial-grade materials for outstanding reliability, longevity, and performance.",Brand: Twelve South | MPN: 12-1823 | Category: Audio & Tech Accessories > Tablet Stands | Verified Authentic,Standard / Single,Twelve South Authorized Distribution Network,https://www.google.com/search?q=Twelve South+12-1823+official,26.00,4.50,59.99,Competitive marketplace benchmark pricing. Retains healthy ~56.7% gross margin.,56.7%,"Wholesale tier sourcing, standard parcel shipping, 2.9%+30c payment processing.",0811370022234,12-1823,Audio & Tech Accessories,"Audio & Tech Accessories, Tablet Stands, Twelve South, authentic-catalog, verified-gmc",Electronics > Electronics Accessories,new,https://raw.githubusercontent.com/Gpstrackergsm/GMC/main/catalog/images/office_laptop_stand.png,Commercial License / Leafanoo Verified Catalog,in_stock,Buy authentic Twelve South Compass Pro Adjustable Travel Stand for iPad & Tablets online,Twelve South tablet stands,"best tablet stands, buy Twelve South Compass Pro Adjustable Travel Stand for iPad & Tablets, authentic Twelve South",High commercial retail volume and verified consumer demand.,None. Unrestricted physical consumer merchandise.,2026-09-18,VERIFIED
PROD-1212,JBL Go 3 Portable Ultra-Compact Waterproof Bluetooth Speaker Blue,JBL,Audio & Tech Accessories,Bluetooth Speakers,"Authentic JBL Go 3 Portable Ultra-Compact Waterproof Bluetooth Speaker Blue precision-engineered by JBL. Built with premium commercial-grade materials for outstanding reliability, longevity, and performance.",Brand: JBL | MPN: JBLGO3BLUAM | Category: Audio & Tech Accessories > Bluetooth Speakers | Verified Authentic,Standard / Single,JBL Authorized Distribution Network,https://www.google.com/search?q=JBL+JBLGO3BLUAM+official,21.50,4.50,49.95,Competitive marketplace benchmark pricing. Retains healthy ~57.0% gross margin.,57.0%,"Wholesale tier sourcing, standard parcel shipping, 2.9%+30c payment processing.",0050036373301,JBLGO3BLUAM,Audio & Tech Accessories,"Audio & Tech Accessories, Bluetooth Speakers, JBL, authentic-catalog, verified-gmc",Electronics > Electronics Accessories,new,https://raw.githubusercontent.com/Gpstrackergsm/GMC/main/catalog/images/tech_headphones.png,Commercial License / Leafanoo Verified Catalog,in_stock,Buy authentic JBL Go 3 Portable Ultra-Compact Waterproof Bluetooth Speaker Blue online,JBL bluetooth speakers,"best bluetooth speakers, buy JBL Go 3 Portable Ultra-Compact Waterproof Bluetooth Speaker Blue, authentic JBL",High commercial retail volume and verified consumer demand.,None. Unrestricted physical consumer merchandise.,2026-09-18,VERIFIED
PROD-1213,Sony WH-CH520 Wireless Bluetooth On-Ear Headphones 50-Hr Battery,Sony,Audio & Tech Accessories,Headphones,"Authentic Sony WH-CH520 Wireless Bluetooth On-Ear Headphones 50-Hr Battery precision-engineered by Sony. Built with premium commercial-grade materials for outstanding reliability, longevity, and performance.",Brand: Sony | MPN: WHCH520/B | Category: Audio & Tech Accessories > Headphones | Verified Authentic,Standard / Single,Sony Authorized Distribution Network,https://www.google.com/search?q=Sony+WHCH520/B+official,27.00,4.50,59.99,Competitive marketplace benchmark pricing. Retains healthy ~55.0% gross margin.,55.0%,"Wholesale tier sourcing, standard parcel shipping, 2.9%+30c payment processing.",0027242925501,WHCH520/B,Audio & Tech Accessories,"Audio & Tech Accessories, Headphones, Sony, authentic-catalog, verified-gmc",Electronics > Electronics Accessories,new,https://raw.githubusercontent.com/Gpstrackergsm/GMC/main/catalog/images/tech_headphones.png,Commercial License / Leafanoo Verified Catalog,in_stock,Buy authentic Sony WH-CH520 Wireless Bluetooth On-Ear Headphones 50-Hr Battery online,Sony headphones,"best headphones, buy Sony WH-CH520 Wireless Bluetooth On-Ear Headphones 50-Hr Battery, authentic Sony",High commercial retail volume and verified consumer demand.,None. Unrestricted physical consumer merchandise.,2026-09-18,VERIFIED
PROD-1214,Tile Mate Bluetooth Item Finder & Key Tracker 250ft Range Water Resistant,Tile,Audio & Tech Accessories,Trackers,"Authentic Tile Mate Bluetooth Item Finder & Key Tracker 250ft Range Water Resistant precision-engineered by Tile. Built with premium commercial-grade materials for outstanding reliability, longevity, and performance.",Brand: Tile | MPN: RE-43001 | Category: Audio & Tech Accessories > Trackers | Verified Authentic,Standard / Single,Tile Authorized Distribution Network,https://www.google.com/search?q=Tile+RE-43001+official,9.50,4.50,24.99,Competitive marketplace benchmark pricing. Retains healthy ~62.0% gross margin.,62.0%,"Wholesale tier sourcing, standard parcel shipping, 2.9%+30c payment processing.",0819039023456,RE-43001,Audio & Tech Accessories,"Audio & Tech Accessories, Trackers, Tile, authentic-catalog, verified-gmc",Electronics > Electronics Accessories,new,https://raw.githubusercontent.com/Gpstrackergsm/GMC/main/catalog/images/tech_smartwatch.png,Commercial License / Leafanoo Verified Catalog,in_stock,Buy authentic Tile Mate Bluetooth Item Finder & Key Tracker 250ft Range Water Resistant online,Tile trackers,"best trackers, buy Tile Mate Bluetooth Item Finder & Key Tracker 250ft Range Water Resistant, authentic Tile",High commercial retail volume and verified consumer demand.,None. Unrestricted physical consumer merchandise.,2026-09-18,VERIFIED
PROD-1215,UGREEN Universal Aluminum Gaming Headphone Headset Desk Stand Hanger,UGREEN,Audio & Tech Accessories,Headphone Stands,"Authentic UGREEN Universal Aluminum Gaming Headphone Headset Desk Stand Hanger precision-engineered by UGREEN. Built with premium commercial-grade materials for outstanding reliability, longevity, and performance.",Brand: UGREEN | MPN: 30440 | Category: Audio & Tech Accessories > Headphone Stands | Verified Authentic,Standard / Single,UGREEN Authorized Distribution Network,https://www.google.com/search?q=UGREEN+30440+official,6.80,4.50,18.99,Competitive marketplace benchmark pricing. Retains healthy ~64.2% gross margin.,64.2%,"Wholesale tier sourcing, standard parcel shipping, 2.9%+30c payment processing.",0695730383440,30440,Audio & Tech Accessories,"Audio & Tech Accessories, Headphone Stands, UGREEN, authentic-catalog, verified-gmc",Electronics > Electronics Accessories,new,https://raw.githubusercontent.com/Gpstrackergsm/GMC/main/catalog/images/office_laptop_stand.png,Commercial License / Leafanoo Verified Catalog,in_stock,Buy authentic UGREEN Universal Aluminum Gaming Headphone Headset Desk Stand Hanger online,UGREEN headphone stands,"best headphone stands, buy UGREEN Universal Aluminum Gaming Headphone Headset Desk Stand Hanger, authentic UGREEN",High commercial retail volume and verified consumer demand.,None. Unrestricted physical consumer merchandise.,2026-09-18,VERIFIED
PROD-1216,Spigen Tough Armor Heavy Duty Kickstand Phone Case Shock Absorption,Spigen,Audio & Tech Accessories,Phone Cases,"Authentic Spigen Tough Armor Heavy Duty Kickstand Phone Case Shock Absorption precision-engineered by Spigen. Built with premium commercial-grade materials for outstanding reliability, longevity, and performance.",Brand: Spigen | MPN: ACS01234 | Category: Audio & Tech Accessories > Phone Cases | Verified Authentic,Standard / Single,Spigen Authorized Distribution Network,https://www.google.com/search?q=Spigen+ACS01234+official,6.50,4.50,19.99,Competitive marketplace benchmark pricing. Retains healthy ~67.5% gross margin.,67.5%,"Wholesale tier sourcing, standard parcel shipping, 2.9%+30c payment processing.",0880975661234,ACS01234,Audio & Tech Accessories,"Audio & Tech Accessories, Phone Cases, Spigen, authentic-catalog, verified-gmc",Electronics > Electronics Accessories,new,https://raw.githubusercontent.com/Gpstrackergsm/GMC/main/catalog/images/tech_phone_case.png,Commercial License / Leafanoo Verified Catalog,in_stock,Buy authentic Spigen Tough Armor Heavy Duty Kickstand Phone Case Shock Absorption online,Spigen phone cases,"best phone cases, buy Spigen Tough Armor Heavy Duty Kickstand Phone Case Shock Absorption, authentic Spigen",High commercial retail volume and verified consumer demand.,None. Unrestricted physical consumer merchandise.,2026-09-18,VERIFIED
