Handle,Title,Body (HTML),Vendor,Product Category,Type,Tags,Published,Option1 Name,Option1 Value,Option2 Name,Option2 Value,Variant SKU,Variant Grams,Variant Inventory Tracker,Variant Inventory Qty,Variant Inventory Policy,Variant Fulfillment Service,Variant Price,Variant Compare At Price,Variant Requires Shipping,Variant Taxable,Image Src,Image Position,Image Alt Text,Gift Card,Status
fjallraven-foldsack-no-1-backpack-fits-15-laptops,"Fjallraven - Foldsack No. 1 Backpack, Fits 15 Laptops","Your perfect pack for everyday use and walks in the forest. Stash your laptop (up to 15 inches) in the padded sleeve, your everyday",Leafanoo,Men'S Clothing,Men'S Clothing,men's clothing,TRUE,Title,Default Title,,,FSA-001,400,shopify,120,deny,manual,109.95,142.94,TRUE,TRUE,https://raw.githubusercontent.com/Gpstrackergsm/GMC/main/catalog/images/fjallraven_foldsack_no_1_backpack_fits_15_laptops.jpg,1,"Fjallraven - Foldsack No. 1 Backpack, Fits 15 Laptops",FALSE,active
mens-casual-premium-slim-fit-t-shirts,Mens Casual Premium Slim Fit T-Shirts ,"Slim-fitting style, contrast raglan long sleeve, three-button henley placket, light weight & soft fabric for breathable and comfortable wearing. And Solid stitched shirts with round neck made for durability and a great fit for casual fashion wear and diehard baseball fans. The Henley style round neckline includes a three-button placket.",Leafanoo,Men'S Clothing,Men'S Clothing,men's clothing,TRUE,Title,Default Title,,,FSA-002,400,shopify,126,deny,manual,22.30,28.99,TRUE,TRUE,https://raw.githubusercontent.com/Gpstrackergsm/GMC/main/catalog/images/mens_casual_premium_slim_fit_t_shirts.jpg,1,Mens Casual Premium Slim Fit T-Shirts ,FALSE,active
mens-cotton-jacket,Mens Cotton Jacket,"great outerwear jackets for Spring/Autumn/Winter, suitable for many occasions, such as working, hiking, camping, mountain/rock climbing, cycling, traveling or other outdoors. Good gift choice for you or your family member. A warm hearted love to Father, husband or son in this thanksgiving or Christmas Day.",Leafanoo,Men'S Clothing,Men'S Clothing,men's clothing,TRUE,Title,Default Title,,,FSA-003,400,shopify,165,deny,manual,55.99,72.79,TRUE,TRUE,https://raw.githubusercontent.com/Gpstrackergsm/GMC/main/catalog/images/mens_cotton_jacket.jpg,1,Mens Cotton Jacket,FALSE,active
mens-casual-slim-fit,Mens Casual Slim Fit,"The color could be slightly different between on the screen and in practice. / Please note that body builds vary by person, therefore, detailed size information should be reviewed below on the product description.",Leafanoo,Men'S Clothing,Men'S Clothing,men's clothing,TRUE,Title,Default Title,,,FSA-004,400,shopify,189,deny,manual,15.99,20.79,TRUE,TRUE,https://raw.githubusercontent.com/Gpstrackergsm/GMC/main/catalog/images/mens_casual_slim_fit.jpg,1,Mens Casual Slim Fit,FALSE,active
john-hardy-womens-legends-naga-gold-silver-dragon-station-chain-bracelet,John Hardy Women's Legends Naga Gold & Silver Dragon Station Chain Bracelet,"From our Legends Collection, the Naga was inspired by the mythical water dragon that protects the ocean's pearl. Wear facing inward to be bestowed with love and abundance, or outward for protection.",Leafanoo,Jewelery,Jewelery,jewelery,TRUE,Title,Default Title,,,FSA-005,400,shopify,137,deny,manual,695.00,903.50,TRUE,TRUE,https://raw.githubusercontent.com/Gpstrackergsm/GMC/main/catalog/images/john_hardy_womens_legends_naga_gold_silver_dragon_station_ch.jpg,1,John Hardy Women's Legends Naga Gold & Silver Dragon Station Chain Bracelet,FALSE,active
solid-gold-petite-micropave,Solid Gold Petite Micropave ,Satisfaction Guaranteed. Return or exchange any order within 30 days.Designed and sold by Hafeez Center in the United States. Satisfaction Guaranteed. Return or exchange any order within 30 days.,Leafanoo,Jewelery,Jewelery,jewelery,TRUE,Title,Default Title,,,FSA-006,400,shopify,70,deny,manual,168.00,218.40,TRUE,TRUE,https://raw.githubusercontent.com/Gpstrackergsm/GMC/main/catalog/images/solid_gold_petite_micropave.jpg,1,Solid Gold Petite Micropave ,FALSE,active
white-gold-plated-princess,White Gold Plated Princess,"Classic Created Wedding Engagement Solitaire Diamond Promise Ring for Her. Gifts to spoil your love more for Engagement, Wedding, Anniversary, Valentine's Day...",Leafanoo,Jewelery,Jewelery,jewelery,TRUE,Title,Default Title,,,FSA-007,400,shopify,77,deny,manual,9.99,12.99,TRUE,TRUE,https://raw.githubusercontent.com/Gpstrackergsm/GMC/main/catalog/images/white_gold_plated_princess.jpg,1,White Gold Plated Princess,FALSE,active
pierced-owl-rose-gold-plated-stainless-steel-double,Pierced Owl Rose Gold Plated Stainless Steel Double,Rose Gold Plated Double Flared Tunnel Plug Earrings. Made of 316L Stainless Steel,Leafanoo,Jewelery,Jewelery,jewelery,TRUE,Title,Default Title,,,FSA-008,400,shopify,82,deny,manual,10.99,14.29,TRUE,TRUE,https://raw.githubusercontent.com/Gpstrackergsm/GMC/main/catalog/images/pierced_owl_rose_gold_plated_stainless_steel_double.jpg,1,Pierced Owl Rose Gold Plated Stainless Steel Double,FALSE,active
wd-2tb-elements-portable-external-hard-drive-usb-30,WD 2TB Elements Portable External Hard Drive - USB 3.0 ,"USB 3.0 and USB 2.0 Compatibility Fast data transfers Improve PC Performance High Capacity; Compatibility Formatted NTFS for Windows 10, Windows 8.1, Windows 7; Reformatting may be required for other operating systems; Compatibility may vary depending on user’s hardware configuration and operating system",Leafanoo,Electronics,Electronics,electronics,TRUE,Title,Default Title,,,FSA-009,400,shopify,114,deny,manual,64.00,83.20,TRUE,TRUE,https://raw.githubusercontent.com/Gpstrackergsm/GMC/main/catalog/images/wd_2tb_elements_portable_external_hard_drive_usb_30.jpg,1,WD 2TB Elements Portable External Hard Drive - USB 3.0 ,FALSE,active
sandisk-ssd-plus-1tb-internal-ssd-sata-iii-6-gbs,SanDisk SSD PLUS 1TB Internal SSD - SATA III 6 Gb/s,"Easy upgrade for faster boot up, shutdown, application load and response (As compared to 5400 RPM SATA 2.5” hard drive; Based on published specifications and internal benchmarking tests using PCMark vantage scores) Boosts burst write performance, making it ideal for typical PC workloads The perfect balance of performance and reliability Read/write speeds of up to 535MB/s/450MB/s (Based on internal testing; Performance may vary depending upon drive capacity, host device, OS and application.)",Leafanoo,Electronics,Electronics,electronics,TRUE,Title,Default Title,,,FSA-010,400,shopify,188,deny,manual,109.00,141.70,TRUE,TRUE,https://raw.githubusercontent.com/Gpstrackergsm/GMC/main/catalog/images/sandisk_ssd_plus_1tb_internal_ssd_sata_iii_6_gbs.jpg,1,SanDisk SSD PLUS 1TB Internal SSD - SATA III 6 Gb/s,FALSE,active
silicon-power-256gb-ssd-3d-nand-a55-slc-cache-performance-boost-sata-iii-25,Silicon Power 256GB SSD 3D NAND A55 SLC Cache Performance Boost SATA III 2.5,"3D NAND flash are applied to deliver high transfer speeds Remarkable transfer speeds that enable faster bootup and improved overall system performance. The advanced SLC Cache Technology allows performance boost and longer lifespan 7mm slim design suitable for Ultrabooks and Ultra-slim notebooks. Supports TRIM command, Garbage Collection technology, RAID, and ECC (Error Checking & Correction) to provide the optimized performance and enhanced reliability.",Leafanoo,Electronics,Electronics,electronics,TRUE,Title,Default Title,,,FSA-011,400,shopify,122,deny,manual,109.00,141.70,TRUE,TRUE,https://raw.githubusercontent.com/Gpstrackergsm/GMC/main/catalog/images/silicon_power_256gb_ssd_3d_nand_a55_slc_cache_performance_bo.jpg,1,Silicon Power 256GB SSD 3D NAND A55 SLC Cache Performance Boost SATA III 2.5,FALSE,active
wd-4tb-gaming-drive-works-with-playstation-4-portable-external-hard-drive,WD 4TB Gaming Drive Works with Playstation 4 Portable External Hard Drive,"Expand your PS4 gaming experience, Play anywhere Fast and easy, setup Sleek design with high capacity, 3-year manufacturer's limited warranty",Leafanoo,Electronics,Electronics,electronics,TRUE,Title,Default Title,,,FSA-012,400,shopify,158,deny,manual,114.00,148.20,TRUE,TRUE,https://raw.githubusercontent.com/Gpstrackergsm/GMC/main/catalog/images/wd_4tb_gaming_drive_works_with_playstation_4_portable_extern.jpg,1,WD 4TB Gaming Drive Works with Playstation 4 Portable External Hard Drive,FALSE,active
acer-sb220q-bi-215-inches-full-hd-1920-x-1080-ips-ultra-thin,Acer SB220Q bi 21.5 inches Full HD (1920 x 1080) IPS Ultra-Thin,21. 5 inches Full HD (1920 x 1080) widescreen IPS display And Radeon free Sync technology. No compatibility for VESA Mount Refresh Rate: 75Hz - Using HDMI port Zero-frame design | ultra-thin | 4ms response time | IPS panel Aspect ratio - 16: 9. Color Supported - 16. 7 million colors. Brightness - 250 nit Tilt angle -5 degree to 15 degree. Horizontal viewing angle-178 degree. Vertical viewing angle-178 degree 75 hertz,Leafanoo,Electronics,Electronics,electronics,TRUE,Title,Default Title,,,FSA-013,400,shopify,26,deny,manual,599.00,778.70,TRUE,TRUE,https://raw.githubusercontent.com/Gpstrackergsm/GMC/main/catalog/images/acer_sb220q_bi_215_inches_full_hd_1920_x_1080_ips_ultra_thin.jpg,1,Acer SB220Q bi 21.5 inches Full HD (1920 x 1080) IPS Ultra-Thin,FALSE,active
samsung-49-inch-chg90-144hz-curved-gaming-monitor-lc49hg90dmnxza-super-ultrawide,Samsung 49-Inch CHG90 144Hz Curved Gaming Monitor (LC49HG90DMNXZA) – Super Ultrawide Screen QLED ,"49 INCH SUPER ULTRAWIDE 32:9 CURVED GAMING MONITOR with dual 27 inch screen side by side QUANTUM DOT (QLED) TECHNOLOGY, HDR support and factory calibration provides stunningly realistic and accurate color and contrast 144HZ HIGH REFRESH RATE and 1ms ultra fast response time work to eliminate motion blur, ghosting, and reduce input lag",Leafanoo,Electronics,Electronics,electronics,TRUE,Title,Default Title,,,FSA-014,400,shopify,89,deny,manual,999.99,1299.99,TRUE,TRUE,https://raw.githubusercontent.com/Gpstrackergsm/GMC/main/catalog/images/samsung_49_inch_chg90_144hz_curved_gaming_monitor_lc49hg90dm.jpg,1,Samsung 49-Inch CHG90 144Hz Curved Gaming Monitor (LC49HG90DMNXZA) – Super Ultrawide Screen QLED ,FALSE,active
biylaclesen-womens-3-in-1-snowboard-jacket-winter-coats,BIYLACLESEN Women's 3-in-1 Snowboard Jacket Winter Coats,"Note:The Jackets is US standard size, Please choose size as your usual wear Material: 100% Polyester; Detachable Liner Fabric: Warm Fleece. Detachable Functional Liner: Skin Friendly, Lightweigt and Warm.Stand Collar Liner jacket, keep you warm in cold weather. Zippered Pockets: 2 Zippered Hand Pockets, 2 Zippered Pockets on Chest (enough to keep cards or keys)and 1 Hidden Pocket Inside.Zippered Hand Pockets and Hidden Pocket keep your things secure. Humanized Design: Adjustable and Detachable Hood and Adjustable cuff to prevent the wind and water,for a comfortable fit. 3 in 1 Detachable Design provide more convenience, you can separate the coat and inner as needed, or wear it together. It is suitable for different season and help you adapt to different climates",Leafanoo,Women'S Clothing,Women'S Clothing,women's clothing,TRUE,Title,Default Title,,,FSA-015,400,shopify,162,deny,manual,56.99,74.09,TRUE,TRUE,https://raw.githubusercontent.com/Gpstrackergsm/GMC/main/catalog/images/biylaclesen_womens_3_in_1_snowboard_jacket_winter_coats.jpg,1,BIYLACLESEN Women's 3-in-1 Snowboard Jacket Winter Coats,FALSE,active
lock-and-love-womens-removable-hooded-faux-leather-moto-biker-jacket,Lock and Love Women's Removable Hooded Faux Leather Moto Biker Jacket,"100% POLYURETHANE(shell) 100% POLYESTER(lining) 75% POLYESTER 25% COTTON (SWEATER), Faux leather material for style and comfort / 2 pockets of front, 2-For-One Hooded denim style faux leather jacket, Button detail on waist / Detail stitching at sides, HAND WASH ONLY / DO NOT BLEACH / LINE DRY / DO NOT IRON",Leafanoo,Women'S Clothing,Women'S Clothing,women's clothing,TRUE,Title,Default Title,,,FSA-016,400,shopify,89,deny,manual,29.95,38.94,TRUE,TRUE,https://raw.githubusercontent.com/Gpstrackergsm/GMC/main/catalog/images/lock_and_love_womens_removable_hooded_faux_leather_moto_bike.jpg,1,Lock and Love Women's Removable Hooded Faux Leather Moto Biker Jacket,FALSE,active
rain-jacket-women-windbreaker-striped-climbing-raincoats,Rain Jacket Women Windbreaker Striped Climbing Raincoats,"Lightweight perfet for trip or casual wear---Long sleeve with hooded, adjustable drawstring waist design. Button and zipper front closure raincoat, fully stripes Lined and The Raincoat has 2 side pockets are a good size to hold all kinds of things, it covers the hips, and the hood is generous but doesn't overdo it.Attached Cotton Lined Hood with Adjustable Drawstrings give it a real styled look.",Leafanoo,Women'S Clothing,Women'S Clothing,women's clothing,TRUE,Title,Default Title,,,FSA-017,400,shopify,61,deny,manual,39.99,51.99,TRUE,TRUE,https://raw.githubusercontent.com/Gpstrackergsm/GMC/main/catalog/images/rain_jacket_women_windbreaker_striped_climbing_raincoats.jpg,1,Rain Jacket Women Windbreaker Striped Climbing Raincoats,FALSE,active
mbj-womens-solid-short-sleeve-boat-neck-v,MBJ Women's Solid Short Sleeve Boat Neck V ,"95% RAYON 5% SPANDEX, Made in USA or Imported, Do Not Bleach, Lightweight fabric with great stretch for comfort, Ribbed on sleeves and neckline / Double stitching on bottom hem",Leafanoo,Women'S Clothing,Women'S Clothing,women's clothing,TRUE,Title,Default Title,,,FSA-018,400,shopify,125,deny,manual,9.85,12.80,TRUE,TRUE,https://raw.githubusercontent.com/Gpstrackergsm/GMC/main/catalog/images/mbj_womens_solid_short_sleeve_boat_neck_v.jpg,1,MBJ Women's Solid Short Sleeve Boat Neck V ,FALSE,active
opna-womens-short-sleeve-moisture,Opna Women's Short Sleeve Moisture,"100% Polyester, Machine wash, 100% cationic polyester interlock, Machine Wash & Pre Shrunk for a Great Fit, Lightweight, roomy and highly breathable with moisture wicking fabric which helps to keep moisture away, Soft Lightweight Fabric with comfortable V-neck collar and a slimmer fit, delivers a sleek, more feminine silhouette and Added Comfort",Leafanoo,Women'S Clothing,Women'S Clothing,women's clothing,TRUE,Title,Default Title,,,FSA-019,400,shopify,75,deny,manual,7.95,10.34,TRUE,TRUE,https://raw.githubusercontent.com/Gpstrackergsm/GMC/main/catalog/images/opna_womens_short_sleeve_moisture.jpg,1,Opna Women's Short Sleeve Moisture,FALSE,active
danvouy-womens-t-shirt-casual-cotton-short,DANVOUY Womens T Shirt Casual Cotton Short,"95%Cotton,5%Spandex, Features: Casual, Short Sleeve, Letter Print,V-Neck,Fashion Tees, The fabric is soft and has some stretch., Occasion: Casual/Office/Beach/School/Home/Street. Season: Spring,Summer,Autumn,Winter.",Leafanoo,Women'S Clothing,Women'S Clothing,women's clothing,TRUE,Title,Default Title,,,FSA-020,400,shopify,53,deny,manual,12.99,16.89,TRUE,TRUE,https://raw.githubusercontent.com/Gpstrackergsm/GMC/main/catalog/images/danvouy_womens_t_shirt_casual_cotton_short.jpg,1,DANVOUY Womens T Shirt Casual Cotton Short,FALSE,active
essence-mascara-lash-princess,Essence Mascara Lash Princess,The Essence Mascara Lash Princess is a popular mascara known for its volumizing and lengthening effects. Achieve dramatic lashes with this long-lasting and cruelty-free formula.,Essence,Beauty,Beauty,"beauty,essence",TRUE,Title,Default Title,,,DJ-0001,4000,shopify,155,deny,manual,9.99,11.16,TRUE,TRUE,https://raw.githubusercontent.com/Gpstrackergsm/GMC/main/catalog/images/dj_beauty_1_0.webp,1,Essence Mascara Lash Princess,FALSE,active
essence-mascara-lash-princess,,,,,,,,,,,,,,,,,,,,,,https://raw.githubusercontent.com/Gpstrackergsm/GMC/main/catalog/images/dj_beauty_1_1.webp,2,Essence Mascara Lash Princess,,
eyeshadow-palette-with-mirror,Eyeshadow Palette with Mirror,"The Eyeshadow Palette with Mirror offers a versatile range of eyeshadow shades for creating stunning eye looks. With a built-in mirror, it's convenient for on-the-go makeup application.",Glamour Beauty,Beauty,Beauty,"beauty,glamour beauty",TRUE,Title,Default Title,,,DJ-0002,9000,shopify,43,deny,manual,19.99,24.43,TRUE,TRUE,https://raw.githubusercontent.com/Gpstrackergsm/GMC/main/catalog/images/dj_beauty_2_0.webp,1,Eyeshadow Palette with Mirror,FALSE,active
eyeshadow-palette-with-mirror,,,,,,,,,,,,,,,,,,,,,,https://raw.githubusercontent.com/Gpstrackergsm/GMC/main/catalog/images/dj_beauty_2_1.webp,2,Eyeshadow Palette with Mirror,,
powder-canister,Powder Canister,"The Powder Canister is a finely milled setting powder designed to set makeup and control shine. With a lightweight and translucent formula, it provides a smooth and matte finish.",Velvet Touch,Beauty,Beauty,"beauty,velvet touch",TRUE,Title,Default Title,,,DJ-0003,8000,shopify,174,deny,manual,14.99,16.63,TRUE,TRUE,https://raw.githubusercontent.com/Gpstrackergsm/GMC/main/catalog/images/dj_beauty_3_0.webp,1,Powder Canister,FALSE,active
powder-canister,,,,,,,,,,,,,,,,,,,,,,https://raw.githubusercontent.com/Gpstrackergsm/GMC/main/catalog/images/dj_beauty_3_1.webp,2,Powder Canister,,
red-lipstick,Red Lipstick,"The Red Lipstick is a classic and bold choice for adding a pop of color to your lips. With a creamy and pigmented formula, it provides a vibrant and long-lasting finish.",Chic Cosmetics,Beauty,Beauty,"beauty,chic cosmetics",TRUE,Title,Default Title,,,DJ-0004,1000,shopify,46,deny,manual,12.99,14.79,TRUE,TRUE,https://raw.githubusercontent.com/Gpstrackergsm/GMC/main/catalog/images/dj_beauty_4_0.webp,1,Red Lipstick,FALSE,active
red-lipstick,,,,,,,,,,,,,,,,,,,,,,https://raw.githubusercontent.com/Gpstrackergsm/GMC/main/catalog/images/dj_beauty_4_1.webp,2,Red Lipstick,,
red-nail-polish,Red Nail Polish,"The Red Nail Polish offers a rich and glossy red hue for vibrant and polished nails. With a quick-drying formula, it provides a salon-quality finish at home.",Nail Couture,Beauty,Beauty,"beauty,nail couture",TRUE,Title,Default Title,,,DJ-0005,8000,shopify,106,deny,manual,8.99,10.15,TRUE,TRUE,https://raw.githubusercontent.com/Gpstrackergsm/GMC/main/catalog/images/dj_beauty_5_0.webp,1,Red Nail Polish,FALSE,active
red-nail-polish,,,,,,,,,,,,,,,,,,,,,,https://raw.githubusercontent.com/Gpstrackergsm/GMC/main/catalog/images/dj_beauty_5_1.webp,2,Red Nail Polish,,
calvin-klein-ck-one,Calvin Klein CK One,"CK One by Calvin Klein is a classic unisex fragrance, known for its fresh and clean scent. It's a versatile fragrance suitable for everyday wear.",Calvin Klein,Fragrances,Fragrances,"fragrances,calvin klein",TRUE,Title,Default Title,,,DJ-0006,7000,shopify,152,deny,manual,49.99,50.95,TRUE,TRUE,https://raw.githubusercontent.com/Gpstrackergsm/GMC/main/catalog/images/dj_fragrances_6_1.webp,1,Calvin Klein CK One,FALSE,active
calvin-klein-ck-one,,,,,,,,,,,,,,,,,,,,,,https://raw.githubusercontent.com/Gpstrackergsm/GMC/main/catalog/images/dj_fragrances_6_2.webp,2,Calvin Klein CK One,,
chanel-coco-noir-eau-de,Chanel Coco Noir Eau De,"Coco Noir by Chanel is an elegant and mysterious fragrance, featuring notes of grapefruit, rose, and sandalwood. Perfect for evening occasions.",Chanel,Fragrances,Fragrances,"fragrances,chanel",TRUE,Title,Default Title,,,DJ-0007,7000,shopify,99,deny,manual,129.99,155.70,TRUE,TRUE,https://raw.githubusercontent.com/Gpstrackergsm/GMC/main/catalog/images/dj_fragrances_7_0.webp,1,Chanel Coco Noir Eau De,FALSE,active
chanel-coco-noir-eau-de,,,,,,,,,,,,,,,,,,,,,,https://raw.githubusercontent.com/Gpstrackergsm/GMC/main/catalog/images/dj_fragrances_7_1.webp,2,Chanel Coco Noir Eau De,,
chanel-coco-noir-eau-de,,,,,,,,,,,,,,,,,,,,,,https://raw.githubusercontent.com/Gpstrackergsm/GMC/main/catalog/images/dj_fragrances_7_2.webp,3,Chanel Coco Noir Eau De,,
dior-jadore,Dior J'adore,"J'adore by Dior is a luxurious and floral fragrance, known for its blend of ylang-ylang, rose, and jasmine. It embodies femininity and sophistication.",Dior,Fragrances,Fragrances,"fragrances,dior",TRUE,Title,Default Title,,,DJ-0008,4000,shopify,58,deny,manual,89.99,105.52,TRUE,TRUE,https://raw.githubusercontent.com/Gpstrackergsm/GMC/main/catalog/images/dj_fragrances_8_0.webp,1,Dior J'adore,FALSE,active
dior-jadore,,,,,,,,,,,,,,,,,,,,,,https://raw.githubusercontent.com/Gpstrackergsm/GMC/main/catalog/images/dj_fragrances_8_1.webp,2,Dior J'adore,,
dior-jadore,,,,,,,,,,,,,,,,,,,,,,https://raw.githubusercontent.com/Gpstrackergsm/GMC/main/catalog/images/dj_fragrances_8_2.webp,3,Dior J'adore,,
dolce-shine-eau-de,Dolce Shine Eau de,"Dolce Shine by Dolce & Gabbana is a vibrant and fruity fragrance, featuring notes of mango, jasmine, and blonde woods. It's a joyful and youthful scent.",Dolce & Gabbana,Fragrances,Fragrances,"fragrances,dolce & gabbana",TRUE,Title,Default Title,,,DJ-0009,6000,shopify,87,deny,manual,69.99,70.43,TRUE,TRUE,https://raw.githubusercontent.com/Gpstrackergsm/GMC/main/catalog/images/dj_fragrances_9_0.webp,1,Dolce Shine Eau de,FALSE,active
dolce-shine-eau-de,,,,,,,,,,,,,,,,,,,,,,https://raw.githubusercontent.com/Gpstrackergsm/GMC/main/catalog/images/dj_fragrances_9_1.webp,2,Dolce Shine Eau de,,
dolce-shine-eau-de,,,,,,,,,,,,,,,,,,,,,,https://raw.githubusercontent.com/Gpstrackergsm/GMC/main/catalog/images/dj_fragrances_9_2.webp,3,Dolce Shine Eau de,,
gucci-bloom-eau-de,Gucci Bloom Eau de,"Gucci Bloom by Gucci is a floral and captivating fragrance, with notes of tuberose, jasmine, and Rangoon creeper. It's a modern and romantic scent.",Gucci,Fragrances,Fragrances,"fragrances,gucci",TRUE,Title,Default Title,,,DJ-0010,7000,shopify,154,deny,manual,79.99,93.44,TRUE,TRUE,https://raw.githubusercontent.com/Gpstrackergsm/GMC/main/catalog/images/dj_fragrances_10_1.webp,1,Gucci Bloom Eau de,FALSE,active
gucci-bloom-eau-de,,,,,,,,,,,,,,,,,,,,,,https://raw.githubusercontent.com/Gpstrackergsm/GMC/main/catalog/images/dj_fragrances_10_2.webp,2,Gucci Bloom Eau de,,
annibale-colombo-bed,Annibale Colombo Bed,"The Annibale Colombo Bed is a luxurious and elegant bed frame, crafted with high-quality materials for a comfortable and stylish bedroom.",Annibale Colombo,Furniture,Furniture,"furniture,annibale colombo",TRUE,Title,Default Title,,,DJ-0011,10000,shopify,200,deny,manual,1899.99,2078.08,TRUE,TRUE,https://raw.githubusercontent.com/Gpstrackergsm/GMC/main/catalog/images/dj_furniture_11_0.webp,1,Annibale Colombo Bed,FALSE,active
annibale-colombo-bed,,,,,,,,,,,,,,,,,,,,,,https://raw.githubusercontent.com/Gpstrackergsm/GMC/main/catalog/images/dj_furniture_11_1.webp,2,Annibale Colombo Bed,,
annibale-colombo-bed,,,,,,,,,,,,,,,,,,,,,,https://raw.githubusercontent.com/Gpstrackergsm/GMC/main/catalog/images/dj_furniture_11_2.webp,3,Annibale Colombo Bed,,
annibale-colombo-sofa,Annibale Colombo Sofa,"The Annibale Colombo Sofa is a sophisticated and comfortable seating option, featuring exquisite design and premium upholstery for your living room.",Annibale Colombo,Furniture,Furniture,"furniture,annibale colombo",TRUE,Title,Default Title,,,DJ-0012,6000,shopify,66,deny,manual,2499.99,2920.55,TRUE,TRUE,https://raw.githubusercontent.com/Gpstrackergsm/GMC/main/catalog/images/dj_furniture_12_0.webp,1,Annibale Colombo Sofa,FALSE,active
annibale-colombo-sofa,,,,,,,,,,,,,,,,,,,,,,https://raw.githubusercontent.com/Gpstrackergsm/GMC/main/catalog/images/dj_furniture_12_1.webp,2,Annibale Colombo Sofa,,
annibale-colombo-sofa,,,,,,,,,,,,,,,,,,,,,,https://raw.githubusercontent.com/Gpstrackergsm/GMC/main/catalog/images/dj_furniture_12_2.webp,3,Annibale Colombo Sofa,,
bedside-table-african-cherry,Bedside Table African Cherry,"The Bedside Table in African Cherry is a stylish and functional addition to your bedroom, providing convenient storage space and a touch of elegance.",Furniture Co.,Furniture,Furniture,"furniture,furniture co.",TRUE,Title,Default Title,,,DJ-0013,2000,shopify,39,deny,manual,299.99,370.77,TRUE,TRUE,https://raw.githubusercontent.com/Gpstrackergsm/GMC/main/catalog/images/dj_furniture_13_0.webp,1,Bedside Table African Cherry,FALSE,active
bedside-table-african-cherry,,,,,,,,,,,,,,,,,,,,,,https://raw.githubusercontent.com/Gpstrackergsm/GMC/main/catalog/images/dj_furniture_13_1.webp,2,Bedside Table African Cherry,,
bedside-table-african-cherry,,,,,,,,,,,,,,,,,,,,,,https://raw.githubusercontent.com/Gpstrackergsm/GMC/main/catalog/images/dj_furniture_13_2.webp,3,Bedside Table African Cherry,,
knoll-saarinen-executive-conference-chair,Knoll Saarinen Executive Conference Chair,"The Knoll Saarinen Executive Conference Chair is a modern and ergonomic chair, perfect for your office or conference room with its timeless design.",Knoll,Furniture,Furniture,"furniture,knoll",TRUE,Title,Default Title,,,DJ-0014,10000,shopify,181,deny,manual,499.99,510.25,TRUE,TRUE,https://raw.githubusercontent.com/Gpstrackergsm/GMC/main/catalog/images/dj_furniture_14_0.webp,1,Knoll Saarinen Executive Conference Chair,FALSE,active
knoll-saarinen-executive-conference-chair,,,,,,,,,,,,,,,,,,,,,,https://raw.githubusercontent.com/Gpstrackergsm/GMC/main/catalog/images/dj_furniture_14_1.webp,2,Knoll Saarinen Executive Conference Chair,,
knoll-saarinen-executive-conference-chair,,,,,,,,,,,,,,,,,,,,,,https://raw.githubusercontent.com/Gpstrackergsm/GMC/main/catalog/images/dj_furniture_14_2.webp,3,Knoll Saarinen Executive Conference Chair,,
wooden-bathroom-sink-with-mirror,Wooden Bathroom Sink With Mirror,"The Wooden Bathroom Sink with Mirror is a unique and stylish addition to your bathroom, featuring a wooden sink countertop and a matching mirror.",Bath Trends,Furniture,Furniture,"furniture,bath trends",TRUE,Title,Default Title,,,DJ-0015,10000,shopify,112,deny,manual,799.99,877.18,TRUE,TRUE,https://raw.githubusercontent.com/Gpstrackergsm/GMC/main/catalog/images/dj_furniture_15_0.webp,1,Wooden Bathroom Sink With Mirror,FALSE,active
wooden-bathroom-sink-with-mirror,,,,,,,,,,,,,,,,,,,,,,https://raw.githubusercontent.com/Gpstrackergsm/GMC/main/catalog/images/dj_furniture_15_1.webp,2,Wooden Bathroom Sink With Mirror,,
wooden-bathroom-sink-with-mirror,,,,,,,,,,,,,,,,,,,,,,https://raw.githubusercontent.com/Gpstrackergsm/GMC/main/catalog/images/dj_furniture_15_2.webp,3,Wooden Bathroom Sink With Mirror,,
apple,Apple,"Fresh and crisp apples, perfect for snacking or incorporating into various recipes.",Leafanoo,Groceries,Groceries,"groceries,leafanoo",TRUE,Title,Default Title,,,DJ-0016,9000,shopify,97,deny,manual,1.99,2.28,TRUE,TRUE,https://raw.githubusercontent.com/Gpstrackergsm/GMC/main/catalog/images/dj_groceries_16_0.webp,1,Apple,FALSE,active
apple,,,,,,,,,,,,,,,,,,,,,,https://raw.githubusercontent.com/Gpstrackergsm/GMC/main/catalog/images/dj_groceries_16_1.webp,2,Apple,,
beef-steak,Beef Steak,"High-quality beef steak, great for grilling or cooking to your preferred level of doneness.",Leafanoo,Groceries,Groceries,"groceries,leafanoo",TRUE,Title,Default Title,,,DJ-0017,10000,shopify,83,deny,manual,12.99,14.37,TRUE,TRUE,https://raw.githubusercontent.com/Gpstrackergsm/GMC/main/catalog/images/dj_groceries_17_0.webp,1,Beef Steak,FALSE,active
beef-steak,,,,,,,,,,,,,,,,,,,,,,https://raw.githubusercontent.com/Gpstrackergsm/GMC/main/catalog/images/dj_groceries_17_1.webp,2,Beef Steak,,
cat-food,Cat Food,Nutritious cat food formulated to meet the dietary needs of your feline friend.,Leafanoo,Groceries,Groceries,"groceries,leafanoo",TRUE,Title,Default Title,,,DJ-0018,10000,shopify,144,deny,manual,8.99,9.94,TRUE,TRUE,https://raw.githubusercontent.com/Gpstrackergsm/GMC/main/catalog/images/dj_groceries_18_0.webp,1,Cat Food,FALSE,active
cat-food,,,,,,,,,,,,,,,,,,,,,,https://raw.githubusercontent.com/Gpstrackergsm/GMC/main/catalog/images/dj_groceries_18_1.webp,2,Cat Food,,
chicken-meat,Chicken Meat,"Fresh and tender chicken meat, suitable for various culinary preparations.",Leafanoo,Groceries,Groceries,"groceries,leafanoo",TRUE,Title,Default Title,,,DJ-0019,1000,shopify,199,deny,manual,9.99,11.58,TRUE,TRUE,https://raw.githubusercontent.com/Gpstrackergsm/GMC/main/catalog/images/dj_groceries_19_0.webp,1,Chicken Meat,FALSE,active
chicken-meat,,,,,,,,,,,,,,,,,,,,,,https://raw.githubusercontent.com/Gpstrackergsm/GMC/main/catalog/images/dj_groceries_19_1.webp,2,Chicken Meat,,
chicken-meat,,,,,,,,,,,,,,,,,,,,,,https://raw.githubusercontent.com/Gpstrackergsm/GMC/main/catalog/images/dj_groceries_19_2.webp,3,Chicken Meat,,
cooking-oil,Cooking Oil,"Versatile cooking oil suitable for frying, sautéing, and various culinary applications.",Leafanoo,Groceries,Groceries,"groceries,leafanoo",TRUE,Title,Default Title,,,DJ-0020,5000,shopify,51,deny,manual,4.99,5.50,TRUE,TRUE,https://raw.githubusercontent.com/Gpstrackergsm/GMC/main/catalog/images/dj_groceries_20_0.webp,1,Cooking Oil,FALSE,active
cooking-oil,,,,,,,,,,,,,,,,,,,,,,https://raw.githubusercontent.com/Gpstrackergsm/GMC/main/catalog/images/dj_groceries_20_1.webp,2,Cooking Oil,,
decoration-swing,Decoration Swing,"The Decoration Swing is a charming addition to your home decor. Crafted with intricate details, it adds a touch of elegance and whimsy to any room.",Leafanoo,Home Decoration,Home Decoration,"home decoration,leafanoo",TRUE,Title,Default Title,,,DJ-0043,4000,shopify,101,deny,manual,59.99,66.96,TRUE,TRUE,https://raw.githubusercontent.com/Gpstrackergsm/GMC/main/catalog/images/dj_home-decoration_43_0.webp,1,Decoration Swing,FALSE,active
decoration-swing,,,,,,,,,,,,,,,,,,,,,,https://raw.githubusercontent.com/Gpstrackergsm/GMC/main/catalog/images/dj_home-decoration_43_1.webp,2,Decoration Swing,,
decoration-swing,,,,,,,,,,,,,,,,,,,,,,https://raw.githubusercontent.com/Gpstrackergsm/GMC/main/catalog/images/dj_home-decoration_43_2.webp,3,Decoration Swing,,
family-tree-photo-frame,Family Tree Photo Frame,"The Family Tree Photo Frame is a sentimental and stylish way to display your cherished family memories. With multiple photo slots, it tells the story of your loved ones.",Leafanoo,Home Decoration,Home Decoration,"home decoration,leafanoo",TRUE,Title,Default Title,,,DJ-0044,1000,shopify,37,deny,manual,29.99,35.23,TRUE,TRUE,https://raw.githubusercontent.com/Gpstrackergsm/GMC/main/catalog/images/dj_home-decoration_44_0.webp,1,Family Tree Photo Frame,FALSE,active
family-tree-photo-frame,,,,,,,,,,,,,,,,,,,,,,https://raw.githubusercontent.com/Gpstrackergsm/GMC/main/catalog/images/dj_home-decoration_44_1.webp,2,Family Tree Photo Frame,,
house-showpiece-plant,House Showpiece Plant,The House Showpiece Plant is an artificial plant that brings a touch of nature to your home without the need for maintenance. It adds greenery and style to any space.,Leafanoo,Home Decoration,Home Decoration,"home decoration,leafanoo",TRUE,Title,Default Title,,,DJ-0045,8000,shopify,115,deny,manual,39.99,43.21,TRUE,TRUE,https://raw.githubusercontent.com/Gpstrackergsm/GMC/main/catalog/images/dj_home-decoration_45_0.webp,1,House Showpiece Plant,FALSE,active
house-showpiece-plant,,,,,,,,,,,,,,,,,,,,,,https://raw.githubusercontent.com/Gpstrackergsm/GMC/main/catalog/images/dj_home-decoration_45_1.webp,2,House Showpiece Plant,,
house-showpiece-plant,,,,,,,,,,,,,,,,,,,,,,https://raw.githubusercontent.com/Gpstrackergsm/GMC/main/catalog/images/dj_home-decoration_45_2.webp,3,House Showpiece Plant,,
plant-pot,Plant Pot,"The Plant Pot is a stylish container for your favorite plants. With a sleek design, it complements your indoor or outdoor garden, adding a modern touch to your plant display.",Leafanoo,Home Decoration,Home Decoration,"home decoration,leafanoo",TRUE,Title,Default Title,,,DJ-0046,9000,shopify,124,deny,manual,14.99,16.09,TRUE,TRUE,https://raw.githubusercontent.com/Gpstrackergsm/GMC/main/catalog/images/dj_home-decoration_46_0.webp,1,Plant Pot,FALSE,active
plant-pot,,,,,,,,,,,,,,,,,,,,,,https://raw.githubusercontent.com/Gpstrackergsm/GMC/main/catalog/images/dj_home-decoration_46_1.webp,2,Plant Pot,,
plant-pot,,,,,,,,,,,,,,,,,,,,,,https://raw.githubusercontent.com/Gpstrackergsm/GMC/main/catalog/images/dj_home-decoration_46_2.webp,3,Plant Pot,,
table-lamp,Table Lamp,"The Table Lamp is a functional and decorative lighting solution for your living space. With a modern design, it provides both ambient and task lighting, enhancing the atmosphere.",Leafanoo,Home Decoration,Home Decoration,"home decoration,leafanoo",TRUE,Title,Default Title,,,DJ-0047,4000,shopify,24,deny,manual,49.99,53.80,TRUE,TRUE,https://raw.githubusercontent.com/Gpstrackergsm/GMC/main/catalog/images/dj_home-decoration_47_0.webp,1,Table Lamp,FALSE,active
table-lamp,,,,,,,,,,,,,,,,,,,,,,https://raw.githubusercontent.com/Gpstrackergsm/GMC/main/catalog/images/dj_home-decoration_47_1.webp,2,Table Lamp,,
bamboo-spatula,Bamboo Spatula,"The Bamboo Spatula is a versatile kitchen tool made from eco-friendly bamboo. Ideal for flipping, stirring, and serving various dishes.",Leafanoo,Kitchen Accessories,Kitchen Accessories,"kitchen accessories,leafanoo",TRUE,Title,Default Title,,,DJ-0048,3000,shopify,195,deny,manual,7.99,8.22,TRUE,TRUE,https://raw.githubusercontent.com/Gpstrackergsm/GMC/main/catalog/images/dj_kitchen-accessories_48_1.webp,1,Bamboo Spatula,FALSE,active
black-aluminium-cup,Black Aluminium Cup,The Black Aluminium Cup is a stylish and durable cup suitable for both hot and cold beverages. Its sleek black design adds a modern touch to your drinkware collection.,Leafanoo,Kitchen Accessories,Kitchen Accessories,"kitchen accessories,leafanoo",TRUE,Title,Default Title,,,DJ-0049,7000,shopify,155,deny,manual,5.99,7.10,TRUE,TRUE,https://raw.githubusercontent.com/Gpstrackergsm/GMC/main/catalog/images/dj_kitchen-accessories_49_0.webp,1,Black Aluminium Cup,FALSE,active
black-aluminium-cup,,,,,,,,,,,,,,,,,,,,,,https://raw.githubusercontent.com/Gpstrackergsm/GMC/main/catalog/images/dj_kitchen-accessories_49_1.webp,2,Black Aluminium Cup,,
black-aluminium-cup,,,,,,,,,,,,,,,,,,,,,,https://raw.githubusercontent.com/Gpstrackergsm/GMC/main/catalog/images/dj_kitchen-accessories_49_2.webp,3,Black Aluminium Cup,,
black-whisk,Black Whisk,The Black Whisk is a kitchen essential for whisking and beating ingredients. Its ergonomic handle and sleek design make it a practical and stylish tool.,Leafanoo,Kitchen Accessories,Kitchen Accessories,"kitchen accessories,leafanoo",TRUE,Title,Default Title,,,DJ-0050,1000,shopify,146,deny,manual,9.99,11.13,TRUE,TRUE,https://raw.githubusercontent.com/Gpstrackergsm/GMC/main/catalog/images/dj_kitchen-accessories_50_0.webp,1,Black Whisk,FALSE,active
black-whisk,,,,,,,,,,,,,,,,,,,,,,https://raw.githubusercontent.com/Gpstrackergsm/GMC/main/catalog/images/dj_kitchen-accessories_50_1.webp,2,Black Whisk,,
boxed-blender,Boxed Blender,"The Boxed Blender is a powerful and compact blender perfect for smoothies, shakes, and more. Its convenient design and multiple functions make it a versatile kitchen appliance.",Leafanoo,Kitchen Accessories,Kitchen Accessories,"kitchen accessories,leafanoo",TRUE,Title,Default Title,,,DJ-0051,1000,shopify,97,deny,manual,39.99,43.12,TRUE,TRUE,https://raw.githubusercontent.com/Gpstrackergsm/GMC/main/catalog/images/dj_kitchen-accessories_51_0.webp,1,Boxed Blender,FALSE,active
boxed-blender,,,,,,,,,,,,,,,,,,,,,,https://raw.githubusercontent.com/Gpstrackergsm/GMC/main/catalog/images/dj_kitchen-accessories_51_1.webp,2,Boxed Blender,,
boxed-blender,,,,,,,,,,,,,,,,,,,,,,https://raw.githubusercontent.com/Gpstrackergsm/GMC/main/catalog/images/dj_kitchen-accessories_51_2.webp,3,Boxed Blender,,
carbon-steel-wok,Carbon Steel Wok,"The Carbon Steel Wok is a versatile cooking pan suitable for stir-frying, sautéing, and deep frying. Its sturdy construction ensures even heat distribution for delicious meals.",Leafanoo,Kitchen Accessories,Kitchen Accessories,"kitchen accessories,leafanoo",TRUE,Title,Default Title,,,DJ-0052,2000,shopify,70,deny,manual,29.99,32.09,TRUE,TRUE,https://raw.githubusercontent.com/Gpstrackergsm/GMC/main/catalog/images/dj_kitchen-accessories_52_0.webp,1,Carbon Steel Wok,FALSE,active
carbon-steel-wok,,,,,,,,,,,,,,,,,,,,,,https://raw.githubusercontent.com/Gpstrackergsm/GMC/main/catalog/images/dj_kitchen-accessories_52_1.webp,2,Carbon Steel Wok,,
apple-macbook-pro-14-inch-space-grey,Apple MacBook Pro 14 Inch Space Grey,"The MacBook Pro 14 Inch in Space Grey is a powerful and sleek laptop, featuring Apple's M1 Pro chip for exceptional performance and a stunning Retina display.",Apple,Laptops,Laptops,"laptops,apple",TRUE,Title,Default Title,,,DJ-0078,9000,shopify,94,deny,manual,1999.99,2098.41,TRUE,TRUE,https://raw.githubusercontent.com/Gpstrackergsm/GMC/main/catalog/images/dj_laptops_78_0.webp,1,Apple MacBook Pro 14 Inch Space Grey,FALSE,active
apple-macbook-pro-14-inch-space-grey,,,,,,,,,,,,,,,,,,,,,,https://raw.githubusercontent.com/Gpstrackergsm/GMC/main/catalog/images/dj_laptops_78_1.webp,2,Apple MacBook Pro 14 Inch Space Grey,,
apple-macbook-pro-14-inch-space-grey,,,,,,,,,,,,,,,,,,,,,,https://raw.githubusercontent.com/Gpstrackergsm/GMC/main/catalog/images/dj_laptops_78_2.webp,3,Apple MacBook Pro 14 Inch Space Grey,,
asus-zenbook-pro-dual-screen-laptop,Asus Zenbook Pro Dual Screen Laptop,"The Asus Zenbook Pro Dual Screen Laptop is a high-performance device with dual screens, providing productivity and versatility for creative professionals.",Asus,Laptops,Laptops,"laptops,asus",TRUE,Title,Default Title,,,DJ-0079,9000,shopify,42,deny,manual,1799.99,2025.65,TRUE,TRUE,https://raw.githubusercontent.com/Gpstrackergsm/GMC/main/catalog/images/dj_laptops_79_0.webp,1,Asus Zenbook Pro Dual Screen Laptop,FALSE,active
asus-zenbook-pro-dual-screen-laptop,,,,,,,,,,,,,,,,,,,,,,https://raw.githubusercontent.com/Gpstrackergsm/GMC/main/catalog/images/dj_laptops_79_1.webp,2,Asus Zenbook Pro Dual Screen Laptop,,
asus-zenbook-pro-dual-screen-laptop,,,,,,,,,,,,,,,,,,,,,,https://raw.githubusercontent.com/Gpstrackergsm/GMC/main/catalog/images/dj_laptops_79_2.webp,3,Asus Zenbook Pro Dual Screen Laptop,,
lenovo-yoga-920,Lenovo Yoga 920,"The Lenovo Yoga 920 is a 2-in-1 convertible laptop with a flexible hinge, allowing you to use it as a laptop or tablet, offering versatility and portability.",Lenovo,Laptops,Laptops,"laptops,lenovo",TRUE,Title,Default Title,,,DJ-0081,9000,shopify,47,deny,manual,1099.99,1177.09,TRUE,TRUE,https://raw.githubusercontent.com/Gpstrackergsm/GMC/main/catalog/images/dj_laptops_81_0.webp,1,Lenovo Yoga 920,FALSE,active
lenovo-yoga-920,,,,,,,,,,,,,,,,,,,,,,https://raw.githubusercontent.com/Gpstrackergsm/GMC/main/catalog/images/dj_laptops_81_1.webp,2,Lenovo Yoga 920,,
lenovo-yoga-920,,,,,,,,,,,,,,,,,,,,,,https://raw.githubusercontent.com/Gpstrackergsm/GMC/main/catalog/images/dj_laptops_81_2.webp,3,Lenovo Yoga 920,,
new-dell-xps-13-9300-laptop,New DELL XPS 13 9300 Laptop,"The New DELL XPS 13 9300 Laptop is a compact and powerful device, featuring a virtually borderless InfinityEdge display and high-end performance for various tasks.",Dell,Laptops,Laptops,"laptops,dell",TRUE,Title,Default Title,,,DJ-0082,2000,shopify,98,deny,manual,1499.99,1702.41,TRUE,TRUE,https://raw.githubusercontent.com/Gpstrackergsm/GMC/main/catalog/images/dj_laptops_82_0.webp,1,New DELL XPS 13 9300 Laptop,FALSE,active
new-dell-xps-13-9300-laptop,,,,,,,,,,,,,,,,,,,,,,https://raw.githubusercontent.com/Gpstrackergsm/GMC/main/catalog/images/dj_laptops_82_1.webp,2,New DELL XPS 13 9300 Laptop,,
new-dell-xps-13-9300-laptop,,,,,,,,,,,,,,,,,,,,,,https://raw.githubusercontent.com/Gpstrackergsm/GMC/main/catalog/images/dj_laptops_82_2.webp,3,New DELL XPS 13 9300 Laptop,,
blue-black-check-shirt,Blue & Black Check Shirt,"The Blue & Black Check Shirt is a stylish and comfortable men's shirt featuring a classic check pattern. Made from high-quality fabric, it's suitable for both casual and semi-formal occasions.",Fashion Trends,Mens Shirts,Mens Shirts,"mens shirts,fashion trends",TRUE,Title,Default Title,,,DJ-0083,4000,shopify,45,deny,manual,29.99,35.43,TRUE,TRUE,https://raw.githubusercontent.com/Gpstrackergsm/GMC/main/catalog/images/dj_mens-shirts_83_0.webp,1,Blue & Black Check Shirt,FALSE,active
blue-black-check-shirt,,,,,,,,,,,,,,,,,,,,,,https://raw.githubusercontent.com/Gpstrackergsm/GMC/main/catalog/images/dj_mens-shirts_83_1.webp,2,Blue & Black Check Shirt,,
blue-black-check-shirt,,,,,,,,,,,,,,,,,,,,,,https://raw.githubusercontent.com/Gpstrackergsm/GMC/main/catalog/images/dj_mens-shirts_83_2.webp,3,Blue & Black Check Shirt,,
gigabyte-aorus-men-tshirt,Gigabyte Aorus Men Tshirt,"The Gigabyte Aorus Men Tshirt is a cool and casual shirt for gaming enthusiasts. With the Aorus logo and sleek design, it's perfect for expressing your gaming style.",Gigabyte,Mens Shirts,Mens Shirts,"mens shirts,gigabyte",TRUE,Title,Default Title,,,DJ-0084,4000,shopify,199,deny,manual,24.99,25.23,TRUE,TRUE,https://raw.githubusercontent.com/Gpstrackergsm/GMC/main/catalog/images/dj_mens-shirts_84_0.webp,1,Gigabyte Aorus Men Tshirt,FALSE,active
gigabyte-aorus-men-tshirt,,,,,,,,,,,,,,,,,,,,,,https://raw.githubusercontent.com/Gpstrackergsm/GMC/main/catalog/images/dj_mens-shirts_84_1.webp,2,Gigabyte Aorus Men Tshirt,,
gigabyte-aorus-men-tshirt,,,,,,,,,,,,,,,,,,,,,,https://raw.githubusercontent.com/Gpstrackergsm/GMC/main/catalog/images/dj_mens-shirts_84_2.webp,3,Gigabyte Aorus Men Tshirt,,
man-plaid-shirt,Man Plaid Shirt,The Man Plaid Shirt is a timeless and versatile men's shirt with a classic plaid pattern. Its comfortable fit and casual style make it a wardrobe essential for various occasions.,Classic Wear,Mens Shirts,Mens Shirts,"mens shirts,classic wear",TRUE,Title,Default Title,,,DJ-0085,3000,shopify,99,deny,manual,34.99,43.47,TRUE,TRUE,https://raw.githubusercontent.com/Gpstrackergsm/GMC/main/catalog/images/dj_mens-shirts_85_0.webp,1,Man Plaid Shirt,FALSE,active
man-plaid-shirt,,,,,,,,,,,,,,,,,,,,,,https://raw.githubusercontent.com/Gpstrackergsm/GMC/main/catalog/images/dj_mens-shirts_85_1.webp,2,Man Plaid Shirt,,
man-plaid-shirt,,,,,,,,,,,,,,,,,,,,,,https://raw.githubusercontent.com/Gpstrackergsm/GMC/main/catalog/images/dj_mens-shirts_85_2.webp,3,Man Plaid Shirt,,
man-short-sleeve-shirt,Man Short Sleeve Shirt,"The Man Short Sleeve Shirt is a breezy and stylish option for warm days. With a comfortable fit and short sleeves, it's perfect for a laid-back yet polished look.",Casual Comfort,Mens Shirts,Mens Shirts,"mens shirts,casual comfort",TRUE,Title,Default Title,,,DJ-0086,2000,shopify,106,deny,manual,19.99,21.46,TRUE,TRUE,https://raw.githubusercontent.com/Gpstrackergsm/GMC/main/catalog/images/dj_mens-shirts_86_0.webp,1,Man Short Sleeve Shirt,FALSE,active
man-short-sleeve-shirt,,,,,,,,,,,,,,,,,,,,,,https://raw.githubusercontent.com/Gpstrackergsm/GMC/main/catalog/images/dj_mens-shirts_86_1.webp,2,Man Short Sleeve Shirt,,
man-short-sleeve-shirt,,,,,,,,,,,,,,,,,,,,,,https://raw.githubusercontent.com/Gpstrackergsm/GMC/main/catalog/images/dj_mens-shirts_86_2.webp,3,Man Short Sleeve Shirt,,
men-check-shirt,Men Check Shirt,"The Men Check Shirt is a classic and versatile shirt featuring a stylish check pattern. Suitable for various occasions, it adds a smart and polished touch to your wardrobe.",Urban Chic,Mens Shirts,Mens Shirts,"mens shirts,urban chic",TRUE,Title,Default Title,,,DJ-0087,10000,shopify,124,deny,manual,27.99,31.58,TRUE,TRUE,https://raw.githubusercontent.com/Gpstrackergsm/GMC/main/catalog/images/dj_mens-shirts_87_0.webp,1,Men Check Shirt,FALSE,active
men-check-shirt,,,,,,,,,,,,,,,,,,,,,,https://raw.githubusercontent.com/Gpstrackergsm/GMC/main/catalog/images/dj_mens-shirts_87_1.webp,2,Men Check Shirt,,
men-check-shirt,,,,,,,,,,,,,,,,,,,,,,https://raw.githubusercontent.com/Gpstrackergsm/GMC/main/catalog/images/dj_mens-shirts_87_2.webp,3,Men Check Shirt,,
nike-air-jordan-1-red-and-black,Nike Air Jordan 1 Red And Black,"The Nike Air Jordan 1 in Red and Black is an iconic basketball sneaker known for its stylish design and high-performance features, making it a favorite among sneaker enthusiasts and athletes.",Nike,Mens Shoes,Mens Shoes,"mens shoes,nike",TRUE,Title,Default Title,,,DJ-0088,3000,shopify,152,deny,manual,149.99,156.44,TRUE,TRUE,https://raw.githubusercontent.com/Gpstrackergsm/GMC/main/catalog/images/dj_mens-shoes_88_0.webp,1,Nike Air Jordan 1 Red And Black,FALSE,active
nike-air-jordan-1-red-and-black,,,,,,,,,,,,,,,,,,,,,,https://raw.githubusercontent.com/Gpstrackergsm/GMC/main/catalog/images/dj_mens-shoes_88_1.webp,2,Nike Air Jordan 1 Red And Black,,
nike-air-jordan-1-red-and-black,,,,,,,,,,,,,,,,,,,,,,https://raw.githubusercontent.com/Gpstrackergsm/GMC/main/catalog/images/dj_mens-shoes_88_2.webp,3,Nike Air Jordan 1 Red And Black,,
nike-baseball-cleats,Nike Baseball Cleats,Nike Baseball Cleats are designed for maximum traction and performance on the baseball field. They provide stability and support for players during games and practices.,Nike,Mens Shoes,Mens Shoes,"mens shoes,nike",TRUE,Title,Default Title,,,DJ-0089,9000,shopify,188,deny,manual,79.99,97.60,TRUE,TRUE,https://raw.githubusercontent.com/Gpstrackergsm/GMC/main/catalog/images/dj_mens-shoes_89_0.webp,1,Nike Baseball Cleats,FALSE,active
nike-baseball-cleats,,,,,,,,,,,,,,,,,,,,,,https://raw.githubusercontent.com/Gpstrackergsm/GMC/main/catalog/images/dj_mens-shoes_89_1.webp,2,Nike Baseball Cleats,,
nike-baseball-cleats,,,,,,,,,,,,,,,,,,,,,,https://raw.githubusercontent.com/Gpstrackergsm/GMC/main/catalog/images/dj_mens-shoes_89_2.webp,3,Nike Baseball Cleats,,
puma-future-rider-trainers,Puma Future Rider Trainers,"The Puma Future Rider Trainers offer a blend of retro style and modern comfort. Perfect for casual wear, these trainers provide a fashionable and comfortable option for everyday use.",Puma,Mens Shoes,Mens Shoes,"mens shoes,puma",TRUE,Title,Default Title,,,DJ-0090,6000,shopify,155,deny,manual,89.99,93.94,TRUE,TRUE,https://raw.githubusercontent.com/Gpstrackergsm/GMC/main/catalog/images/dj_mens-shoes_90_0.webp,1,Puma Future Rider Trainers,FALSE,active
puma-future-rider-trainers,,,,,,,,,,,,,,,,,,,,,,https://raw.githubusercontent.com/Gpstrackergsm/GMC/main/catalog/images/dj_mens-shoes_90_1.webp,2,Puma Future Rider Trainers,,
puma-future-rider-trainers,,,,,,,,,,,,,,,,,,,,,,https://raw.githubusercontent.com/Gpstrackergsm/GMC/main/catalog/images/dj_mens-shoes_90_2.webp,3,Puma Future Rider Trainers,,
sports-sneakers-off-white-red,Sports Sneakers Off White & Red,"The Sports Sneakers in Off White and Red combine style and functionality, making them a fashionable choice for sports enthusiasts. The red and off-white color combination adds a bold and energetic touch.",Off White,Mens Shoes,Mens Shoes,"mens shoes,off white",TRUE,Title,Default Title,,,DJ-0091,7000,shopify,142,deny,manual,119.99,126.27,TRUE,TRUE,https://raw.githubusercontent.com/Gpstrackergsm/GMC/main/catalog/images/dj_mens-shoes_91_0.webp,1,Sports Sneakers Off White & Red,FALSE,active
sports-sneakers-off-white-red,,,,,,,,,,,,,,,,,,,,,,https://raw.githubusercontent.com/Gpstrackergsm/GMC/main/catalog/images/dj_mens-shoes_91_1.webp,2,Sports Sneakers Off White & Red,,
sports-sneakers-off-white-red,,,,,,,,,,,,,,,,,,,,,,https://raw.githubusercontent.com/Gpstrackergsm/GMC/main/catalog/images/dj_mens-shoes_91_2.webp,3,Sports Sneakers Off White & Red,,
sports-sneakers-off-white-red,Sports Sneakers Off White Red,"Another variant of the Sports Sneakers in Off White Red, featuring a unique design. These sneakers offer style and comfort for casual occasions.",Off White,Mens Shoes,Mens Shoes,"mens shoes,off white",TRUE,Title,Default Title,,,DJ-0092,9000,shopify,22,deny,manual,109.99,110.03,TRUE,TRUE,https://raw.githubusercontent.com/Gpstrackergsm/GMC/main/catalog/images/dj_mens-shoes_92_0.webp,1,Sports Sneakers Off White Red,FALSE,active
sports-sneakers-off-white-red,,,,,,,,,,,,,,,,,,,,,,https://raw.githubusercontent.com/Gpstrackergsm/GMC/main/catalog/images/dj_mens-shoes_92_1.webp,2,Sports Sneakers Off White Red,,
sports-sneakers-off-white-red,,,,,,,,,,,,,,,,,,,,,,https://raw.githubusercontent.com/Gpstrackergsm/GMC/main/catalog/images/dj_mens-shoes_92_2.webp,3,Sports Sneakers Off White Red,,
brown-leather-belt-watch,Brown Leather Belt Watch,"The Brown Leather Belt Watch is a stylish timepiece with a classic design. Featuring a genuine leather strap and a sleek dial, it adds a touch of sophistication to your look.",Fashion Timepieces,Mens Watches,Mens Watches,"mens watches,fashion timepieces",TRUE,Title,Default Title,,,DJ-0093,10000,shopify,185,deny,manual,89.99,95.72,TRUE,TRUE,https://raw.githubusercontent.com/Gpstrackergsm/GMC/main/catalog/images/dj_mens-watches_93_0.webp,1,Brown Leather Belt Watch,FALSE,active
brown-leather-belt-watch,,,,,,,,,,,,,,,,,,,,,,https://raw.githubusercontent.com/Gpstrackergsm/GMC/main/catalog/images/dj_mens-watches_93_1.webp,2,Brown Leather Belt Watch,,
brown-leather-belt-watch,,,,,,,,,,,,,,,,,,,,,,https://raw.githubusercontent.com/Gpstrackergsm/GMC/main/catalog/images/dj_mens-watches_93_2.webp,3,Brown Leather Belt Watch,,
longines-master-collection,Longines Master Collection,"The Longines Master Collection is an elegant and refined watch known for its precision and craftsmanship. With a timeless design, it's a symbol of luxury and sophistication.",Longines,Mens Watches,Mens Watches,"mens watches,longines",TRUE,Title,Default Title,,,DJ-0094,4000,shopify,59,deny,manual,1499.99,1812.46,TRUE,TRUE,https://raw.githubusercontent.com/Gpstrackergsm/GMC/main/catalog/images/dj_mens-watches_94_0.webp,1,Longines Master Collection,FALSE,active
longines-master-collection,,,,,,,,,,,,,,,,,,,,,,https://raw.githubusercontent.com/Gpstrackergsm/GMC/main/catalog/images/dj_mens-watches_94_1.webp,2,Longines Master Collection,,
longines-master-collection,,,,,,,,,,,,,,,,,,,,,,https://raw.githubusercontent.com/Gpstrackergsm/GMC/main/catalog/images/dj_mens-watches_94_2.webp,3,Longines Master Collection,,
rolex-cellini-date-black-dial,Rolex Cellini Date Black Dial,"The Rolex Cellini Date with Black Dial is a classic and prestigious watch. With a black dial and date complication, it exudes sophistication and is a symbol of Rolex's heritage.",Rolex,Mens Watches,Mens Watches,"mens watches,rolex",TRUE,Title,Default Title,,,DJ-0095,2000,shopify,86,deny,manual,8999.99,9877.07,TRUE,TRUE,https://raw.githubusercontent.com/Gpstrackergsm/GMC/main/catalog/images/dj_mens-watches_95_0.webp,1,Rolex Cellini Date Black Dial,FALSE,active
rolex-cellini-date-black-dial,,,,,,,,,,,,,,,,,,,,,,https://raw.githubusercontent.com/Gpstrackergsm/GMC/main/catalog/images/dj_mens-watches_95_1.webp,2,Rolex Cellini Date Black Dial,,
rolex-cellini-date-black-dial,,,,,,,,,,,,,,,,,,,,,,https://raw.githubusercontent.com/Gpstrackergsm/GMC/main/catalog/images/dj_mens-watches_95_2.webp,3,Rolex Cellini Date Black Dial,,
rolex-cellini-moonphase,Rolex Cellini Moonphase,"The Rolex Cellini Moonphase is a masterpiece of horology, featuring a moon phase complication and exquisite design. It reflects Rolex's commitment to precision and elegance.",Rolex,Mens Watches,Mens Watches,"mens watches,rolex",TRUE,Title,Default Title,,,DJ-0096,2000,shopify,142,deny,manual,12999.99,15761.38,TRUE,TRUE,https://raw.githubusercontent.com/Gpstrackergsm/GMC/main/catalog/images/dj_mens-watches_96_0.webp,1,Rolex Cellini Moonphase,FALSE,active
rolex-cellini-moonphase,,,,,,,,,,,,,,,,,,,,,,https://raw.githubusercontent.com/Gpstrackergsm/GMC/main/catalog/images/dj_mens-watches_96_1.webp,2,Rolex Cellini Moonphase,,
rolex-cellini-moonphase,,,,,,,,,,,,,,,,,,,,,,https://raw.githubusercontent.com/Gpstrackergsm/GMC/main/catalog/images/dj_mens-watches_96_2.webp,3,Rolex Cellini Moonphase,,
rolex-datejust,Rolex Datejust,"The Rolex Datejust is an iconic and versatile timepiece with a date window. Known for its timeless design and reliability, it's a symbol of Rolex's watchmaking excellence.",Rolex,Mens Watches,Mens Watches,"mens watches,rolex",TRUE,Title,Default Title,,,DJ-0097,4000,shopify,42,deny,manual,10999.99,11426.19,TRUE,TRUE,https://raw.githubusercontent.com/Gpstrackergsm/GMC/main/catalog/images/dj_mens-watches_97_0.webp,1,Rolex Datejust,FALSE,active
rolex-datejust,,,,,,,,,,,,,,,,,,,,,,https://raw.githubusercontent.com/Gpstrackergsm/GMC/main/catalog/images/dj_mens-watches_97_1.webp,2,Rolex Datejust,,
rolex-datejust,,,,,,,,,,,,,,,,,,,,,,https://raw.githubusercontent.com/Gpstrackergsm/GMC/main/catalog/images/dj_mens-watches_97_2.webp,3,Rolex Datejust,,
amazon-echo-plus,Amazon Echo Plus,The Amazon Echo Plus is a smart speaker with built-in Alexa voice control. It features premium sound quality and serves as a hub for controlling smart home devices.,Amazon,Mobile Accessories,Mobile Accessories,"mobile accessories,amazon",TRUE,Title,Default Title,,,DJ-0099,5000,shopify,197,deny,manual,99.99,113.72,TRUE,TRUE,https://raw.githubusercontent.com/Gpstrackergsm/GMC/main/catalog/images/dj_mobile-accessories_99_0.webp,1,Amazon Echo Plus,FALSE,active
amazon-echo-plus,,,,,,,,,,,,,,,,,,,,,,https://raw.githubusercontent.com/Gpstrackergsm/GMC/main/catalog/images/dj_mobile-accessories_99_1.webp,2,Amazon Echo Plus,,
amazon-echo-plus,,,,,,,,,,,,,,,,,,,,,,https://raw.githubusercontent.com/Gpstrackergsm/GMC/main/catalog/images/dj_mobile-accessories_99_2.webp,3,Amazon Echo Plus,,
apple-airpods,Apple Airpods,"The Apple Airpods offer a seamless wireless audio experience. With easy pairing, high-quality sound, and Siri integration, they are perfect for on-the-go listening.",Apple,Mobile Accessories,Mobile Accessories,"mobile accessories,apple",TRUE,Title,Default Title,,,DJ-0100,4000,shopify,76,deny,manual,129.99,153.91,TRUE,TRUE,https://raw.githubusercontent.com/Gpstrackergsm/GMC/main/catalog/images/dj_mobile-accessories_100_0.webp,1,Apple Airpods,FALSE,active
apple-airpods,,,,,,,,,,,,,,,,,,,,,,https://raw.githubusercontent.com/Gpstrackergsm/GMC/main/catalog/images/dj_mobile-accessories_100_1.webp,2,Apple Airpods,,
apple-airpods,,,,,,,,,,,,,,,,,,,,,,https://raw.githubusercontent.com/Gpstrackergsm/GMC/main/catalog/images/dj_mobile-accessories_100_2.webp,3,Apple Airpods,,
apple-airpods-max-silver,Apple AirPods Max Silver,"The Apple AirPods Max in Silver are premium over-ear headphones with high-fidelity audio, adaptive EQ, and active noise cancellation. Experience immersive sound in style.",Apple,Mobile Accessories,Mobile Accessories,"mobile accessories,apple",TRUE,Title,Default Title,,,DJ-0101,2000,shopify,53,deny,manual,549.99,637.08,TRUE,TRUE,https://raw.githubusercontent.com/Gpstrackergsm/GMC/main/catalog/images/dj_mobile-accessories_101_0.webp,1,Apple AirPods Max Silver,FALSE,active
apple-airpods-max-silver,,,,,,,,,,,,,,,,,,,,,,https://raw.githubusercontent.com/Gpstrackergsm/GMC/main/catalog/images/dj_mobile-accessories_101_1.webp,2,Apple AirPods Max Silver,,
apple-airpower-wireless-charger,Apple Airpower Wireless Charger,The Apple AirPower Wireless Charger provides a convenient way to charge your compatible Apple devices wirelessly. Simply place your devices on the charging mat for effortless charging.,Apple,Mobile Accessories,Mobile Accessories,"mobile accessories,apple",TRUE,Title,Default Title,,,DJ-0102,5000,shopify,113,deny,manual,79.99,83.74,TRUE,TRUE,https://raw.githubusercontent.com/Gpstrackergsm/GMC/main/catalog/images/dj_mobile-accessories_102_0.webp,1,Apple Airpower Wireless Charger,FALSE,active
apple-airpower-wireless-charger,,,,,,,,,,,,,,,,,,,,,,https://raw.githubusercontent.com/Gpstrackergsm/GMC/main/catalog/images/dj_mobile-accessories_102_1.webp,2,Apple Airpower Wireless Charger,,
apple-homepod-mini-cosmic-grey,Apple HomePod Mini Cosmic Grey,The Apple HomePod Mini in Cosmic Grey is a compact smart speaker that delivers impressive audio and integrates seamlessly with the Apple ecosystem for a smart home experience.,Apple,Mobile Accessories,Mobile Accessories,"mobile accessories,apple",TRUE,Title,Default Title,,,DJ-0103,10000,shopify,43,deny,manual,99.99,122.09,TRUE,TRUE,https://raw.githubusercontent.com/Gpstrackergsm/GMC/main/catalog/images/dj_mobile-accessories_103_0.webp,1,Apple HomePod Mini Cosmic Grey,FALSE,active
apple-homepod-mini-cosmic-grey,,,,,,,,,,,,,,,,,,,,,,https://raw.githubusercontent.com/Gpstrackergsm/GMC/main/catalog/images/dj_mobile-accessories_103_1.webp,2,Apple HomePod Mini Cosmic Grey,,
attitude-super-leaves-hand-soap,Attitude Super Leaves Hand Soap,"Attitude Super Leaves Hand Soap is a natural and nourishing hand soap enriched with the goodness of super leaves. It cleanses and moisturizes your hands, leaving them feeling fresh and soft.",Attitude,Skin Care,Skin Care,"skin care,attitude",TRUE,Title,Default Title,,,DJ-0118,1000,shopify,118,deny,manual,8.99,11.03,TRUE,TRUE,https://raw.githubusercontent.com/Gpstrackergsm/GMC/main/catalog/images/dj_skin-care_118_0.webp,1,Attitude Super Leaves Hand Soap,FALSE,active
attitude-super-leaves-hand-soap,,,,,,,,,,,,,,,,,,,,,,https://raw.githubusercontent.com/Gpstrackergsm/GMC/main/catalog/images/dj_skin-care_118_1.webp,2,Attitude Super Leaves Hand Soap,,
attitude-super-leaves-hand-soap,,,,,,,,,,,,,,,,,,,,,,https://raw.githubusercontent.com/Gpstrackergsm/GMC/main/catalog/images/dj_skin-care_118_2.webp,3,Attitude Super Leaves Hand Soap,,
olay-ultra-moisture-shea-butter-body-wash,Olay Ultra Moisture Shea Butter Body Wash,Olay Ultra Moisture Shea Butter Body Wash is a luxurious body wash that hydrates and nourishes your skin with the moisturizing power of shea butter. Enjoy a rich lather and silky-smooth skin.,Olay,Skin Care,Skin Care,"skin care,olay",TRUE,Title,Default Title,,,DJ-0119,4000,shopify,62,deny,manual,12.99,15.54,TRUE,TRUE,https://raw.githubusercontent.com/Gpstrackergsm/GMC/main/catalog/images/dj_skin-care_119_0.webp,1,Olay Ultra Moisture Shea Butter Body Wash,FALSE,active
olay-ultra-moisture-shea-butter-body-wash,,,,,,,,,,,,,,,,,,,,,,https://raw.githubusercontent.com/Gpstrackergsm/GMC/main/catalog/images/dj_skin-care_119_1.webp,2,Olay Ultra Moisture Shea Butter Body Wash,,
olay-ultra-moisture-shea-butter-body-wash,,,,,,,,,,,,,,,,,,,,,,https://raw.githubusercontent.com/Gpstrackergsm/GMC/main/catalog/images/dj_skin-care_119_2.webp,3,Olay Ultra Moisture Shea Butter Body Wash,,
vaseline-men-body-and-face-lotion,Vaseline Men Body and Face Lotion,Vaseline Men Body and Face Lotion is a specially formulated lotion designed to provide long-lasting moisture to men's skin. It absorbs quickly and helps keep the skin hydrated and healthy.,Vaseline,Skin Care,Skin Care,"skin care,vaseline",TRUE,Title,Default Title,,,DJ-0120,4000,shopify,161,deny,manual,9.99,11.53,TRUE,TRUE,https://raw.githubusercontent.com/Gpstrackergsm/GMC/main/catalog/images/dj_skin-care_120_0.webp,1,Vaseline Men Body and Face Lotion,FALSE,active
vaseline-men-body-and-face-lotion,,,,,,,,,,,,,,,,,,,,,,https://raw.githubusercontent.com/Gpstrackergsm/GMC/main/catalog/images/dj_skin-care_120_1.webp,2,Vaseline Men Body and Face Lotion,,
vaseline-men-body-and-face-lotion,,,,,,,,,,,,,,,,,,,,,,https://raw.githubusercontent.com/Gpstrackergsm/GMC/main/catalog/images/dj_skin-care_120_2.webp,3,Vaseline Men Body and Face Lotion,,
blue-frock,Blue Frock,"The Blue Frock is a charming and stylish dress for various occasions. With a vibrant blue color and a comfortable design, it adds a touch of elegance to your wardrobe.",Leafanoo,Tops,Tops,"tops,leafanoo",TRUE,Title,Default Title,,,DJ-0162,5000,shopify,123,deny,manual,29.99,34.13,TRUE,TRUE,https://raw.githubusercontent.com/Gpstrackergsm/GMC/main/catalog/images/dj_tops_162_1.webp,1,Blue Frock,FALSE,active
blue-frock,,,,,,,,,,,,,,,,,,,,,,https://raw.githubusercontent.com/Gpstrackergsm/GMC/main/catalog/images/dj_tops_162_2.webp,2,Blue Frock,,
girl-summer-dress,Girl Summer Dress,"The Girl Summer Dress is a cute and breezy dress designed for warm weather. With playful patterns and lightweight fabric, it's perfect for keeping cool and stylish during the summer.",Leafanoo,Tops,Tops,"tops,leafanoo",TRUE,Title,Default Title,,,DJ-0163,5000,shopify,94,deny,manual,19.99,24.74,TRUE,TRUE,https://raw.githubusercontent.com/Gpstrackergsm/GMC/main/catalog/images/dj_tops_163_0.webp,1,Girl Summer Dress,FALSE,active
girl-summer-dress,,,,,,,,,,,,,,,,,,,,,,https://raw.githubusercontent.com/Gpstrackergsm/GMC/main/catalog/images/dj_tops_163_1.webp,2,Girl Summer Dress,,
gray-dress,Gray Dress,"The Gray Dress is a versatile and chic option for various occasions. With a neutral gray color, it can be dressed up or down, making it a wardrobe staple for any fashion-forward individual.",Leafanoo,Tops,Tops,"tops,leafanoo",TRUE,Title,Default Title,,,DJ-0164,1000,shopify,110,deny,manual,34.99,40.82,TRUE,TRUE,https://raw.githubusercontent.com/Gpstrackergsm/GMC/main/catalog/images/dj_tops_164_2.webp,1,Gray Dress,FALSE,active
short-frock,Short Frock,"The Short Frock is a playful and trendy dress with a shorter length. Ideal for casual outings or special occasions, it combines style and comfort for a fashionable look.",Leafanoo,Tops,Tops,"tops,leafanoo",TRUE,Title,Default Title,,,DJ-0165,10000,shopify,137,deny,manual,24.99,28.87,TRUE,TRUE,https://raw.githubusercontent.com/Gpstrackergsm/GMC/main/catalog/images/dj_tops_165_0.webp,1,Short Frock,FALSE,active
short-frock,,,,,,,,,,,,,,,,,,,,,,https://raw.githubusercontent.com/Gpstrackergsm/GMC/main/catalog/images/dj_tops_165_1.webp,2,Short Frock,,
short-frock,,,,,,,,,,,,,,,,,,,,,,https://raw.githubusercontent.com/Gpstrackergsm/GMC/main/catalog/images/dj_tops_165_2.webp,3,Short Frock,,
tartan-dress,Tartan Dress,"The Tartan Dress features a classic tartan pattern, bringing a timeless and sophisticated touch to your wardrobe. Perfect for fall and winter, it adds a hint of traditional charm.",Leafanoo,Tops,Tops,"tops,leafanoo",TRUE,Title,Default Title,,,DJ-0166,8000,shopify,193,deny,manual,39.99,45.94,TRUE,TRUE,https://raw.githubusercontent.com/Gpstrackergsm/GMC/main/catalog/images/dj_tops_166_0.webp,1,Tartan Dress,FALSE,active
tartan-dress,,,,,,,,,,,,,,,,,,,,,,https://raw.githubusercontent.com/Gpstrackergsm/GMC/main/catalog/images/dj_tops_166_1.webp,2,Tartan Dress,,
tartan-dress,,,,,,,,,,,,,,,,,,,,,,https://raw.githubusercontent.com/Gpstrackergsm/GMC/main/catalog/images/dj_tops_166_2.webp,3,Tartan Dress,,
300-touring,,,,,,,,,,,,,,,,,,,,,,https://raw.githubusercontent.com/Gpstrackergsm/GMC/main/catalog/images/dj_vehicle_167_2.webp,2,300 Touring,,
charger-sxt-rwd,,,,,,,,,,,,,,,,,,,,,,https://raw.githubusercontent.com/Gpstrackergsm/GMC/main/catalog/images/dj_vehicle_168_2.webp,2,Charger SXT RWD,,
blue-womens-handbag,Blue Women's Handbag,"The Blue Women's Handbag is a stylish and spacious accessory for everyday use. With a vibrant blue color and multiple compartments, it combines fashion and functionality.",Fashionista,Womens Bags,Womens Bags,"womens bags,fashionista",TRUE,Title,Default Title,,,DJ-0172,7000,shopify,66,deny,manual,49.99,60.87,TRUE,TRUE,https://raw.githubusercontent.com/Gpstrackergsm/GMC/main/catalog/images/dj_womens-bags_172_0.webp,1,Blue Women's Handbag,FALSE,active
blue-womens-handbag,,,,,,,,,,,,,,,,,,,,,,https://raw.githubusercontent.com/Gpstrackergsm/GMC/main/catalog/images/dj_womens-bags_172_1.webp,2,Blue Women's Handbag,,
blue-womens-handbag,,,,,,,,,,,,,,,,,,,,,,https://raw.githubusercontent.com/Gpstrackergsm/GMC/main/catalog/images/dj_womens-bags_172_2.webp,3,Blue Women's Handbag,,
heshe-womens-leather-bag,Heshe Women's Leather Bag,"The Heshe Women's Leather Bag is a luxurious and high-quality leather bag for the sophisticated woman. With a timeless design and durable craftsmanship, it's a versatile accessory.",Heshe,Womens Bags,Womens Bags,"womens bags,heshe",TRUE,Title,Default Title,,,DJ-0173,3000,shopify,75,deny,manual,129.99,135.22,TRUE,TRUE,https://raw.githubusercontent.com/Gpstrackergsm/GMC/main/catalog/images/dj_womens-bags_173_0.webp,1,Heshe Women's Leather Bag,FALSE,active
heshe-womens-leather-bag,,,,,,,,,,,,,,,,,,,,,,https://raw.githubusercontent.com/Gpstrackergsm/GMC/main/catalog/images/dj_womens-bags_173_1.webp,2,Heshe Women's Leather Bag,,
heshe-womens-leather-bag,,,,,,,,,,,,,,,,,,,,,,https://raw.githubusercontent.com/Gpstrackergsm/GMC/main/catalog/images/dj_womens-bags_173_2.webp,3,Heshe Women's Leather Bag,,
prada-women-bag,Prada Women Bag,"The Prada Women Bag is an iconic designer bag that exudes elegance and luxury. Crafted with precision and featuring the Prada logo, it's a statement piece for fashion enthusiasts.",Prada,Womens Bags,Womens Bags,"womens bags,prada",TRUE,Title,Default Title,,,DJ-0174,4000,shopify,182,deny,manual,599.99,698.39,TRUE,TRUE,https://raw.githubusercontent.com/Gpstrackergsm/GMC/main/catalog/images/dj_womens-bags_174_0.webp,1,Prada Women Bag,FALSE,active
prada-women-bag,,,,,,,,,,,,,,,,,,,,,,https://raw.githubusercontent.com/Gpstrackergsm/GMC/main/catalog/images/dj_womens-bags_174_1.webp,2,Prada Women Bag,,
prada-women-bag,,,,,,,,,,,,,,,,,,,,,,https://raw.githubusercontent.com/Gpstrackergsm/GMC/main/catalog/images/dj_womens-bags_174_2.webp,3,Prada Women Bag,,
white-faux-leather-backpack,White Faux Leather Backpack,"The White Faux Leather Backpack is a trendy and practical backpack for the modern woman. With a sleek white design and ample storage space, it's perfect for both casual and on-the-go styles.",Urban Chic,Womens Bags,Womens Bags,"womens bags,urban chic",TRUE,Title,Default Title,,,DJ-0175,7000,shopify,180,deny,manual,39.99,47.16,TRUE,TRUE,https://raw.githubusercontent.com/Gpstrackergsm/GMC/main/catalog/images/dj_womens-bags_175_0.webp,1,White Faux Leather Backpack,FALSE,active
white-faux-leather-backpack,,,,,,,,,,,,,,,,,,,,,,https://raw.githubusercontent.com/Gpstrackergsm/GMC/main/catalog/images/dj_womens-bags_175_1.webp,2,White Faux Leather Backpack,,
white-faux-leather-backpack,,,,,,,,,,,,,,,,,,,,,,https://raw.githubusercontent.com/Gpstrackergsm/GMC/main/catalog/images/dj_womens-bags_175_2.webp,3,White Faux Leather Backpack,,
women-handbag-black,Women Handbag Black,"The Women Handbag in Black is a classic and versatile accessory that complements various outfits. With a timeless black color and functional design, it's a must-have in every woman's wardrobe.",Elegance Collection,Womens Bags,Womens Bags,"womens bags,elegance collection",TRUE,Title,Default Title,,,DJ-0176,6000,shopify,28,deny,manual,59.99,67.89,TRUE,TRUE,https://raw.githubusercontent.com/Gpstrackergsm/GMC/main/catalog/images/dj_womens-bags_176_0.webp,1,Women Handbag Black,FALSE,active
women-handbag-black,,,,,,,,,,,,,,,,,,,,,,https://raw.githubusercontent.com/Gpstrackergsm/GMC/main/catalog/images/dj_womens-bags_176_1.webp,2,Women Handbag Black,,
women-handbag-black,,,,,,,,,,,,,,,,,,,,,,https://raw.githubusercontent.com/Gpstrackergsm/GMC/main/catalog/images/dj_womens-bags_176_2.webp,3,Women Handbag Black,,
black-womens-gown,Black Women's Gown,"The Black Women's Gown is an elegant and timeless evening gown. With a sleek black design, it's perfect for formal events and special occasions, exuding sophistication and style.",Leafanoo,Womens Dresses,Womens Dresses,"womens dresses,leafanoo",TRUE,Title,Default Title,,,DJ-0177,2000,shopify,95,deny,manual,129.99,145.21,TRUE,TRUE,https://raw.githubusercontent.com/Gpstrackergsm/GMC/main/catalog/images/dj_womens-dresses_177_0.webp,1,Black Women's Gown,FALSE,active
black-womens-gown,,,,,,,,,,,,,,,,,,,,,,https://raw.githubusercontent.com/Gpstrackergsm/GMC/main/catalog/images/dj_womens-dresses_177_1.webp,2,Black Women's Gown,,
black-womens-gown,,,,,,,,,,,,,,,,,,,,,,https://raw.githubusercontent.com/Gpstrackergsm/GMC/main/catalog/images/dj_womens-dresses_177_2.webp,3,Black Women's Gown,,
corset-leather-with-skirt,Corset Leather With Skirt,"The Corset Leather With Skirt is a bold and edgy ensemble that combines a stylish corset with a matching skirt. Ideal for fashion-forward individuals, it makes a statement at any event.",Leafanoo,Womens Dresses,Womens Dresses,"womens dresses,leafanoo",TRUE,Title,Default Title,,,DJ-0178,1000,shopify,22,deny,manual,89.99,107.46,TRUE,TRUE,https://raw.githubusercontent.com/Gpstrackergsm/GMC/main/catalog/images/dj_womens-dresses_178_0.webp,1,Corset Leather With Skirt,FALSE,active
corset-leather-with-skirt,,,,,,,,,,,,,,,,,,,,,,https://raw.githubusercontent.com/Gpstrackergsm/GMC/main/catalog/images/dj_womens-dresses_178_1.webp,2,Corset Leather With Skirt,,
corset-leather-with-skirt,,,,,,,,,,,,,,,,,,,,,,https://raw.githubusercontent.com/Gpstrackergsm/GMC/main/catalog/images/dj_womens-dresses_178_2.webp,3,Corset Leather With Skirt,,
corset-with-black-skirt,Corset With Black Skirt,The Corset With Black Skirt is a chic and versatile outfit that pairs a fashionable corset with a classic black skirt. It offers a trendy and coordinated look for various occasions.,Leafanoo,Womens Dresses,Womens Dresses,"womens dresses,leafanoo",TRUE,Title,Default Title,,,DJ-0179,7000,shopify,138,deny,manual,79.99,94.17,TRUE,TRUE,https://raw.githubusercontent.com/Gpstrackergsm/GMC/main/catalog/images/dj_womens-dresses_179_0.webp,1,Corset With Black Skirt,FALSE,active
corset-with-black-skirt,,,,,,,,,,,,,,,,,,,,,,https://raw.githubusercontent.com/Gpstrackergsm/GMC/main/catalog/images/dj_womens-dresses_179_1.webp,2,Corset With Black Skirt,,
corset-with-black-skirt,,,,,,,,,,,,,,,,,,,,,,https://raw.githubusercontent.com/Gpstrackergsm/GMC/main/catalog/images/dj_womens-dresses_179_2.webp,3,Corset With Black Skirt,,
dress-pea,Dress Pea,"The Dress Pea is a stylish and comfortable dress with a pea pattern. Perfect for casual outings, it adds a playful and fun element to your wardrobe, making it a great choice for day-to-day wear.",Leafanoo,Womens Dresses,Womens Dresses,"womens dresses,leafanoo",TRUE,Title,Default Title,,,DJ-0180,1000,shopify,81,deny,manual,49.99,60.73,TRUE,TRUE,https://raw.githubusercontent.com/Gpstrackergsm/GMC/main/catalog/images/dj_womens-dresses_180_0.webp,1,Dress Pea,FALSE,active
dress-pea,,,,,,,,,,,,,,,,,,,,,,https://raw.githubusercontent.com/Gpstrackergsm/GMC/main/catalog/images/dj_womens-dresses_180_1.webp,2,Dress Pea,,
dress-pea,,,,,,,,,,,,,,,,,,,,,,https://raw.githubusercontent.com/Gpstrackergsm/GMC/main/catalog/images/dj_womens-dresses_180_2.webp,3,Dress Pea,,
marni-red-black-suit,Marni Red & Black Suit,"The Marni Red & Black Suit is a sophisticated and fashion-forward suit ensemble. With a combination of red and black tones, it showcases a modern design for a bold and confident look.",Leafanoo,Womens Dresses,Womens Dresses,"womens dresses,leafanoo",TRUE,Title,Default Title,,,DJ-0181,3000,shopify,37,deny,manual,179.99,222.26,TRUE,TRUE,https://raw.githubusercontent.com/Gpstrackergsm/GMC/main/catalog/images/dj_womens-dresses_181_0.webp,1,Marni Red & Black Suit,FALSE,active
marni-red-black-suit,,,,,,,,,,,,,,,,,,,,,,https://raw.githubusercontent.com/Gpstrackergsm/GMC/main/catalog/images/dj_womens-dresses_181_1.webp,2,Marni Red & Black Suit,,
marni-red-black-suit,,,,,,,,,,,,,,,,,,,,,,https://raw.githubusercontent.com/Gpstrackergsm/GMC/main/catalog/images/dj_womens-dresses_181_2.webp,3,Marni Red & Black Suit,,
green-crystal-earring,Green Crystal Earring,"The Green Crystal Earring is a dazzling accessory that features a vibrant green crystal. With a classic design, it adds a touch of elegance to your ensemble, perfect for formal or special occasions.",Leafanoo,Womens Jewellery,Womens Jewellery,"womens jewellery,leafanoo",TRUE,Title,Default Title,,,DJ-0182,2000,shopify,166,deny,manual,29.99,35.38,TRUE,TRUE,https://raw.githubusercontent.com/Gpstrackergsm/GMC/main/catalog/images/dj_womens-jewellery_182_0.webp,1,Green Crystal Earring,FALSE,active
green-crystal-earring,,,,,,,,,,,,,,,,,,,,,,https://raw.githubusercontent.com/Gpstrackergsm/GMC/main/catalog/images/dj_womens-jewellery_182_1.webp,2,Green Crystal Earring,,
green-crystal-earring,,,,,,,,,,,,,,,,,,,,,,https://raw.githubusercontent.com/Gpstrackergsm/GMC/main/catalog/images/dj_womens-jewellery_182_2.webp,3,Green Crystal Earring,,
green-oval-earring,Green Oval Earring,"The Green Oval Earring is a stylish and versatile accessory with a unique oval shape. Whether for casual or dressy occasions, its green hue and contemporary design make it a standout piece.",Leafanoo,Womens Jewellery,Womens Jewellery,"womens jewellery,leafanoo",TRUE,Title,Default Title,,,DJ-0183,10000,shopify,87,deny,manual,24.99,29.46,TRUE,TRUE,https://raw.githubusercontent.com/Gpstrackergsm/GMC/main/catalog/images/dj_womens-jewellery_183_0.webp,1,Green Oval Earring,FALSE,active
green-oval-earring,,,,,,,,,,,,,,,,,,,,,,https://raw.githubusercontent.com/Gpstrackergsm/GMC/main/catalog/images/dj_womens-jewellery_183_1.webp,2,Green Oval Earring,,
green-oval-earring,,,,,,,,,,,,,,,,,,,,,,https://raw.githubusercontent.com/Gpstrackergsm/GMC/main/catalog/images/dj_womens-jewellery_183_2.webp,3,Green Oval Earring,,
tropical-earring,Tropical Earring,"The Tropical Earring is a fun and playful accessory inspired by tropical elements. Featuring vibrant colors and a lively design, it's perfect for adding a touch of summer to your look.",Leafanoo,Womens Jewellery,Womens Jewellery,"womens jewellery,leafanoo",TRUE,Title,Default Title,,,DJ-0184,3000,shopify,55,deny,manual,19.99,20.14,TRUE,TRUE,https://raw.githubusercontent.com/Gpstrackergsm/GMC/main/catalog/images/dj_womens-jewellery_184_0.webp,1,Tropical Earring,FALSE,active
tropical-earring,,,,,,,,,,,,,,,,,,,,,,https://raw.githubusercontent.com/Gpstrackergsm/GMC/main/catalog/images/dj_womens-jewellery_184_1.webp,2,Tropical Earring,,
tropical-earring,,,,,,,,,,,,,,,,,,,,,,https://raw.githubusercontent.com/Gpstrackergsm/GMC/main/catalog/images/dj_womens-jewellery_184_2.webp,3,Tropical Earring,,
black-brown-slipper,Black & Brown Slipper,"The Black & Brown Slipper is a comfortable and stylish choice for casual wear. Featuring a blend of black and brown colors, it adds a touch of sophistication to your relaxation.",Comfort Trends,Womens Shoes,Womens Shoes,"womens shoes,comfort trends",TRUE,Title,Default Title,,,DJ-0185,5000,shopify,51,deny,manual,19.99,20.68,TRUE,TRUE,https://raw.githubusercontent.com/Gpstrackergsm/GMC/main/catalog/images/dj_womens-shoes_185_0.webp,1,Black & Brown Slipper,FALSE,active
black-brown-slipper,,,,,,,,,,,,,,,,,,,,,,https://raw.githubusercontent.com/Gpstrackergsm/GMC/main/catalog/images/dj_womens-shoes_185_1.webp,2,Black & Brown Slipper,,
black-brown-slipper,,,,,,,,,,,,,,,,,,,,,,https://raw.githubusercontent.com/Gpstrackergsm/GMC/main/catalog/images/dj_womens-shoes_185_2.webp,3,Black & Brown Slipper,,
calvin-klein-heel-shoes,Calvin Klein Heel Shoes,"Calvin Klein Heel Shoes are elegant and sophisticated, designed for formal occasions. With a classic design and high-quality materials, they complement your stylish ensemble.",Calvin Klein,Womens Shoes,Womens Shoes,"womens shoes,calvin klein",TRUE,Title,Default Title,,,DJ-0186,6000,shopify,100,deny,manual,79.99,82.63,TRUE,TRUE,https://raw.githubusercontent.com/Gpstrackergsm/GMC/main/catalog/images/dj_womens-shoes_186_0.webp,1,Calvin Klein Heel Shoes,FALSE,active
calvin-klein-heel-shoes,,,,,,,,,,,,,,,,,,,,,,https://raw.githubusercontent.com/Gpstrackergsm/GMC/main/catalog/images/dj_womens-shoes_186_1.webp,2,Calvin Klein Heel Shoes,,
calvin-klein-heel-shoes,,,,,,,,,,,,,,,,,,,,,,https://raw.githubusercontent.com/Gpstrackergsm/GMC/main/catalog/images/dj_womens-shoes_186_2.webp,3,Calvin Klein Heel Shoes,,
golden-shoes-woman,Golden Shoes Woman,"The Golden Shoes for Women are a glamorous choice for special occasions. Featuring a golden hue and stylish design, they add a touch of luxury to your outfit.",Fashion Diva,Womens Shoes,Womens Shoes,"womens shoes,fashion diva",TRUE,Title,Default Title,,,DJ-0187,4000,shopify,192,deny,manual,49.99,58.08,TRUE,TRUE,https://raw.githubusercontent.com/Gpstrackergsm/GMC/main/catalog/images/dj_womens-shoes_187_0.webp,1,Golden Shoes Woman,FALSE,active
golden-shoes-woman,,,,,,,,,,,,,,,,,,,,,,https://raw.githubusercontent.com/Gpstrackergsm/GMC/main/catalog/images/dj_womens-shoes_187_1.webp,2,Golden Shoes Woman,,
golden-shoes-woman,,,,,,,,,,,,,,,,,,,,,,https://raw.githubusercontent.com/Gpstrackergsm/GMC/main/catalog/images/dj_womens-shoes_187_2.webp,3,Golden Shoes Woman,,
pampi-shoes,Pampi Shoes,"Pampi Shoes offer a blend of comfort and style for everyday use. With a versatile design, they are suitable for various casual occasions, providing a trendy and relaxed look.",Pampi,Womens Shoes,Womens Shoes,"womens shoes,pampi",TRUE,Title,Default Title,,,DJ-0188,7000,shopify,95,deny,manual,29.99,34.93,TRUE,TRUE,https://raw.githubusercontent.com/Gpstrackergsm/GMC/main/catalog/images/dj_womens-shoes_188_0.webp,1,Pampi Shoes,FALSE,active
pampi-shoes,,,,,,,,,,,,,,,,,,,,,,https://raw.githubusercontent.com/Gpstrackergsm/GMC/main/catalog/images/dj_womens-shoes_188_1.webp,2,Pampi Shoes,,
pampi-shoes,,,,,,,,,,,,,,,,,,,,,,https://raw.githubusercontent.com/Gpstrackergsm/GMC/main/catalog/images/dj_womens-shoes_188_2.webp,3,Pampi Shoes,,
red-shoes,Red Shoes,"The Red Shoes make a bold statement with their vibrant red color. Whether for a party or a casual outing, these shoes add a pop of color and style to your wardrobe.",Fashion Express,Womens Shoes,Womens Shoes,"womens shoes,fashion express",TRUE,Title,Default Title,,,DJ-0189,10000,shopify,70,deny,manual,34.99,42.51,TRUE,TRUE,https://raw.githubusercontent.com/Gpstrackergsm/GMC/main/catalog/images/dj_womens-shoes_189_0.webp,1,Red Shoes,FALSE,active
red-shoes,,,,,,,,,,,,,,,,,,,,,,https://raw.githubusercontent.com/Gpstrackergsm/GMC/main/catalog/images/dj_womens-shoes_189_1.webp,2,Red Shoes,,
red-shoes,,,,,,,,,,,,,,,,,,,,,,https://raw.githubusercontent.com/Gpstrackergsm/GMC/main/catalog/images/dj_womens-shoes_189_2.webp,3,Red Shoes,,
iwc-ingenieur-automatic-steel,IWC Ingenieur Automatic Steel,"The IWC Ingenieur Automatic Steel watch is a durable and sophisticated timepiece. With a stainless steel case and automatic movement, it combines precision and style for watch enthusiasts.",IWC,Womens Watches,Womens Watches,"womens watches,iwc",TRUE,Title,Default Title,,,DJ-0190,3000,shopify,78,deny,manual,4999.99,5521.80,TRUE,TRUE,https://raw.githubusercontent.com/Gpstrackergsm/GMC/main/catalog/images/dj_womens-watches_190_0.webp,1,IWC Ingenieur Automatic Steel,FALSE,active
iwc-ingenieur-automatic-steel,,,,,,,,,,,,,,,,,,,,,,https://raw.githubusercontent.com/Gpstrackergsm/GMC/main/catalog/images/dj_womens-watches_190_1.webp,2,IWC Ingenieur Automatic Steel,,
iwc-ingenieur-automatic-steel,,,,,,,,,,,,,,,,,,,,,,https://raw.githubusercontent.com/Gpstrackergsm/GMC/main/catalog/images/dj_womens-watches_190_2.webp,3,IWC Ingenieur Automatic Steel,,
rolex-datejust-women,Rolex Datejust Women,"The Rolex Datejust Women's watch is an iconic timepiece designed for women. With a timeless design and a date complication, it offers both elegance and functionality.",Rolex,Womens Watches,Womens Watches,"womens watches,rolex",TRUE,Title,Default Title,,,DJ-0192,3000,shopify,116,deny,manual,10999.99,13085.88,TRUE,TRUE,https://raw.githubusercontent.com/Gpstrackergsm/GMC/main/catalog/images/dj_womens-watches_192_0.webp,1,Rolex Datejust Women,FALSE,active
rolex-datejust-women,,,,,,,,,,,,,,,,,,,,,,https://raw.githubusercontent.com/Gpstrackergsm/GMC/main/catalog/images/dj_womens-watches_192_1.webp,2,Rolex Datejust Women,,
rolex-datejust-women,,,,,,,,,,,,,,,,,,,,,,https://raw.githubusercontent.com/Gpstrackergsm/GMC/main/catalog/images/dj_womens-watches_192_2.webp,3,Rolex Datejust Women,,
watch-gold-for-women,Watch Gold for Women,"The Gold Women's Watch is a stunning accessory that combines luxury and style. Featuring a gold-plated case and a chic design, it adds a touch of glamour to any outfit.",Fashion Gold,Womens Watches,Womens Watches,"womens watches,fashion gold",TRUE,Title,Default Title,,,DJ-0193,1000,shopify,39,deny,manual,799.99,979.66,TRUE,TRUE,https://raw.githubusercontent.com/Gpstrackergsm/GMC/main/catalog/images/dj_womens-watches_193_0.webp,1,Watch Gold for Women,FALSE,active
watch-gold-for-women,,,,,,,,,,,,,,,,,,,,,,https://raw.githubusercontent.com/Gpstrackergsm/GMC/main/catalog/images/dj_womens-watches_193_1.webp,2,Watch Gold for Women,,
watch-gold-for-women,,,,,,,,,,,,,,,,,,,,,,https://raw.githubusercontent.com/Gpstrackergsm/GMC/main/catalog/images/dj_womens-watches_193_2.webp,3,Watch Gold for Women,,
womens-wrist-watch,Women's Wrist Watch,"The Women's Wrist Watch is a versatile and fashionable timepiece for everyday wear. With a comfortable strap and a simple yet elegant design, it complements various styles.",Fashion Co.,Womens Watches,Womens Watches,"womens watches,fashion co.",TRUE,Title,Default Title,,,DJ-0194,1000,shopify,100,deny,manual,129.99,148.73,TRUE,TRUE,https://raw.githubusercontent.com/Gpstrackergsm/GMC/main/catalog/images/dj_womens-watches_194_0.webp,1,Women's Wrist Watch,FALSE,active
womens-wrist-watch,,,,,,,,,,,,,,,,,,,,,,https://raw.githubusercontent.com/Gpstrackergsm/GMC/main/catalog/images/dj_womens-watches_194_1.webp,2,Women's Wrist Watch,,
womens-wrist-watch,,,,,,,,,,,,,,,,,,,,,,https://raw.githubusercontent.com/Gpstrackergsm/GMC/main/catalog/images/dj_womens-watches_194_2.webp,3,Women's Wrist Watch,,
majestic-mountain-graphic-t-shirt,Majestic Mountain Graphic T-Shirt,<p>Majestic Mountain Graphic T-Shirt</p><p>Category: Updated Category Name</p>,Leafanoo,Updated Category Name,Updated Category Name,updated category name,TRUE,Title,Default Title,,,PZ-00001,300,shopify,87,deny,manual,44.00,57.20,TRUE,TRUE,https://raw.githubusercontent.com/Gpstrackergsm/GMC/main/catalog/images/platzi_1_0.jpg,1,Majestic Mountain Graphic T-Shirt,FALSE,active
classic-red-pullover-hoodie,Classic Red Pullover Hoodie,<p>Classic Red Pullover Hoodie</p><p>Category: Updated Category Name</p>,Leafanoo,Updated Category Name,Updated Category Name,updated category name,TRUE,Title,Default Title,,,PZ-00002,300,shopify,156,deny,manual,10.00,13.00,TRUE,TRUE,https://raw.githubusercontent.com/Gpstrackergsm/GMC/main/catalog/images/platzi_2_0.jpg,1,Classic Red Pullover Hoodie,FALSE,active
classic-grey-hooded-sweatshirt,,,,,,,,,,,,,,,,,,,,,,https://raw.githubusercontent.com/Gpstrackergsm/GMC/main/catalog/images/platzi_4_1.jpg,2,Classic Grey Hooded Sweatshirt,,
classic-black-hooded-sweatshirt,Classic Black Hooded Sweatshirt,<p>Classic Black Hooded Sweatshirt</p><p>Category: Updated Category Name</p>,Leafanoo,Updated Category Name,Updated Category Name,updated category name,TRUE,Title,Default Title,,,PZ-00005,300,shopify,147,deny,manual,79.00,102.70,TRUE,TRUE,https://raw.githubusercontent.com/Gpstrackergsm/GMC/main/catalog/images/platzi_5_0.jpg,1,Classic Black Hooded Sweatshirt,FALSE,active
classic-red-jogger-sweatpants,Classic Red Jogger Sweatpants,<p>Classic Red Jogger Sweatpants</p><p>Category: Updated Category Name</p>,Leafanoo,Updated Category Name,Updated Category Name,updated category name,TRUE,Title,Default Title,,,PZ-00008,300,shopify,64,deny,manual,98.00,127.40,TRUE,TRUE,https://raw.githubusercontent.com/Gpstrackergsm/GMC/main/catalog/images/platzi_8_0.jpg,1,Classic Red Jogger Sweatpants,FALSE,active
classic-red-jogger-sweatpants,,,,,,,,,,,,,,,,,,,,,,https://raw.githubusercontent.com/Gpstrackergsm/GMC/main/catalog/images/platzi_8_1.jpg,2,Classic Red Jogger Sweatpants,,
classic-navy-blue-baseball-cap,Classic Navy Blue Baseball Cap,<p>Classic Navy Blue Baseball Cap</p><p>Category: Updated Category Name</p>,Leafanoo,Updated Category Name,Updated Category Name,updated category name,TRUE,Title,Default Title,,,PZ-00009,300,shopify,148,deny,manual,61.00,79.30,TRUE,TRUE,https://raw.githubusercontent.com/Gpstrackergsm/GMC/main/catalog/images/platzi_9_0.jpg,1,Classic Navy Blue Baseball Cap,FALSE,active
classic-navy-blue-baseball-cap,,,,,,,,,,,,,,,,,,,,,,https://raw.githubusercontent.com/Gpstrackergsm/GMC/main/catalog/images/platzi_9_1.jpg,2,Classic Navy Blue Baseball Cap,,
classic-blue-baseball-cap,Classic Blue Baseball Cap,<p>Classic Blue Baseball Cap</p><p>Category: Updated Category Name</p>,Leafanoo,Updated Category Name,Updated Category Name,updated category name,TRUE,Title,Default Title,,,PZ-00010,300,shopify,56,deny,manual,86.00,111.80,TRUE,TRUE,https://raw.githubusercontent.com/Gpstrackergsm/GMC/main/catalog/images/platzi_10_0.jpg,1,Classic Blue Baseball Cap,FALSE,active
classic-blue-baseball-cap,,,,,,,,,,,,,,,,,,,,,,https://raw.githubusercontent.com/Gpstrackergsm/GMC/main/catalog/images/platzi_10_1.jpg,2,Classic Blue Baseball Cap,,
classic-red-baseball-cap,Classic Red Baseball Cap,<p>Classic Red Baseball Cap</p><p>Category: Updated Category Name</p>,Leafanoo,Updated Category Name,Updated Category Name,updated category name,TRUE,Title,Default Title,,,PZ-00011,300,shopify,194,deny,manual,35.00,45.50,TRUE,TRUE,https://raw.githubusercontent.com/Gpstrackergsm/GMC/main/catalog/images/platzi_11_0.jpg,1,Classic Red Baseball Cap,FALSE,active
classic-red-baseball-cap,,,,,,,,,,,,,,,,,,,,,,https://raw.githubusercontent.com/Gpstrackergsm/GMC/main/catalog/images/platzi_11_1.jpg,2,Classic Red Baseball Cap,,
classic-black-baseball-cap,Classic Black Baseball Cap,<p>Classic Black Baseball Cap</p><p>Category: Updated Category Name</p>,Leafanoo,Updated Category Name,Updated Category Name,updated category name,TRUE,Title,Default Title,,,PZ-00012,300,shopify,27,deny,manual,58.00,75.40,TRUE,TRUE,https://raw.githubusercontent.com/Gpstrackergsm/GMC/main/catalog/images/platzi_12_0.jpg,1,Classic Black Baseball Cap,FALSE,active
classic-black-baseball-cap,,,,,,,,,,,,,,,,,,,,,,https://raw.githubusercontent.com/Gpstrackergsm/GMC/main/catalog/images/platzi_12_1.jpg,2,Classic Black Baseball Cap,,
classic-olive-chino-shorts,Classic Olive Chino Shorts,<p>Classic Olive Chino Shorts</p><p>Category: Updated Category Name</p>,Leafanoo,Updated Category Name,Updated Category Name,updated category name,TRUE,Title,Default Title,,,PZ-00013,300,shopify,190,deny,manual,84.00,109.20,TRUE,TRUE,https://raw.githubusercontent.com/Gpstrackergsm/GMC/main/catalog/images/platzi_13_0.jpg,1,Classic Olive Chino Shorts,FALSE,active
classic-olive-chino-shorts,,,,,,,,,,,,,,,,,,,,,,https://raw.githubusercontent.com/Gpstrackergsm/GMC/main/catalog/images/platzi_13_1.jpg,2,Classic Olive Chino Shorts,,
classic-high-waisted-athletic-shorts,Classic High-Waisted Athletic Shorts,<p>Classic High-Waisted Athletic Shorts</p><p>Category: Updated Category Name</p>,Leafanoo,Updated Category Name,Updated Category Name,updated category name,TRUE,Title,Default Title,,,PZ-00014,300,shopify,183,deny,manual,43.00,55.90,TRUE,TRUE,https://raw.githubusercontent.com/Gpstrackergsm/GMC/main/catalog/images/platzi_14_0.jpg,1,Classic High-Waisted Athletic Shorts,FALSE,active
classic-high-waisted-athletic-shorts,,,,,,,,,,,,,,,,,,,,,,https://raw.githubusercontent.com/Gpstrackergsm/GMC/main/catalog/images/platzi_14_1.jpg,2,Classic High-Waisted Athletic Shorts,,
classic-white-tee-timeless-style-and-comfort,Classic White Tee - Timeless Style and Comfort,<p>Classic White Tee - Timeless Style and Comfort</p><p>Category: Updated Category Name</p>,Leafanoo,Updated Category Name,Updated Category Name,updated category name,TRUE,Title,Default Title,,,PZ-00016,300,shopify,111,deny,manual,73.00,94.90,TRUE,TRUE,https://raw.githubusercontent.com/Gpstrackergsm/GMC/main/catalog/images/platzi_16_0.jpg,1,Classic White Tee - Timeless Style and Comfort,FALSE,active
classic-white-tee-timeless-style-and-comfort,,,,,,,,,,,,,,,,,,,,,,https://raw.githubusercontent.com/Gpstrackergsm/GMC/main/catalog/images/platzi_16_1.jpg,2,Classic White Tee - Timeless Style and Comfort,,
classic-black-t-shirt,Classic Black T-Shirt,<p>Classic Black T-Shirt</p><p>Category: Updated Category Name</p>,Leafanoo,Updated Category Name,Updated Category Name,updated category name,TRUE,Title,Default Title,,,PZ-00017,300,shopify,135,deny,manual,35.00,45.50,TRUE,TRUE,https://raw.githubusercontent.com/Gpstrackergsm/GMC/main/catalog/images/platzi_17_0.jpg,1,Classic Black T-Shirt,FALSE,active
classic-black-t-shirt,,,,,,,,,,,,,,,,,,,,,,https://raw.githubusercontent.com/Gpstrackergsm/GMC/main/catalog/images/platzi_17_1.jpg,2,Classic Black T-Shirt,,
sleek-white-orange-wireless-gaming-controller,Sleek White & Orange Wireless Gaming Controller,<p>Sleek White & Orange Wireless Gaming Controller</p><p>Category: Electronics</p>,Leafanoo,Electronics,Electronics,electronics,TRUE,Title,Default Title,,,PZ-00018,300,shopify,155,deny,manual,69.00,89.70,TRUE,TRUE,https://raw.githubusercontent.com/Gpstrackergsm/GMC/main/catalog/images/platzi_18_0.jpg,1,Sleek White & Orange Wireless Gaming Controller,FALSE,active
sleek-white-orange-wireless-gaming-controller,,,,,,,,,,,,,,,,,,,,,,https://raw.githubusercontent.com/Gpstrackergsm/GMC/main/catalog/images/platzi_18_1.jpg,2,Sleek White & Orange Wireless Gaming Controller,,
sleek-wireless-headphone-inked-earbud-set,Sleek Wireless Headphone & Inked Earbud Set,<p>Sleek Wireless Headphone & Inked Earbud Set</p><p>Category: Electronics</p>,Leafanoo,Electronics,Electronics,electronics,TRUE,Title,Default Title,,,PZ-00019,300,shopify,93,deny,manual,44.00,57.20,TRUE,TRUE,https://raw.githubusercontent.com/Gpstrackergsm/GMC/main/catalog/images/platzi_19_0.jpg,1,Sleek Wireless Headphone & Inked Earbud Set,FALSE,active
sleek-wireless-headphone-inked-earbud-set,,,,,,,,,,,,,,,,,,,,,,https://raw.githubusercontent.com/Gpstrackergsm/GMC/main/catalog/images/platzi_19_1.jpg,2,Sleek Wireless Headphone & Inked Earbud Set,,
sleek-comfort-fit-over-ear-headphones,Sleek Comfort-Fit Over-Ear Headphones,<p>Sleek Comfort-Fit Over-Ear Headphones</p><p>Category: Electronics</p>,Leafanoo,Electronics,Electronics,electronics,TRUE,Title,Default Title,,,PZ-00020,300,shopify,56,deny,manual,28.00,36.40,TRUE,TRUE,https://raw.githubusercontent.com/Gpstrackergsm/GMC/main/catalog/images/platzi_20_0.jpg,1,Sleek Comfort-Fit Over-Ear Headphones,FALSE,active
sleek-comfort-fit-over-ear-headphones,,,,,,,,,,,,,,,,,,,,,,https://raw.githubusercontent.com/Gpstrackergsm/GMC/main/catalog/images/platzi_20_1.jpg,2,Sleek Comfort-Fit Over-Ear Headphones,,
efficient-2-slice-toaster,Efficient 2-Slice Toaster,<p>Efficient 2-Slice Toaster</p><p>Category: Electronics</p>,Leafanoo,Electronics,Electronics,electronics,TRUE,Title,Default Title,,,PZ-00021,300,shopify,51,deny,manual,48.00,62.40,TRUE,TRUE,https://raw.githubusercontent.com/Gpstrackergsm/GMC/main/catalog/images/platzi_21_0.jpg,1,Efficient 2-Slice Toaster,FALSE,active
efficient-2-slice-toaster,,,,,,,,,,,,,,,,,,,,,,https://raw.githubusercontent.com/Gpstrackergsm/GMC/main/catalog/images/platzi_21_1.jpg,2,Efficient 2-Slice Toaster,,
sleek-wireless-computer-mouse,Sleek Wireless Computer Mouse,<p>Sleek Wireless Computer Mouse</p><p>Category: Electronics</p>,Leafanoo,Electronics,Electronics,electronics,TRUE,Title,Default Title,,,PZ-00022,300,shopify,185,deny,manual,10.00,13.00,TRUE,TRUE,https://raw.githubusercontent.com/Gpstrackergsm/GMC/main/catalog/images/platzi_22_0.jpg,1,Sleek Wireless Computer Mouse,FALSE,active
sleek-wireless-computer-mouse,,,,,,,,,,,,,,,,,,,,,,https://raw.githubusercontent.com/Gpstrackergsm/GMC/main/catalog/images/platzi_22_1.jpg,2,Sleek Wireless Computer Mouse,,
sleek-modern-laptop-with-ambient-lighting,Sleek Modern Laptop with Ambient Lighting,<p>Sleek Modern Laptop with Ambient Lighting</p><p>Category: Electronics</p>,Leafanoo,Electronics,Electronics,electronics,TRUE,Title,Default Title,,,PZ-00023,300,shopify,146,deny,manual,43.00,55.90,TRUE,TRUE,https://raw.githubusercontent.com/Gpstrackergsm/GMC/main/catalog/images/platzi_23_0.jpg,1,Sleek Modern Laptop with Ambient Lighting,FALSE,active
sleek-modern-laptop-with-ambient-lighting,,,,,,,,,,,,,,,,,,,,,,https://raw.githubusercontent.com/Gpstrackergsm/GMC/main/catalog/images/platzi_23_1.jpg,2,Sleek Modern Laptop with Ambient Lighting,,
sleek-modern-laptop-for-professionals,Sleek Modern Laptop for Professionals,<p>Sleek Modern Laptop for Professionals</p><p>Category: Electronics</p>,Leafanoo,Electronics,Electronics,electronics,TRUE,Title,Default Title,,,PZ-00024,300,shopify,61,deny,manual,97.00,126.10,TRUE,TRUE,https://raw.githubusercontent.com/Gpstrackergsm/GMC/main/catalog/images/platzi_24_0.jpg,1,Sleek Modern Laptop for Professionals,FALSE,active
sleek-modern-laptop-for-professionals,,,,,,,,,,,,,,,,,,,,,,https://raw.githubusercontent.com/Gpstrackergsm/GMC/main/catalog/images/platzi_24_1.jpg,2,Sleek Modern Laptop for Professionals,,
stylish-red-silver-over-ear-headphones,Stylish Red & Silver Over-Ear Headphones,<p>Stylish Red & Silver Over-Ear Headphones</p><p>Category: Electronics</p>,Leafanoo,Electronics,Electronics,electronics,TRUE,Title,Default Title,,,PZ-00025,300,shopify,169,deny,manual,39.00,50.70,TRUE,TRUE,https://raw.githubusercontent.com/Gpstrackergsm/GMC/main/catalog/images/platzi_25_0.jpg,1,Stylish Red & Silver Over-Ear Headphones,FALSE,active
stylish-red-silver-over-ear-headphones,,,,,,,,,,,,,,,,,,,,,,https://raw.githubusercontent.com/Gpstrackergsm/GMC/main/catalog/images/platzi_25_1.jpg,2,Stylish Red & Silver Over-Ear Headphones,,
sleek-mirror-finish-phone-case,Sleek Mirror Finish Phone Case,<p>Sleek Mirror Finish Phone Case</p><p>Category: Electronics</p>,Leafanoo,Electronics,Electronics,electronics,TRUE,Title,Default Title,,,PZ-00026,300,shopify,113,deny,manual,27.00,35.10,TRUE,TRUE,https://raw.githubusercontent.com/Gpstrackergsm/GMC/main/catalog/images/platzi_26_0.jpg,1,Sleek Mirror Finish Phone Case,FALSE,active
sleek-mirror-finish-phone-case,,,,,,,,,,,,,,,,,,,,,,https://raw.githubusercontent.com/Gpstrackergsm/GMC/main/catalog/images/platzi_26_1.jpg,2,Sleek Mirror Finish Phone Case,,
sleek-smartwatch-with-vibrant-display,Sleek Smartwatch with Vibrant Display,<p>Sleek Smartwatch with Vibrant Display</p><p>Category: Electronics</p>,Leafanoo,Electronics,Electronics,electronics,TRUE,Title,Default Title,,,PZ-00027,300,shopify,192,deny,manual,16.00,20.80,TRUE,TRUE,https://raw.githubusercontent.com/Gpstrackergsm/GMC/main/catalog/images/platzi_27_0.jpg,1,Sleek Smartwatch with Vibrant Display,FALSE,active
sleek-smartwatch-with-vibrant-display,,,,,,,,,,,,,,,,,,,,,,https://raw.githubusercontent.com/Gpstrackergsm/GMC/main/catalog/images/platzi_27_1.jpg,2,Sleek Smartwatch with Vibrant Display,,
sleek-modern-leather-sofa,Sleek Modern Leather Sofa,<p>Sleek Modern Leather Sofa</p><p>Category: Furniture</p>,Leafanoo,Furniture,Furniture,furniture,TRUE,Title,Default Title,,,PZ-00028,300,shopify,79,deny,manual,53.00,68.90,TRUE,TRUE,https://raw.githubusercontent.com/Gpstrackergsm/GMC/main/catalog/images/platzi_28_0.jpg,1,Sleek Modern Leather Sofa,FALSE,active
sleek-modern-leather-sofa,,,,,,,,,,,,,,,,,,,,,,https://raw.githubusercontent.com/Gpstrackergsm/GMC/main/catalog/images/platzi_28_1.jpg,2,Sleek Modern Leather Sofa,,
mid-century-modern-wooden-dining-table,Mid-Century Modern Wooden Dining Table,<p>Mid-Century Modern Wooden Dining Table</p><p>Category: Furniture</p>,Leafanoo,Furniture,Furniture,furniture,TRUE,Title,Default Title,,,PZ-00029,300,shopify,58,deny,manual,24.00,31.20,TRUE,TRUE,https://raw.githubusercontent.com/Gpstrackergsm/GMC/main/catalog/images/platzi_29_0.jpg,1,Mid-Century Modern Wooden Dining Table,FALSE,active
mid-century-modern-wooden-dining-table,,,,,,,,,,,,,,,,,,,,,,https://raw.githubusercontent.com/Gpstrackergsm/GMC/main/catalog/images/platzi_29_1.jpg,2,Mid-Century Modern Wooden Dining Table,,
elegant-golden-base-stone-top-dining-table,Elegant Golden-Base Stone Top Dining Table,<p>Elegant Golden-Base Stone Top Dining Table</p><p>Category: Furniture</p>,Leafanoo,Furniture,Furniture,furniture,TRUE,Title,Default Title,,,PZ-00030,300,shopify,165,deny,manual,66.00,85.80,TRUE,TRUE,https://raw.githubusercontent.com/Gpstrackergsm/GMC/main/catalog/images/platzi_30_0.jpg,1,Elegant Golden-Base Stone Top Dining Table,FALSE,active
elegant-golden-base-stone-top-dining-table,,,,,,,,,,,,,,,,,,,,,,https://raw.githubusercontent.com/Gpstrackergsm/GMC/main/catalog/images/platzi_30_1.jpg,2,Elegant Golden-Base Stone Top Dining Table,,
modern-elegance-teal-armchair,Modern Elegance Teal Armchair,<p>Modern Elegance Teal Armchair</p><p>Category: Furniture</p>,Leafanoo,Furniture,Furniture,furniture,TRUE,Title,Default Title,,,PZ-00031,300,shopify,76,deny,manual,25.00,32.50,TRUE,TRUE,https://raw.githubusercontent.com/Gpstrackergsm/GMC/main/catalog/images/platzi_31_0.jpg,1,Modern Elegance Teal Armchair,FALSE,active
modern-elegance-teal-armchair,,,,,,,,,,,,,,,,,,,,,,https://raw.githubusercontent.com/Gpstrackergsm/GMC/main/catalog/images/platzi_31_1.jpg,2,Modern Elegance Teal Armchair,,
elegant-solid-wood-dining-table,Elegant Solid Wood Dining Table,<p>Elegant Solid Wood Dining Table</p><p>Category: Furniture</p>,Leafanoo,Furniture,Furniture,furniture,TRUE,Title,Default Title,,,PZ-00032,300,shopify,93,deny,manual,67.00,87.10,TRUE,TRUE,https://raw.githubusercontent.com/Gpstrackergsm/GMC/main/catalog/images/platzi_32_0.jpg,1,Elegant Solid Wood Dining Table,FALSE,active
elegant-solid-wood-dining-table,,,,,,,,,,,,,,,,,,,,,,https://raw.githubusercontent.com/Gpstrackergsm/GMC/main/catalog/images/platzi_32_1.jpg,2,Elegant Solid Wood Dining Table,,
modern-minimalist-workstation-setup,Modern Minimalist Workstation Setup,<p>Modern Minimalist Workstation Setup</p><p>Category: Furniture</p>,Leafanoo,Furniture,Furniture,furniture,TRUE,Title,Default Title,,,PZ-00033,300,shopify,107,deny,manual,49.00,63.70,TRUE,TRUE,https://raw.githubusercontent.com/Gpstrackergsm/GMC/main/catalog/images/platzi_33_0.jpg,1,Modern Minimalist Workstation Setup,FALSE,active
modern-minimalist-workstation-setup,,,,,,,,,,,,,,,,,,,,,,https://raw.githubusercontent.com/Gpstrackergsm/GMC/main/catalog/images/platzi_33_1.jpg,2,Modern Minimalist Workstation Setup,,
modern-ergonomic-office-chair,,,,,,,,,,,,,,,,,,,,,,https://raw.githubusercontent.com/Gpstrackergsm/GMC/main/catalog/images/platzi_34_1.jpg,2,Modern Ergonomic Office Chair,,
futuristic-holographic-soccer-cleats,Futuristic Holographic Soccer Cleats,<p>Futuristic Holographic Soccer Cleats</p><p>Category: Shoes</p>,Leafanoo,Shoes,Shoes,shoes,TRUE,Title,Default Title,,,PZ-00035,300,shopify,169,deny,manual,39.00,50.70,TRUE,TRUE,https://raw.githubusercontent.com/Gpstrackergsm/GMC/main/catalog/images/platzi_35_0.jpg,1,Futuristic Holographic Soccer Cleats,FALSE,active
futuristic-holographic-soccer-cleats,,,,,,,,,,,,,,,,,,,,,,https://raw.githubusercontent.com/Gpstrackergsm/GMC/main/catalog/images/platzi_35_1.jpg,2,Futuristic Holographic Soccer Cleats,,
rainbow-glitter-high-heels,Rainbow Glitter High Heels,<p>Rainbow Glitter High Heels</p><p>Category: Shoes</p>,Leafanoo,Shoes,Shoes,shoes,TRUE,Title,Default Title,,,PZ-00036,300,shopify,177,deny,manual,39.00,50.70,TRUE,TRUE,https://raw.githubusercontent.com/Gpstrackergsm/GMC/main/catalog/images/platzi_36_0.jpg,1,Rainbow Glitter High Heels,FALSE,active
rainbow-glitter-high-heels,,,,,,,,,,,,,,,,,,,,,,https://raw.githubusercontent.com/Gpstrackergsm/GMC/main/catalog/images/platzi_36_1.jpg,2,Rainbow Glitter High Heels,,
chic-summer-denim-espadrille-sandals,Chic Summer Denim Espadrille Sandals,<p>Chic Summer Denim Espadrille Sandals</p><p>Category: Shoes</p>,Leafanoo,Shoes,Shoes,shoes,TRUE,Title,Default Title,,,PZ-00037,300,shopify,99,deny,manual,33.00,42.90,TRUE,TRUE,https://raw.githubusercontent.com/Gpstrackergsm/GMC/main/catalog/images/platzi_37_0.jpg,1,Chic Summer Denim Espadrille Sandals,FALSE,active
chic-summer-denim-espadrille-sandals,,,,,,,,,,,,,,,,,,,,,,https://raw.githubusercontent.com/Gpstrackergsm/GMC/main/catalog/images/platzi_37_1.jpg,2,Chic Summer Denim Espadrille Sandals,,
vibrant-runners-bold-orange-blue-sneakers,Vibrant Runners: Bold Orange & Blue Sneakers,<p>Vibrant Runners: Bold Orange & Blue Sneakers</p><p>Category: Shoes</p>,Leafanoo,Shoes,Shoes,shoes,TRUE,Title,Default Title,,,PZ-00038,300,shopify,96,deny,manual,27.00,35.10,TRUE,TRUE,https://raw.githubusercontent.com/Gpstrackergsm/GMC/main/catalog/images/platzi_38_0.jpg,1,Vibrant Runners: Bold Orange & Blue Sneakers,FALSE,active
vibrant-runners-bold-orange-blue-sneakers,,,,,,,,,,,,,,,,,,,,,,https://raw.githubusercontent.com/Gpstrackergsm/GMC/main/catalog/images/platzi_38_1.jpg,2,Vibrant Runners: Bold Orange & Blue Sneakers,,
vibrant-pink-classic-sneakers,Vibrant Pink Classic Sneakers,<p>Vibrant Pink Classic Sneakers</p><p>Category: Shoes</p>,Leafanoo,Shoes,Shoes,shoes,TRUE,Title,Default Title,,,PZ-00039,300,shopify,88,deny,manual,84.00,109.20,TRUE,TRUE,https://raw.githubusercontent.com/Gpstrackergsm/GMC/main/catalog/images/platzi_39_0.jpg,1,Vibrant Pink Classic Sneakers,FALSE,active
vibrant-pink-classic-sneakers,,,,,,,,,,,,,,,,,,,,,,https://raw.githubusercontent.com/Gpstrackergsm/GMC/main/catalog/images/platzi_39_1.jpg,2,Vibrant Pink Classic Sneakers,,
futuristic-silver-and-gold-high-top-sneaker,Futuristic Silver and Gold High-Top Sneaker,<p>Futuristic Silver and Gold High-Top Sneaker</p><p>Category: Shoes</p>,Leafanoo,Shoes,Shoes,shoes,TRUE,Title,Default Title,,,PZ-00040,300,shopify,48,deny,manual,68.00,88.40,TRUE,TRUE,https://raw.githubusercontent.com/Gpstrackergsm/GMC/main/catalog/images/platzi_40_0.jpg,1,Futuristic Silver and Gold High-Top Sneaker,FALSE,active
futuristic-silver-and-gold-high-top-sneaker,,,,,,,,,,,,,,,,,,,,,,https://raw.githubusercontent.com/Gpstrackergsm/GMC/main/catalog/images/platzi_40_1.jpg,2,Futuristic Silver and Gold High-Top Sneaker,,
futuristic-chic-high-heel-boots,Futuristic Chic High-Heel Boots,<p>Futuristic Chic High-Heel Boots</p><p>Category: Shoes</p>,Leafanoo,Shoes,Shoes,shoes,TRUE,Title,Default Title,,,PZ-00041,300,shopify,89,deny,manual,36.00,46.80,TRUE,TRUE,https://raw.githubusercontent.com/Gpstrackergsm/GMC/main/catalog/images/platzi_41_0.jpg,1,Futuristic Chic High-Heel Boots,FALSE,active
futuristic-chic-high-heel-boots,,,,,,,,,,,,,,,,,,,,,,https://raw.githubusercontent.com/Gpstrackergsm/GMC/main/catalog/images/platzi_41_1.jpg,2,Futuristic Chic High-Heel Boots,,
elegant-patent-leather-peep-toe-pumps-with-gold-tone-heel,Elegant Patent Leather Peep-Toe Pumps with Gold-Tone Heel,<p>Elegant Patent Leather Peep-Toe Pumps with Gold-Tone Heel</p><p>Category: Shoes</p>,Leafanoo,Shoes,Shoes,shoes,TRUE,Title,Default Title,,,PZ-00042,300,shopify,54,deny,manual,53.00,68.90,TRUE,TRUE,https://raw.githubusercontent.com/Gpstrackergsm/GMC/main/catalog/images/platzi_42_0.jpg,1,Elegant Patent Leather Peep-Toe Pumps with Gold-Tone Heel,FALSE,active
elegant-patent-leather-peep-toe-pumps-with-gold-tone-heel,,,,,,,,,,,,,,,,,,,,,,https://raw.githubusercontent.com/Gpstrackergsm/GMC/main/catalog/images/platzi_42_1.jpg,2,Elegant Patent Leather Peep-Toe Pumps with Gold-Tone Heel,,
elegant-purple-leather-loafers,Elegant Purple Leather Loafers,<p>Elegant Purple Leather Loafers</p><p>Category: Shoes</p>,Leafanoo,Shoes,Shoes,shoes,TRUE,Title,Default Title,,,PZ-00043,300,shopify,27,deny,manual,17.00,22.10,TRUE,TRUE,https://raw.githubusercontent.com/Gpstrackergsm/GMC/main/catalog/images/platzi_43_0.jpg,1,Elegant Purple Leather Loafers,FALSE,active
elegant-purple-leather-loafers,,,,,,,,,,,,,,,,,,,,,,https://raw.githubusercontent.com/Gpstrackergsm/GMC/main/catalog/images/platzi_43_1.jpg,2,Elegant Purple Leather Loafers,,
classic-blue-suede-casual-shoes,Classic Blue Suede Casual Shoes,<p>Classic Blue Suede Casual Shoes</p><p>Category: Shoes</p>,Leafanoo,Shoes,Shoes,shoes,TRUE,Title,Default Title,,,PZ-00044,300,shopify,196,deny,manual,39.00,50.70,TRUE,TRUE,https://raw.githubusercontent.com/Gpstrackergsm/GMC/main/catalog/images/platzi_44_0.jpg,1,Classic Blue Suede Casual Shoes,FALSE,active
classic-blue-suede-casual-shoes,,,,,,,,,,,,,,,,,,,,,,https://raw.githubusercontent.com/Gpstrackergsm/GMC/main/catalog/images/platzi_44_1.jpg,2,Classic Blue Suede Casual Shoes,,
sleek-futuristic-electric-bicycle,Sleek Futuristic Electric Bicycle,<p>Sleek Futuristic Electric Bicycle</p><p>Category: Miscellaneous</p>,Leafanoo,Miscellaneous,Miscellaneous,miscellaneous,TRUE,Title,Default Title,,,PZ-00045,300,shopify,93,deny,manual,22.00,28.60,TRUE,TRUE,https://raw.githubusercontent.com/Gpstrackergsm/GMC/main/catalog/images/platzi_45_0.jpg,1,Sleek Futuristic Electric Bicycle,FALSE,active
sleek-futuristic-electric-bicycle,,,,,,,,,,,,,,,,,,,,,,https://raw.githubusercontent.com/Gpstrackergsm/GMC/main/catalog/images/platzi_45_1.jpg,2,Sleek Futuristic Electric Bicycle,,
sleek-all-terrain-go-kart,Sleek All-Terrain Go-Kart,<p>Sleek All-Terrain Go-Kart</p><p>Category: Miscellaneous</p>,Leafanoo,Miscellaneous,Miscellaneous,miscellaneous,TRUE,Title,Default Title,,,PZ-00046,300,shopify,160,deny,manual,37.00,48.10,TRUE,TRUE,https://raw.githubusercontent.com/Gpstrackergsm/GMC/main/catalog/images/platzi_46_0.jpg,1,Sleek All-Terrain Go-Kart,FALSE,active
sleek-all-terrain-go-kart,,,,,,,,,,,,,,,,,,,,,,https://raw.githubusercontent.com/Gpstrackergsm/GMC/main/catalog/images/platzi_46_1.jpg,2,Sleek All-Terrain Go-Kart,,
radiant-citrus-eau-de-parfum,Radiant Citrus Eau de Parfum,<p>Radiant Citrus Eau de Parfum</p><p>Category: Miscellaneous</p>,Leafanoo,Miscellaneous,Miscellaneous,miscellaneous,TRUE,Title,Default Title,,,PZ-00047,300,shopify,119,deny,manual,67.00,87.10,TRUE,TRUE,https://raw.githubusercontent.com/Gpstrackergsm/GMC/main/catalog/images/platzi_47_0.jpg,1,Radiant Citrus Eau de Parfum,FALSE,active
sleek-olive-green-hardshell-carry-on-luggage,Sleek Olive Green Hardshell Carry-On Luggage,<p>Sleek Olive Green Hardshell Carry-On Luggage</p><p>Category: Miscellaneous</p>,Leafanoo,Miscellaneous,Miscellaneous,miscellaneous,TRUE,Title,Default Title,,,PZ-00048,300,shopify,21,deny,manual,250.00,325.00,TRUE,TRUE,https://raw.githubusercontent.com/Gpstrackergsm/GMC/main/catalog/images/platzi_48_0.jpg,1,Sleek Olive Green Hardshell Carry-On Luggage,FALSE,active
sleek-olive-green-hardshell-carry-on-luggage,,,,,,,,,,,,,,,,,,,,,,https://raw.githubusercontent.com/Gpstrackergsm/GMC/main/catalog/images/platzi_48_1.jpg,2,Sleek Olive Green Hardshell Carry-On Luggage,,
chic-transparent-fashion-handbag,Chic Transparent Fashion Handbag,<p>Chic Transparent Fashion Handbag</p><p>Category: Miscellaneous</p>,Leafanoo,Miscellaneous,Miscellaneous,miscellaneous,TRUE,Title,Default Title,,,PZ-00049,300,shopify,82,deny,manual,61.00,79.30,TRUE,TRUE,https://raw.githubusercontent.com/Gpstrackergsm/GMC/main/catalog/images/platzi_49_0.jpg,1,Chic Transparent Fashion Handbag,FALSE,active
