Handle,Title,Body (HTML),Vendor,Type,Tags,Published,Option1 Name,Option1 Value,Option2 Name,Option2 Value,Option3 Name,Option3 Value,Variant SKU,Variant Grams,Variant Inventory Tracker,Variant Inventory Qty,Variant Inventory Policy,Variant Fulfillment Service,Variant Price,Variant Compare At Price,Variant Requires Shipping,Variant Taxable,Image Src,Image Position,Image Alt Text,SEO Title,SEO Description,Google Shopping / Google Product Category,Google Shopping / Gender,Google Shopping / Age Group,Google Shopping / MPN,Google Shopping / Condition,Status
oxo-good-grips-3-piece-mixing-bowl-set-with-non-slip-base,OXO Good Grips 3-Piece Mixing Bowl Set with Non-Slip Base,"<p>The <strong>OXO Good Grips 3-Piece Mixing Bowl Set with Non-Slip Base</strong> from <strong>OXO</strong> delivers outstanding performance, exceptional reliability, and long-lasting durability.</p><ul><li><strong>Brand:</strong> OXO</li><li><strong>Model / MPN:</strong> 1130292</li><li><strong>Condition:</strong> Brand New Authentic</li><li><strong>Category:</strong> Home & Kitchen &ndash; Mixing Bowls</li><li><strong>Authentic GTIN / UPC:</strong> 0719812030296</li></ul>",OXO,Home & Kitchen,"Home & Kitchen, Mixing Bowls, OXO, verified-catalog",TRUE,Title,Default Title,,,,,OXO-113029-1001,450,shopify,50,deny,manual,29.99,34.49,TRUE,TRUE,,,,OXO Good Grips 3-Piece Mixing Bowl Set with Non-Slip Base | OXO &ndash; Leafanoo,"Buy authentic OXO Good Grips 3-Piece Mixing Bowl Set with Non-Slip Base by OXO at Leafanoo. Fast tracked US shipping, 30-day returns, and guaranteed manufacturer specifications.",Home & Garden > Kitchen & Dining > Kitchen Tools & Utensils,,,1130292,new,active
rubbermaid-brilliance-leak-proof-food-storage-containers-10-piece-set,Rubbermaid Brilliance Leak-Proof Food Storage Containers 10-Piece Set,"<p>The <strong>Rubbermaid Brilliance Leak-Proof Food Storage Containers 10-Piece Set</strong> from <strong>Rubbermaid</strong> delivers outstanding performance, exceptional reliability, and long-lasting durability.</p><ul><li><strong>Brand:</strong> Rubbermaid</li><li><strong>Model / MPN:</strong> 2118963</li><li><strong>Condition:</strong> Brand New Authentic</li><li><strong>Category:</strong> Home & Kitchen &ndash; Food Storage</li><li><strong>Authentic GTIN / UPC:</strong> 071691512402</li></ul>",Rubbermaid,Home & Kitchen,"Home & Kitchen, Food Storage, Rubbermaid, verified-catalog",TRUE,Title,Default Title,,,,,RUB-211896-1002,450,shopify,50,deny,manual,42.99,49.44,TRUE,TRUE,,,,Rubbermaid Brilliance Leak-Proof Food Storage Containers 10-Piece Set | Rubbermaid &ndash; Leafanoo,"Buy authentic Rubbermaid Brilliance Leak-Proof Food Storage Containers 10-Piece Set by Rubbermaid at Leafanoo. Fast tracked US shipping, 30-day returns, and guaranteed manufacturer specifications.",Home & Garden > Kitchen & Dining > Kitchen Tools & Utensils,,,2118963,new,active
pyrex-deep-4-piece-glass-baking-dish-set-with-secure-lids,Pyrex Deep 4-Piece Glass Baking Dish Set with Secure Lids,"<p>The <strong>Pyrex Deep 4-Piece Glass Baking Dish Set with Secure Lids</strong> from <strong>Pyrex</strong> delivers outstanding performance, exceptional reliability, and long-lasting durability.</p><ul><li><strong>Brand:</strong> Pyrex</li><li><strong>Model / MPN:</strong> 1141384</li><li><strong>Condition:</strong> Brand New Authentic</li><li><strong>Category:</strong> Home & Kitchen &ndash; Bakeware</li><li><strong>Authentic GTIN / UPC:</strong> 071160136287</li></ul>",Pyrex,Home & Kitchen,"Home & Kitchen, Bakeware, Pyrex, verified-catalog",TRUE,Title,Default Title,,,,,PYR-114138-1003,450,shopify,50,deny,manual,34.99,40.24,TRUE,TRUE,,,,Pyrex Deep 4-Piece Glass Baking Dish Set with Secure Lids | Pyrex &ndash; Leafanoo,"Buy authentic Pyrex Deep 4-Piece Glass Baking Dish Set with Secure Lids by Pyrex at Leafanoo. Fast tracked US shipping, 30-day returns, and guaranteed manufacturer specifications.",Home & Garden > Kitchen & Dining > Kitchen Tools & Utensils,,,1141384,new,active
lodge-pre-seasoned-cast-iron-skillet-1025-inch-with-assist-handle,Lodge Pre-Seasoned Cast Iron Skillet 10.25-Inch with Assist Handle,"<p>The <strong>Lodge Pre-Seasoned Cast Iron Skillet 10.25-Inch with Assist Handle</strong> from <strong>Lodge</strong> delivers outstanding performance, exceptional reliability, and long-lasting durability.</p><ul><li><strong>Brand:</strong> Lodge</li><li><strong>Model / MPN:</strong> L8SK3</li><li><strong>Condition:</strong> Brand New Authentic</li><li><strong>Category:</strong> Home & Kitchen &ndash; Cookware</li><li><strong>Authentic GTIN / UPC:</strong> 075536300800</li></ul>",Lodge,Home & Kitchen,"Home & Kitchen, Cookware, Lodge, verified-catalog",TRUE,Title,Default Title,,,,,LOD-L8SK3-1004,450,shopify,50,deny,manual,24.95,28.69,TRUE,TRUE,,,,Lodge Pre-Seasoned Cast Iron Skillet 10.25-Inch with Assist Handle | Lodge &ndash; Leafanoo,"Buy authentic Lodge Pre-Seasoned Cast Iron Skillet 10.25-Inch with Assist Handle by Lodge at Leafanoo. Fast tracked US shipping, 30-day returns, and guaranteed manufacturer specifications.",Home & Garden > Kitchen & Dining > Kitchen Tools & Utensils,,,L8SK3,new,active
oxo-good-grips-large-salad-spinner-with-brake-mechanism,OXO Good Grips Large Salad Spinner with Brake Mechanism,"<p>The <strong>OXO Good Grips Large Salad Spinner with Brake Mechanism</strong> from <strong>OXO</strong> delivers outstanding performance, exceptional reliability, and long-lasting durability.</p><ul><li><strong>Brand:</strong> OXO</li><li><strong>Model / MPN:</strong> 1130700</li><li><strong>Condition:</strong> Brand New Authentic</li><li><strong>Category:</strong> Home & Kitchen &ndash; Salad Spinners</li><li><strong>Authentic GTIN / UPC:</strong> 0719812030708</li></ul>",OXO,Home & Kitchen,"Home & Kitchen, Salad Spinners, OXO, verified-catalog",TRUE,Title,Default Title,,,,,OXO-113070-1005,450,shopify,50,deny,manual,29.95,34.44,TRUE,TRUE,,,,OXO Good Grips Large Salad Spinner with Brake Mechanism | OXO &ndash; Leafanoo,"Buy authentic OXO Good Grips Large Salad Spinner with Brake Mechanism by OXO at Leafanoo. Fast tracked US shipping, 30-day returns, and guaranteed manufacturer specifications.",Home & Garden > Kitchen & Dining > Kitchen Tools & Utensils,,,1130700,new,active
contigo-autoseal-west-loop-stainless-steel-travel-mug-16-oz,Contigo AUTOSEAL West Loop Stainless Steel Travel Mug 16 oz,"<p>The <strong>Contigo AUTOSEAL West Loop Stainless Steel Travel Mug 16 oz</strong> from <strong>Contigo</strong> delivers outstanding performance, exceptional reliability, and long-lasting durability.</p><ul><li><strong>Brand:</strong> Contigo</li><li><strong>Model / MPN:</strong> 2094830</li><li><strong>Condition:</strong> Brand New Authentic</li><li><strong>Category:</strong> Home & Kitchen &ndash; Travel Mugs</li><li><strong>Authentic GTIN / UPC:</strong> 0840298131238</li></ul>",Contigo,Home & Kitchen,"Home & Kitchen, Travel Mugs, Contigo, verified-catalog",TRUE,Title,Default Title,,,,,CON-209483-1006,450,shopify,50,deny,manual,22.99,26.44,TRUE,TRUE,,,,Contigo AUTOSEAL West Loop Stainless Steel Travel Mug 16 oz | Contigo &ndash; Leafanoo,"Buy authentic Contigo AUTOSEAL West Loop Stainless Steel Travel Mug 16 oz by Contigo at Leafanoo. Fast tracked US shipping, 30-day returns, and guaranteed manufacturer specifications.",Home & Garden > Kitchen & Dining > Kitchen Tools & Utensils,,,2094830,new,active
oxo-good-grips-pro-swivel-vegetable-peeler-stainless-steel,OXO Good Grips Pro Swivel Vegetable Peeler Stainless Steel,"<p>The <strong>OXO Good Grips Pro Swivel Vegetable Peeler Stainless Steel</strong> from <strong>OXO</strong> delivers outstanding performance, exceptional reliability, and long-lasting durability.</p><ul><li><strong>Brand:</strong> OXO</li><li><strong>Model / MPN:</strong> 1057967</li><li><strong>Condition:</strong> Brand New Authentic</li><li><strong>Category:</strong> Home & Kitchen &ndash; Peelers</li><li><strong>Authentic GTIN / UPC:</strong> 0719812005799</li></ul>",OXO,Home & Kitchen,"Home & Kitchen, Peelers, OXO, verified-catalog",TRUE,Title,Default Title,,,,,OXO-105796-1007,450,shopify,50,deny,manual,11.95,13.74,TRUE,TRUE,,,,OXO Good Grips Pro Swivel Vegetable Peeler Stainless Steel | OXO &ndash; Leafanoo,"Buy authentic OXO Good Grips Pro Swivel Vegetable Peeler Stainless Steel by OXO at Leafanoo. Fast tracked US shipping, 30-day returns, and guaranteed manufacturer specifications.",Home & Garden > Kitchen & Dining > Kitchen Tools & Utensils,,,1057967,new,active
thermopro-lightning-fast-digital-meat-thermometer-tp19h-waterproof,ThermoPro Lightning-Fast Digital Meat Thermometer TP19H Waterproof,"<p>The <strong>ThermoPro Lightning-Fast Digital Meat Thermometer TP19H Waterproof</strong> from <strong>ThermoPro</strong> delivers outstanding performance, exceptional reliability, and long-lasting durability.</p><ul><li><strong>Brand:</strong> ThermoPro</li><li><strong>Model / MPN:</strong> TP19H</li><li><strong>Condition:</strong> Brand New Authentic</li><li><strong>Category:</strong> Home & Kitchen &ndash; Thermometers</li><li><strong>Authentic GTIN / UPC:</strong> 0850005781321</li></ul>",ThermoPro,Home & Kitchen,"Home & Kitchen, Thermometers, ThermoPro, verified-catalog",TRUE,Title,Default Title,,,,,THE-TP19H-1008,450,shopify,50,deny,manual,19.99,22.99,TRUE,TRUE,,,,ThermoPro Lightning-Fast Digital Meat Thermometer TP19H Waterproof | ThermoPro &ndash; Leafanoo,"Buy authentic ThermoPro Lightning-Fast Digital Meat Thermometer TP19H Waterproof by ThermoPro at Leafanoo. Fast tracked US shipping, 30-day returns, and guaranteed manufacturer specifications.",Home & Garden > Kitchen & Dining > Kitchen Tools & Utensils,,,TP19H,new,active
kitchenaid-classic-measuring-cups-and-spoons-9-piece-set-aqua-sky,KitchenAid Classic Measuring Cups and Spoons 9-Piece Set Aqua Sky,"<p>The <strong>KitchenAid Classic Measuring Cups and Spoons 9-Piece Set Aqua Sky</strong> from <strong>KitchenAid</strong> delivers outstanding performance, exceptional reliability, and long-lasting durability.</p><ul><li><strong>Brand:</strong> KitchenAid</li><li><strong>Model / MPN:</strong> KQ458OS</li><li><strong>Condition:</strong> Brand New Authentic</li><li><strong>Category:</strong> Home & Kitchen &ndash; Measuring Tools</li><li><strong>Authentic GTIN / UPC:</strong> 024131435791</li></ul>",KitchenAid,Home & Kitchen,"Home & Kitchen, Measuring Tools, KitchenAid, verified-catalog",TRUE,Title,Default Title,,,,,KIT-KQ458O-1009,450,shopify,50,deny,manual,15.99,18.39,TRUE,TRUE,,,,KitchenAid Classic Measuring Cups and Spoons 9-Piece Set Aqua Sky | KitchenAid &ndash; Leafanoo,"Buy authentic KitchenAid Classic Measuring Cups and Spoons 9-Piece Set Aqua Sky by KitchenAid at Leafanoo. Fast tracked US shipping, 30-day returns, and guaranteed manufacturer specifications.",Home & Garden > Kitchen & Dining > Kitchen Tools & Utensils,,,KQ458OS,new,active
totally-bamboo-3-piece-two-tone-bamboo-cutting-board-set-with-drip-groove,Totally Bamboo 3-Piece Two-Tone Bamboo Cutting Board Set with Drip Groove,"<p>The <strong>Totally Bamboo 3-Piece Two-Tone Bamboo Cutting Board Set with Drip Groove</strong> from <strong>Totally Bamboo</strong> delivers outstanding performance, exceptional reliability, and long-lasting durability.</p><ul><li><strong>Brand:</strong> Totally Bamboo</li><li><strong>Model / MPN:</strong> 20-2041</li><li><strong>Condition:</strong> Brand New Authentic</li><li><strong>Category:</strong> Home & Kitchen &ndash; Cutting Boards</li><li><strong>Authentic GTIN / UPC:</strong> 0855212000418</li></ul>",Totally Bamboo,Home & Kitchen,"Home & Kitchen, Cutting Boards, Totally Bamboo, verified-catalog",TRUE,Title,Default Title,,,,,TOT-20-204-1010,450,shopify,50,deny,manual,21.99,25.29,TRUE,TRUE,,,,Totally Bamboo 3-Piece Two-Tone Bamboo Cutting Board Set with Drip Groove | Totally Bamboo &ndash; Leafanoo,"Buy authentic Totally Bamboo 3-Piece Two-Tone Bamboo Cutting Board Set with Drip Groove by Totally Bamboo at Leafanoo. Fast tracked US shipping, 30-day returns, and guaranteed manufacturer specifications.",Home & Garden > Kitchen & Dining > Kitchen Tools & Utensils,,,20-2041,new,active
oxo-stainless-steel-precision-food-scale-with-pull-out-display-11-lb,OXO Stainless Steel Precision Food Scale with Pull-Out Display 11 lb,"<p>The <strong>OXO Stainless Steel Precision Food Scale with Pull-Out Display 11 lb</strong> from <strong>OXO</strong> delivers outstanding performance, exceptional reliability, and long-lasting durability.</p><ul><li><strong>Brand:</strong> OXO</li><li><strong>Model / MPN:</strong> 11214800</li><li><strong>Condition:</strong> Brand New Authentic</li><li><strong>Category:</strong> Home & Kitchen &ndash; Kitchen Scales</li><li><strong>Authentic GTIN / UPC:</strong> 0719812685786</li></ul>",OXO,Home & Kitchen,"Home & Kitchen, Kitchen Scales, OXO, verified-catalog",TRUE,Title,Default Title,,,,,OXO-112148-1011,450,shopify,50,deny,manual,54.99,63.24,TRUE,TRUE,,,,OXO Stainless Steel Precision Food Scale with Pull-Out Display 11 lb | OXO &ndash; Leafanoo,"Buy authentic OXO Stainless Steel Precision Food Scale with Pull-Out Display 11 lb by OXO at Leafanoo. Fast tracked US shipping, 30-day returns, and guaranteed manufacturer specifications.",Home & Garden > Kitchen & Dining > Kitchen Tools & Utensils,,,11214800,new,active
simplehuman-brushed-stainless-steel-compact-dish-drying-rack,Simplehuman Brushed Stainless Steel Compact Dish Drying Rack,"<p>The <strong>Simplehuman Brushed Stainless Steel Compact Dish Drying Rack</strong> from <strong>Simplehuman</strong> delivers outstanding performance, exceptional reliability, and long-lasting durability.</p><ul><li><strong>Brand:</strong> Simplehuman</li><li><strong>Model / MPN:</strong> KT1107</li><li><strong>Condition:</strong> Brand New Authentic</li><li><strong>Category:</strong> Home & Kitchen &ndash; Dish Racks</li><li><strong>Authentic GTIN / UPC:</strong> 0838810006765</li></ul>",Simplehuman,Home & Kitchen,"Home & Kitchen, Dish Racks, Simplehuman, verified-catalog",TRUE,Title,Default Title,,,,,SIM-KT1107-1012,450,shopify,50,deny,manual,89.99,103.49,TRUE,TRUE,,,,Simplehuman Brushed Stainless Steel Compact Dish Drying Rack | Simplehuman &ndash; Leafanoo,"Buy authentic Simplehuman Brushed Stainless Steel Compact Dish Drying Rack by Simplehuman at Leafanoo. Fast tracked US shipping, 30-day returns, and guaranteed manufacturer specifications.",Home & Garden > Kitchen & Dining > Kitchen Tools & Utensils,,,KT1107,new,active
full-circle-bubble-up-ceramic-soap-dispenser-and-bamboo-dish-brush,Full Circle Bubble Up Ceramic Soap Dispenser and Bamboo Dish Brush,"<p>The <strong>Full Circle Bubble Up Ceramic Soap Dispenser and Bamboo Dish Brush</strong> from <strong>Full Circle</strong> delivers outstanding performance, exceptional reliability, and long-lasting durability.</p><ul><li><strong>Brand:</strong> Full Circle</li><li><strong>Model / MPN:</strong> FC14123</li><li><strong>Condition:</strong> Brand New Authentic</li><li><strong>Category:</strong> Home & Kitchen &ndash; Cleaning Supplies</li><li><strong>Authentic GTIN / UPC:</strong> 0810119020468</li></ul>",Full Circle,Home & Kitchen,"Home & Kitchen, Cleaning Supplies, Full Circle, verified-catalog",TRUE,Title,Default Title,,,,,FUL-FC1412-1013,450,shopify,50,deny,manual,14.99,17.24,TRUE,TRUE,,,,Full Circle Bubble Up Ceramic Soap Dispenser and Bamboo Dish Brush | Full Circle &ndash; Leafanoo,"Buy authentic Full Circle Bubble Up Ceramic Soap Dispenser and Bamboo Dish Brush by Full Circle at Leafanoo. Fast tracked US shipping, 30-day returns, and guaranteed manufacturer specifications.",Home & Garden > Kitchen & Dining > Kitchen Tools & Utensils,,,FC14123,new,active
stasher-platinum-silicone-reusable-food-storage-bag-sandwich-size,Stasher Platinum Silicone Reusable Food Storage Bag Sandwich Size,"<p>The <strong>Stasher Platinum Silicone Reusable Food Storage Bag Sandwich Size</strong> from <strong>Stasher</strong> delivers outstanding performance, exceptional reliability, and long-lasting durability.</p><ul><li><strong>Brand:</strong> Stasher</li><li><strong>Model / MPN:</strong> STSB00</li><li><strong>Condition:</strong> Brand New Authentic</li><li><strong>Category:</strong> Home & Kitchen &ndash; Food Storage</li><li><strong>Authentic GTIN / UPC:</strong> 0816990020016</li></ul>",Stasher,Home & Kitchen,"Home & Kitchen, Food Storage, Stasher, verified-catalog",TRUE,Title,Default Title,,,,,STA-STSB00-1014,450,shopify,50,deny,manual,12.99,14.94,TRUE,TRUE,,,,Stasher Platinum Silicone Reusable Food Storage Bag Sandwich Size | Stasher &ndash; Leafanoo,"Buy authentic Stasher Platinum Silicone Reusable Food Storage Bag Sandwich Size by Stasher at Leafanoo. Fast tracked US shipping, 30-day returns, and guaranteed manufacturer specifications.",Home & Garden > Kitchen & Dining > Kitchen Tools & Utensils,,,STSB00,new,active
aeropress-original-coffee-and-espresso-maker-chamber-and-plunger-kit,AeroPress Original Coffee and Espresso Maker Chamber & Plunger Kit,"<p>The <strong>AeroPress Original Coffee and Espresso Maker Chamber & Plunger Kit</strong> from <strong>AeroPress</strong> delivers outstanding performance, exceptional reliability, and long-lasting durability.</p><ul><li><strong>Brand:</strong> AeroPress</li><li><strong>Model / MPN:</strong> 80R11</li><li><strong>Condition:</strong> Brand New Authentic</li><li><strong>Category:</strong> Home & Kitchen &ndash; Coffee Makers</li><li><strong>Authentic GTIN / UPC:</strong> 085276000800</li></ul>",AeroPress,Home & Kitchen,"Home & Kitchen, Coffee Makers, AeroPress, verified-catalog",TRUE,Title,Default Title,,,,,AER-80R11-1015,450,shopify,50,deny,manual,39.95,45.94,TRUE,TRUE,,,,AeroPress Original Coffee and Espresso Maker Chamber & Plunger Kit | AeroPress &ndash; Leafanoo,"Buy authentic AeroPress Original Coffee and Espresso Maker Chamber & Plunger Kit by AeroPress at Leafanoo. Fast tracked US shipping, 30-day returns, and guaranteed manufacturer specifications.",Home & Garden > Kitchen & Dining > Kitchen Tools & Utensils,,,80R11,new,active
cuisinart-boxed-4-sided-stainless-steel-cheese-and-vegetable-grater,Cuisinart Boxed 4-Sided Stainless Steel Cheese & Vegetable Grater,"<p>The <strong>Cuisinart Boxed 4-Sided Stainless Steel Cheese & Vegetable Grater</strong> from <strong>Cuisinart</strong> delivers outstanding performance, exceptional reliability, and long-lasting durability.</p><ul><li><strong>Brand:</strong> Cuisinart</li><li><strong>Model / MPN:</strong> CTG-00-BG</li><li><strong>Condition:</strong> Brand New Authentic</li><li><strong>Category:</strong> Home & Kitchen &ndash; Graters</li><li><strong>Authentic GTIN / UPC:</strong> 086279038234</li></ul>",Cuisinart,Home & Kitchen,"Home & Kitchen, Graters, Cuisinart, verified-catalog",TRUE,Title,Default Title,,,,,CUI-CTG-00-1016,450,shopify,50,deny,manual,14.99,17.24,TRUE,TRUE,,,,Cuisinart Boxed 4-Sided Stainless Steel Cheese & Vegetable Grater | Cuisinart &ndash; Leafanoo,"Buy authentic Cuisinart Boxed 4-Sided Stainless Steel Cheese & Vegetable Grater by Cuisinart at Leafanoo. Fast tracked US shipping, 30-day returns, and guaranteed manufacturer specifications.",Home & Garden > Kitchen & Dining > Kitchen Tools & Utensils,,,CTG-00-BG,new,active
nordic-ware-natural-aluminum-commercial-half-sheet-baking-pan-2-pack,Nordic Ware Natural Aluminum Commercial Half Sheet Baking Pan 2-Pack,"<p>The <strong>Nordic Ware Natural Aluminum Commercial Half Sheet Baking Pan 2-Pack</strong> from <strong>Nordic Ware</strong> delivers outstanding performance, exceptional reliability, and long-lasting durability.</p><ul><li><strong>Brand:</strong> Nordic Ware</li><li><strong>Model / MPN:</strong> 43172</li><li><strong>Condition:</strong> Brand New Authentic</li><li><strong>Category:</strong> Home & Kitchen &ndash; Baking Sheets</li><li><strong>Authentic GTIN / UPC:</strong> 011172431728</li></ul>",Nordic Ware,Home & Kitchen,"Home & Kitchen, Baking Sheets, Nordic Ware, verified-catalog",TRUE,Title,Default Title,,,,,NOR-43172-1017,450,shopify,50,deny,manual,27.99,32.19,TRUE,TRUE,,,,Nordic Ware Natural Aluminum Commercial Half Sheet Baking Pan 2-Pack | Nordic Ware &ndash; Leafanoo,"Buy authentic Nordic Ware Natural Aluminum Commercial Half Sheet Baking Pan 2-Pack by Nordic Ware at Leafanoo. Fast tracked US shipping, 30-day returns, and guaranteed manufacturer specifications.",Home & Garden > Kitchen & Dining > Kitchen Tools & Utensils,,,43172,new,active
microplane-premium-classic-series-stainless-steel-fine-zester-grater,Microplane Premium Classic Series Stainless Steel Fine Zester Grater,"<p>The <strong>Microplane Premium Classic Series Stainless Steel Fine Zester Grater</strong> from <strong>Microplane</strong> delivers outstanding performance, exceptional reliability, and long-lasting durability.</p><ul><li><strong>Brand:</strong> Microplane</li><li><strong>Model / MPN:</strong> 46020</li><li><strong>Condition:</strong> Brand New Authentic</li><li><strong>Category:</strong> Home & Kitchen &ndash; Zesters</li><li><strong>Authentic GTIN / UPC:</strong> 098399460206</li></ul>",Microplane,Home & Kitchen,"Home & Kitchen, Zesters, Microplane, verified-catalog",TRUE,Title,Default Title,,,,,MIC-46020-1018,450,shopify,50,deny,manual,17.99,20.69,TRUE,TRUE,,,,Microplane Premium Classic Series Stainless Steel Fine Zester Grater | Microplane &ndash; Leafanoo,"Buy authentic Microplane Premium Classic Series Stainless Steel Fine Zester Grater by Microplane at Leafanoo. Fast tracked US shipping, 30-day returns, and guaranteed manufacturer specifications.",Home & Garden > Kitchen & Dining > Kitchen Tools & Utensils,,,46020,new,active
hydro-flask-wide-mouth-insulated-stainless-steel-bottle-with-flex-cap-32-oz,Hydro Flask Wide Mouth Insulated Stainless Steel Bottle with Flex Cap 32 oz,"<p>The <strong>Hydro Flask Wide Mouth Insulated Stainless Steel Bottle with Flex Cap 32 oz</strong> from <strong>Hydro Flask</strong> delivers outstanding performance, exceptional reliability, and long-lasting durability.</p><ul><li><strong>Brand:</strong> Hydro Flask</li><li><strong>Model / MPN:</strong> W32TS415</li><li><strong>Condition:</strong> Brand New Authentic</li><li><strong>Category:</strong> Home & Kitchen &ndash; Water Bottles</li><li><strong>Authentic GTIN / UPC:</strong> 0848604031234</li></ul>",Hydro Flask,Home & Kitchen,"Home & Kitchen, Water Bottles, Hydro Flask, verified-catalog",TRUE,Title,Default Title,,,,,HYD-W32TS4-1019,450,shopify,50,deny,manual,44.95,51.69,TRUE,TRUE,,,,Hydro Flask Wide Mouth Insulated Stainless Steel Bottle with Flex Cap 32 oz | Hydro Flask &ndash; Leafanoo,"Buy authentic Hydro Flask Wide Mouth Insulated Stainless Steel Bottle with Flex Cap 32 oz by Hydro Flask at Leafanoo. Fast tracked US shipping, 30-day returns, and guaranteed manufacturer specifications.",Home & Garden > Kitchen & Dining > Kitchen Tools & Utensils,,,W32TS415,new,active
victorinox-swiss-classic-325-inch-straight-edge-paring-knife,Victorinox Swiss Classic 3.25-Inch Straight Edge Paring Knife,"<p>The <strong>Victorinox Swiss Classic 3.25-Inch Straight Edge Paring Knife</strong> from <strong>Victorinox</strong> delivers outstanding performance, exceptional reliability, and long-lasting durability.</p><ul><li><strong>Brand:</strong> Victorinox</li><li><strong>Model / MPN:</strong> 6.7603</li><li><strong>Condition:</strong> Brand New Authentic</li><li><strong>Category:</strong> Home & Kitchen &ndash; Kitchen Knives</li><li><strong>Authentic GTIN / UPC:</strong> 0761116069812</li></ul>",Victorinox,Home & Kitchen,"Home & Kitchen, Kitchen Knives, Victorinox, verified-catalog",TRUE,Title,Default Title,,,,,VIC-6.7603-1020,450,shopify,50,deny,manual,9.99,11.49,TRUE,TRUE,,,,Victorinox Swiss Classic 3.25-Inch Straight Edge Paring Knife | Victorinox &ndash; Leafanoo,"Buy authentic Victorinox Swiss Classic 3.25-Inch Straight Edge Paring Knife by Victorinox at Leafanoo. Fast tracked US shipping, 30-day returns, and guaranteed manufacturer specifications.",Home & Garden > Kitchen & Dining > Kitchen Tools & Utensils,,,6.7603,new,active
oxo-good-grips-medium-silicone-spatula-heat-resistant,OXO Good Grips Medium Silicone Spatula Heat Resistant,"<p>The <strong>OXO Good Grips Medium Silicone Spatula Heat Resistant</strong> from <strong>OXO</strong> delivers outstanding performance, exceptional reliability, and long-lasting durability.</p><ul><li><strong>Brand:</strong> OXO</li><li><strong>Model / MPN:</strong> 11187400</li><li><strong>Condition:</strong> Brand New Authentic</li><li><strong>Category:</strong> Home & Kitchen &ndash; Spatulas</li><li><strong>Authentic GTIN / UPC:</strong> 0719812687407</li></ul>",OXO,Home & Kitchen,"Home & Kitchen, Spatulas, OXO, verified-catalog",TRUE,Title,Default Title,,,,,OXO-111874-1021,450,shopify,50,deny,manual,10.95,12.59,TRUE,TRUE,,,,OXO Good Grips Medium Silicone Spatula Heat Resistant | OXO &ndash; Leafanoo,"Buy authentic OXO Good Grips Medium Silicone Spatula Heat Resistant by OXO at Leafanoo. Fast tracked US shipping, 30-day returns, and guaranteed manufacturer specifications.",Home & Garden > Kitchen & Dining > Kitchen Tools & Utensils,,,11187400,new,active
bodum-brazil-8-cup-french-press-coffee-maker-34-oz-black,Bodum Brazil 8-Cup French Press Coffee Maker 34 oz Black,"<p>The <strong>Bodum Brazil 8-Cup French Press Coffee Maker 34 oz Black</strong> from <strong>Bodum</strong> delivers outstanding performance, exceptional reliability, and long-lasting durability.</p><ul><li><strong>Brand:</strong> Bodum</li><li><strong>Model / MPN:</strong> 10938-01</li><li><strong>Condition:</strong> Brand New Authentic</li><li><strong>Category:</strong> Home & Kitchen &ndash; Coffee Makers</li><li><strong>Authentic GTIN / UPC:</strong> 0699965254124</li></ul>",Bodum,Home & Kitchen,"Home & Kitchen, Coffee Makers, Bodum, verified-catalog",TRUE,Title,Default Title,,,,,BOD-10938--1022,450,shopify,50,deny,manual,21.99,25.29,TRUE,TRUE,,,,Bodum Brazil 8-Cup French Press Coffee Maker 34 oz Black | Bodum &ndash; Leafanoo,"Buy authentic Bodum Brazil 8-Cup French Press Coffee Maker 34 oz Black by Bodum at Leafanoo. Fast tracked US shipping, 30-day returns, and guaranteed manufacturer specifications.",Home & Garden > Kitchen & Dining > Kitchen Tools & Utensils,,,10938-01,new,active
zojirushi-stainless-steel-vacuum-insulated-travel-mug-16-oz-navy,Zojirushi Stainless Steel Vacuum Insulated Travel Mug 16 oz Navy,"<p>The <strong>Zojirushi Stainless Steel Vacuum Insulated Travel Mug 16 oz Navy</strong> from <strong>Zojirushi</strong> delivers outstanding performance, exceptional reliability, and long-lasting durability.</p><ul><li><strong>Brand:</strong> Zojirushi</li><li><strong>Model / MPN:</strong> SM-SHE48</li><li><strong>Condition:</strong> Brand New Authentic</li><li><strong>Category:</strong> Home & Kitchen &ndash; Travel Mugs</li><li><strong>Authentic GTIN / UPC:</strong> 023545084123</li></ul>",Zojirushi,Home & Kitchen,"Home & Kitchen, Travel Mugs, Zojirushi, verified-catalog",TRUE,Title,Default Title,,,,,ZOJ-SM-SHE-1023,450,shopify,50,deny,manual,29.99,34.49,TRUE,TRUE,,,,Zojirushi Stainless Steel Vacuum Insulated Travel Mug 16 oz Navy | Zojirushi &ndash; Leafanoo,"Buy authentic Zojirushi Stainless Steel Vacuum Insulated Travel Mug 16 oz Navy by Zojirushi at Leafanoo. Fast tracked US shipping, 30-day returns, and guaranteed manufacturer specifications.",Home & Garden > Kitchen & Dining > Kitchen Tools & Utensils,,,SM-SHE48,new,active
lodge-cast-iron-reversible-double-play-grill-and-griddle-pan,Lodge Cast Iron Reversible Double Play Grill and Griddle Pan,"<p>The <strong>Lodge Cast Iron Reversible Double Play Grill and Griddle Pan</strong> from <strong>Lodge</strong> delivers outstanding performance, exceptional reliability, and long-lasting durability.</p><ul><li><strong>Brand:</strong> Lodge</li><li><strong>Model / MPN:</strong> LDP3</li><li><strong>Condition:</strong> Brand New Authentic</li><li><strong>Category:</strong> Home & Kitchen &ndash; Griddles</li><li><strong>Authentic GTIN / UPC:</strong> 075536301302</li></ul>",Lodge,Home & Kitchen,"Home & Kitchen, Griddles, Lodge, verified-catalog",TRUE,Title,Default Title,,,,,LOD-LDP3-1024,450,shopify,50,deny,manual,39.90,45.88,TRUE,TRUE,,,,Lodge Cast Iron Reversible Double Play Grill and Griddle Pan | Lodge &ndash; Leafanoo,"Buy authentic Lodge Cast Iron Reversible Double Play Grill and Griddle Pan by Lodge at Leafanoo. Fast tracked US shipping, 30-day returns, and guaranteed manufacturer specifications.",Home & Garden > Kitchen & Dining > Kitchen Tools & Utensils,,,LDP3,new,active
anchor-hocking-8-piece-glass-mixing-bowls-set-with-bpa-free-storage-lids,Anchor Hocking 8-Piece Glass Mixing Bowls Set with BPA-Free Storage Lids,"<p>The <strong>Anchor Hocking 8-Piece Glass Mixing Bowls Set with BPA-Free Storage Lids</strong> from <strong>Anchor Hocking</strong> delivers outstanding performance, exceptional reliability, and long-lasting durability.</p><ul><li><strong>Brand:</strong> Anchor Hocking</li><li><strong>Model / MPN:</strong> 92055AHG17</li><li><strong>Condition:</strong> Brand New Authentic</li><li><strong>Category:</strong> Home & Kitchen &ndash; Mixing Bowls</li><li><strong>Authentic GTIN / UPC:</strong> 076440920556</li></ul>",Anchor Hocking,Home & Kitchen,"Home & Kitchen, Mixing Bowls, Anchor Hocking, verified-catalog",TRUE,Title,Default Title,,,,,ANC-92055A-1025,450,shopify,50,deny,manual,24.99,28.74,TRUE,TRUE,,,,Anchor Hocking 8-Piece Glass Mixing Bowls Set with BPA-Free Storage Lids | Anchor Hocking &ndash; Leafanoo,"Buy authentic Anchor Hocking 8-Piece Glass Mixing Bowls Set with BPA-Free Storage Lids by Anchor Hocking at Leafanoo. Fast tracked US shipping, 30-day returns, and guaranteed manufacturer specifications.",Home & Garden > Kitchen & Dining > Kitchen Tools & Utensils,,,92055AHG17,new,active
chefn-freshforce-citrus-juicer-handheld-lemon-lime-squeezer,Chef'n FreshForce Citrus Juicer Handheld Lemon Lime Squeezer,"<p>The <strong>Chef'n FreshForce Citrus Juicer Handheld Lemon Lime Squeezer</strong> from <strong>Chef'n</strong> delivers outstanding performance, exceptional reliability, and long-lasting durability.</p><ul><li><strong>Brand:</strong> Chef'n</li><li><strong>Model / MPN:</strong> 102-140-005</li><li><strong>Condition:</strong> Brand New Authentic</li><li><strong>Category:</strong> Home & Kitchen &ndash; Juice Squeezers</li><li><strong>Authentic GTIN / UPC:</strong> 0700603021405</li></ul>",Chef'n,Home & Kitchen,"Home & Kitchen, Juice Squeezers, Chef'n, verified-catalog",TRUE,Title,Default Title,,,,,CHE-102-14-1026,450,shopify,50,deny,manual,24.99,28.74,TRUE,TRUE,,,,Chef'n FreshForce Citrus Juicer Handheld Lemon Lime Squeezer | Chef'n &ndash; Leafanoo,"Buy authentic Chef'n FreshForce Citrus Juicer Handheld Lemon Lime Squeezer by Chef'n at Leafanoo. Fast tracked US shipping, 30-day returns, and guaranteed manufacturer specifications.",Home & Garden > Kitchen & Dining > Kitchen Tools & Utensils,,,102-140-005,new,active
silpat-premium-non-stick-silicone-baking-mat-half-sheet-size,Silpat Premium Non-Stick Silicone Baking Mat Half Sheet Size,"<p>The <strong>Silpat Premium Non-Stick Silicone Baking Mat Half Sheet Size</strong> from <strong>Silpat</strong> delivers outstanding performance, exceptional reliability, and long-lasting durability.</p><ul><li><strong>Brand:</strong> Silpat</li><li><strong>Model / MPN:</strong> AE420295-02</li><li><strong>Condition:</strong> Brand New Authentic</li><li><strong>Category:</strong> Home & Kitchen &ndash; Baking Mats</li><li><strong>Authentic GTIN / UPC:</strong> 0814467000018</li></ul>",Silpat,Home & Kitchen,"Home & Kitchen, Baking Mats, Silpat, verified-catalog",TRUE,Title,Default Title,,,,,SIL-AE4202-1027,450,shopify,50,deny,manual,24.95,28.69,TRUE,TRUE,,,,Silpat Premium Non-Stick Silicone Baking Mat Half Sheet Size | Silpat &ndash; Leafanoo,"Buy authentic Silpat Premium Non-Stick Silicone Baking Mat Half Sheet Size by Silpat at Leafanoo. Fast tracked US shipping, 30-day returns, and guaranteed manufacturer specifications.",Home & Garden > Kitchen & Dining > Kitchen Tools & Utensils,,,AE420295-02,new,active
kuhn-rikon-original-swiss-peeler-trio-carbon-steel-blade-3-pack,Kuhn Rikon Original Swiss Peeler Trio Carbon Steel Blade 3-Pack,"<p>The <strong>Kuhn Rikon Original Swiss Peeler Trio Carbon Steel Blade 3-Pack</strong> from <strong>Kuhn Rikon</strong> delivers outstanding performance, exceptional reliability, and long-lasting durability.</p><ul><li><strong>Brand:</strong> Kuhn Rikon</li><li><strong>Model / MPN:</strong> 2784</li><li><strong>Condition:</strong> Brand New Authentic</li><li><strong>Category:</strong> Home & Kitchen &ndash; Peelers</li><li><strong>Authentic GTIN / UPC:</strong> 0785458027847</li></ul>",Kuhn Rikon,Home & Kitchen,"Home & Kitchen, Peelers, Kuhn Rikon, verified-catalog",TRUE,Title,Default Title,,,,,KUH-2784-1028,450,shopify,50,deny,manual,15.00,17.25,TRUE,TRUE,,,,Kuhn Rikon Original Swiss Peeler Trio Carbon Steel Blade 3-Pack | Kuhn Rikon &ndash; Leafanoo,"Buy authentic Kuhn Rikon Original Swiss Peeler Trio Carbon Steel Blade 3-Pack by Kuhn Rikon at Leafanoo. Fast tracked US shipping, 30-day returns, and guaranteed manufacturer specifications.",Home & Garden > Kitchen & Dining > Kitchen Tools & Utensils,,,2784,new,active
yeti-rambler-20-oz-stainless-steel-tumbler-with-magslider-lid,YETI Rambler 20 oz Stainless Steel Tumbler with MagSlider Lid,"<p>The <strong>YETI Rambler 20 oz Stainless Steel Tumbler with MagSlider Lid</strong> from <strong>YETI</strong> delivers outstanding performance, exceptional reliability, and long-lasting durability.</p><ul><li><strong>Brand:</strong> YETI</li><li><strong>Model / MPN:</strong> 21070060001</li><li><strong>Condition:</strong> Brand New Authentic</li><li><strong>Category:</strong> Home & Kitchen &ndash; Tumblers</li><li><strong>Authentic GTIN / UPC:</strong> 0888830001234</li></ul>",YETI,Home & Kitchen,"Home & Kitchen, Tumblers, YETI, verified-catalog",TRUE,Title,Default Title,,,,,YET-210700-1029,450,shopify,50,deny,manual,35.00,40.25,TRUE,TRUE,,,,YETI Rambler 20 oz Stainless Steel Tumbler with MagSlider Lid | YETI &ndash; Leafanoo,"Buy authentic YETI Rambler 20 oz Stainless Steel Tumbler with MagSlider Lid by YETI at Leafanoo. Fast tracked US shipping, 30-day returns, and guaranteed manufacturer specifications.",Home & Garden > Kitchen & Dining > Kitchen Tools & Utensils,,,21070060001,new,active
cuisinart-stainless-steel-fine-mesh-wire-strainers-set-of-3,Cuisinart Stainless Steel Fine Mesh Wire Strainers Set of 3,"<p>The <strong>Cuisinart Stainless Steel Fine Mesh Wire Strainers Set of 3</strong> from <strong>Cuisinart</strong> delivers outstanding performance, exceptional reliability, and long-lasting durability.</p><ul><li><strong>Brand:</strong> Cuisinart</li><li><strong>Model / MPN:</strong> CTG-00-3MS</li><li><strong>Condition:</strong> Brand New Authentic</li><li><strong>Category:</strong> Home & Kitchen &ndash; Colanders</li><li><strong>Authentic GTIN / UPC:</strong> 086279038241</li></ul>",Cuisinart,Home & Kitchen,"Home & Kitchen, Colanders, Cuisinart, verified-catalog",TRUE,Title,Default Title,,,,,CUI-CTG-00-1030,450,shopify,50,deny,manual,14.99,17.24,TRUE,TRUE,,,,Cuisinart Stainless Steel Fine Mesh Wire Strainers Set of 3 | Cuisinart &ndash; Leafanoo,"Buy authentic Cuisinart Stainless Steel Fine Mesh Wire Strainers Set of 3 by Cuisinart at Leafanoo. Fast tracked US shipping, 30-day returns, and guaranteed manufacturer specifications.",Home & Garden > Kitchen & Dining > Kitchen Tools & Utensils,,,CTG-00-3MS,new,active
sterilite-3-drawer-wide-weave-tower-espresso-resin-frame,Sterilite 3-Drawer Wide Weave Tower Espresso Resin Frame,"<p>The <strong>Sterilite 3-Drawer Wide Weave Tower Espresso Resin Frame</strong> from <strong>Sterilite</strong> delivers outstanding performance, exceptional reliability, and long-lasting durability.</p><ul><li><strong>Brand:</strong> Sterilite</li><li><strong>Model / MPN:</strong> 25306P01</li><li><strong>Condition:</strong> Brand New Authentic</li><li><strong>Category:</strong> Home Organization &ndash; Drawer Organizers</li><li><strong>Authentic GTIN / UPC:</strong> 073149253066</li></ul>",Sterilite,Home Organization,"Home Organization, Drawer Organizers, Sterilite, verified-catalog",TRUE,Title,Default Title,,,,,STE-25306P-1031,450,shopify,50,deny,manual,34.99,40.24,TRUE,TRUE,,,,Sterilite 3-Drawer Wide Weave Tower Espresso Resin Frame | Sterilite &ndash; Leafanoo,"Buy authentic Sterilite 3-Drawer Wide Weave Tower Espresso Resin Frame by Sterilite at Leafanoo. Fast tracked US shipping, 30-day returns, and guaranteed manufacturer specifications.",Home & Garden > Storage & Organization > Storage Bins & Boxes,,,25306P01,new,active
iris-usa-62-qt-weathertight-heavy-duty-clear-storage-box-4-pack,IRIS USA 62 Qt WeatherTight Heavy Duty Clear Storage Box 4-Pack,"<p>The <strong>IRIS USA 62 Qt WeatherTight Heavy Duty Clear Storage Box 4-Pack</strong> from <strong>IRIS USA</strong> delivers outstanding performance, exceptional reliability, and long-lasting durability.</p><ul><li><strong>Brand:</strong> IRIS USA</li><li><strong>Model / MPN:</strong> 100200-4PK</li><li><strong>Condition:</strong> Brand New Authentic</li><li><strong>Category:</strong> Home Organization &ndash; Storage Totes</li><li><strong>Authentic GTIN / UPC:</strong> 076201642234</li></ul>",IRIS USA,Home Organization,"Home Organization, Storage Totes, IRIS USA, verified-catalog",TRUE,Title,Default Title,,,,,IRI-100200-1032,450,shopify,50,deny,manual,84.99,97.74,TRUE,TRUE,,,,IRIS USA 62 Qt WeatherTight Heavy Duty Clear Storage Box 4-Pack | IRIS USA &ndash; Leafanoo,"Buy authentic IRIS USA 62 Qt WeatherTight Heavy Duty Clear Storage Box 4-Pack by IRIS USA at Leafanoo. Fast tracked US shipping, 30-day returns, and guaranteed manufacturer specifications.",Home & Garden > Storage & Organization > Storage Bins & Boxes,,,100200-4PK,new,active
mdesign-free-standing-water-bottle-holder-storage-rack-2-pack,mDesign Free-Standing Water Bottle Holder Storage Rack 2-Pack,"<p>The <strong>mDesign Free-Standing Water Bottle Holder Storage Rack 2-Pack</strong> from <strong>mDesign</strong> delivers outstanding performance, exceptional reliability, and long-lasting durability.</p><ul><li><strong>Brand:</strong> mDesign</li><li><strong>Model / MPN:</strong> 02298MDKE</li><li><strong>Condition:</strong> Brand New Authentic</li><li><strong>Category:</strong> Home Organization &ndash; Cabinet Racks</li><li><strong>Authentic GTIN / UPC:</strong> 0841247137890</li></ul>",mDesign,Home Organization,"Home Organization, Cabinet Racks, mDesign, verified-catalog",TRUE,Title,Default Title,,,,,MDE-02298M-1033,450,shopify,50,deny,manual,24.99,28.74,TRUE,TRUE,,,,mDesign Free-Standing Water Bottle Holder Storage Rack 2-Pack | mDesign &ndash; Leafanoo,"Buy authentic mDesign Free-Standing Water Bottle Holder Storage Rack 2-Pack by mDesign at Leafanoo. Fast tracked US shipping, 30-day returns, and guaranteed manufacturer specifications.",Home & Garden > Storage & Organization > Storage Bins & Boxes,,,02298MDKE,new,active
simple-houseware-3-tier-expandable-kitchen-counter-and-pantry-shelf-organizer,Simple Houseware 3-Tier Expandable Kitchen Counter and Pantry Shelf Organizer,"<p>The <strong>Simple Houseware 3-Tier Expandable Kitchen Counter and Pantry Shelf Organizer</strong> from <strong>Simple Houseware</strong> delivers outstanding performance, exceptional reliability, and long-lasting durability.</p><ul><li><strong>Brand:</strong> Simple Houseware</li><li><strong>Model / MPN:</strong> BO-006-1</li><li><strong>Condition:</strong> Brand New Authentic</li><li><strong>Category:</strong> Home Organization &ndash; Shelf Risers</li><li><strong>Authentic GTIN / UPC:</strong> 0850003780124</li></ul>",Simple Houseware,Home Organization,"Home Organization, Shelf Risers, Simple Houseware, verified-catalog",TRUE,Title,Default Title,,,,,SIM-BO-006-1034,450,shopify,50,deny,manual,21.99,25.29,TRUE,TRUE,,,,Simple Houseware 3-Tier Expandable Kitchen Counter and Pantry Shelf Organizer | Simple Houseware &ndash; Leafanoo,"Buy authentic Simple Houseware 3-Tier Expandable Kitchen Counter and Pantry Shelf Organizer by Simple Houseware at Leafanoo. Fast tracked US shipping, 30-day returns, and guaranteed manufacturer specifications.",Home & Garden > Storage & Organization > Storage Bins & Boxes,,,BO-006-1,new,active
sorbus-foldable-fabric-closet-storage-bins-with-handles-6-pack,Sorbus Foldable Fabric Closet Storage Bins with Handles 6-Pack,"<p>The <strong>Sorbus Foldable Fabric Closet Storage Bins with Handles 6-Pack</strong> from <strong>Sorbus</strong> delivers outstanding performance, exceptional reliability, and long-lasting durability.</p><ul><li><strong>Brand:</strong> Sorbus</li><li><strong>Model / MPN:</strong> BIN-BSKT6</li><li><strong>Condition:</strong> Brand New Authentic</li><li><strong>Category:</strong> Home Organization &ndash; Fabric Bins</li><li><strong>Authentic GTIN / UPC:</strong> 0810011501234</li></ul>",Sorbus,Home Organization,"Home Organization, Fabric Bins, Sorbus, verified-catalog",TRUE,Title,Default Title,,,,,SOR-BIN-BS-1035,450,shopify,50,deny,manual,22.99,26.44,TRUE,TRUE,,,,Sorbus Foldable Fabric Closet Storage Bins with Handles 6-Pack | Sorbus &ndash; Leafanoo,"Buy authentic Sorbus Foldable Fabric Closet Storage Bins with Handles 6-Pack by Sorbus at Leafanoo. Fast tracked US shipping, 30-day returns, and guaranteed manufacturer specifications.",Home & Garden > Storage & Organization > Storage Bins & Boxes,,,BIN-BSKT6,new,active
zober-high-grade-solid-wood-suit-coat-hangers-20-pack-walnut,Zober High Grade Solid Wood Suit Coat Hangers 20-Pack Walnut,"<p>The <strong>Zober High Grade Solid Wood Suit Coat Hangers 20-Pack Walnut</strong> from <strong>Zober</strong> delivers outstanding performance, exceptional reliability, and long-lasting durability.</p><ul><li><strong>Brand:</strong> Zober</li><li><strong>Model / MPN:</strong> Z-W201</li><li><strong>Condition:</strong> Brand New Authentic</li><li><strong>Category:</strong> Home Organization &ndash; Clothes Hangers</li><li><strong>Authentic GTIN / UPC:</strong> 0850008432101</li></ul>",Zober,Home Organization,"Home Organization, Clothes Hangers, Zober, verified-catalog",TRUE,Title,Default Title,,,,,ZOB-Z-W201-1036,450,shopify,50,deny,manual,29.99,34.49,TRUE,TRUE,,,,Zober High Grade Solid Wood Suit Coat Hangers 20-Pack Walnut | Zober &ndash; Leafanoo,"Buy authentic Zober High Grade Solid Wood Suit Coat Hangers 20-Pack Walnut by Zober at Leafanoo. Fast tracked US shipping, 30-day returns, and guaranteed manufacturer specifications.",Home & Garden > Storage & Organization > Storage Bins & Boxes,,,Z-W201,new,active
youcopia-storemore-adjustable-bakeware-and-pan-organizer-rack,YouCopia StoreMore Adjustable Bakeware and Pan Organizer Rack,"<p>The <strong>YouCopia StoreMore Adjustable Bakeware and Pan Organizer Rack</strong> from <strong>YouCopia</strong> delivers outstanding performance, exceptional reliability, and long-lasting durability.</p><ul><li><strong>Brand:</strong> YouCopia</li><li><strong>Model / MPN:</strong> 50161</li><li><strong>Condition:</strong> Brand New Authentic</li><li><strong>Category:</strong> Home Organization &ndash; Pan Organizers</li><li><strong>Authentic GTIN / UPC:</strong> 0855365005161</li></ul>",YouCopia,Home Organization,"Home Organization, Pan Organizers, YouCopia, verified-catalog",TRUE,Title,Default Title,,,,,YOU-50161-1037,450,shopify,50,deny,manual,19.99,22.99,TRUE,TRUE,,,,YouCopia StoreMore Adjustable Bakeware and Pan Organizer Rack | YouCopia &ndash; Leafanoo,"Buy authentic YouCopia StoreMore Adjustable Bakeware and Pan Organizer Rack by YouCopia at Leafanoo. Fast tracked US shipping, 30-day returns, and guaranteed manufacturer specifications.",Home & Garden > Storage & Organization > Storage Bins & Boxes,,,50161,new,active
brother-easy-portable-handheld-label-maker-machine-pth110,Brother Easy Portable Handheld Label Maker Machine PTH110,"<p>The <strong>Brother Easy Portable Handheld Label Maker Machine PTH110</strong> from <strong>Brother</strong> delivers outstanding performance, exceptional reliability, and long-lasting durability.</p><ul><li><strong>Brand:</strong> Brother</li><li><strong>Model / MPN:</strong> PTH110</li><li><strong>Condition:</strong> Brand New Authentic</li><li><strong>Category:</strong> Home Organization &ndash; Label Makers</li><li><strong>Authentic GTIN / UPC:</strong> 012502644262</li></ul>",Brother,Home Organization,"Home Organization, Label Makers, Brother, verified-catalog",TRUE,Title,Default Title,,,,,BRO-PTH110-1038,450,shopify,50,deny,manual,34.99,40.24,TRUE,TRUE,,,,Brother Easy Portable Handheld Label Maker Machine PTH110 | Brother &ndash; Leafanoo,"Buy authentic Brother Easy Portable Handheld Label Maker Machine PTH110 by Brother at Leafanoo. Fast tracked US shipping, 30-day returns, and guaranteed manufacturer specifications.",Home & Garden > Storage & Organization > Storage Bins & Boxes,,,PTH110,new,active
command-large-picture-hanging-adhesive-strips-damage-free-12-pairs,Command Large Picture Hanging Adhesive Strips Damage Free 12 Pairs,"<p>The <strong>Command Large Picture Hanging Adhesive Strips Damage Free 12 Pairs</strong> from <strong>Command</strong> delivers outstanding performance, exceptional reliability, and long-lasting durability.</p><ul><li><strong>Brand:</strong> Command</li><li><strong>Model / MPN:</strong> 17206-12ES</li><li><strong>Condition:</strong> Brand New Authentic</li><li><strong>Category:</strong> Home Organization &ndash; Wall Strips</li><li><strong>Authentic GTIN / UPC:</strong> 051141346984</li></ul>",Command,Home Organization,"Home Organization, Wall Strips, Command, verified-catalog",TRUE,Title,Default Title,,,,,COM-17206--1039,450,shopify,50,deny,manual,13.99,16.09,TRUE,TRUE,,,,Command Large Picture Hanging Adhesive Strips Damage Free 12 Pairs | Command &ndash; Leafanoo,"Buy authentic Command Large Picture Hanging Adhesive Strips Damage Free 12 Pairs by Command at Leafanoo. Fast tracked US shipping, 30-day returns, and guaranteed manufacturer specifications.",Home & Garden > Storage & Organization > Storage Bins & Boxes,,,17206-12ES,new,active
baffect-under-bed-breathable-fabric-storage-organizer-bag-with-clear-window,Baffect Under-Bed Breathable Fabric Storage Organizer Bag with Clear Window,"<p>The <strong>Baffect Under-Bed Breathable Fabric Storage Organizer Bag with Clear Window</strong> from <strong>Baffect</strong> delivers outstanding performance, exceptional reliability, and long-lasting durability.</p><ul><li><strong>Brand:</strong> Baffect</li><li><strong>Model / MPN:</strong> BF-UBED-01</li><li><strong>Condition:</strong> Brand New Authentic</li><li><strong>Category:</strong> Home Organization &ndash; Underbed Storage</li><li><strong>Authentic GTIN / UPC:</strong> 0793611843201</li></ul>",Baffect,Home Organization,"Home Organization, Underbed Storage, Baffect, verified-catalog",TRUE,Title,Default Title,,,,,BAF-BF-UBE-1040,450,shopify,50,deny,manual,26.99,31.04,TRUE,TRUE,,,,Baffect Under-Bed Breathable Fabric Storage Organizer Bag with Clear Window | Baffect &ndash; Leafanoo,"Buy authentic Baffect Under-Bed Breathable Fabric Storage Organizer Bag with Clear Window by Baffect at Leafanoo. Fast tracked US shipping, 30-day returns, and guaranteed manufacturer specifications.",Home & Garden > Storage & Organization > Storage Bins & Boxes,,,BF-UBED-01,new,active
simple-houseware-24-pocket-over-the-door-hanging-shoe-organizer-fabric-mesh,Simple Houseware 24-Pocket Over the Door Hanging Shoe Organizer Fabric Mesh,"<p>The <strong>Simple Houseware 24-Pocket Over the Door Hanging Shoe Organizer Fabric Mesh</strong> from <strong>Simple Houseware</strong> delivers outstanding performance, exceptional reliability, and long-lasting durability.</p><ul><li><strong>Brand:</strong> Simple Houseware</li><li><strong>Model / MPN:</strong> DO-001-1</li><li><strong>Condition:</strong> Brand New Authentic</li><li><strong>Category:</strong> Home Organization &ndash; Shoe Organizers</li><li><strong>Authentic GTIN / UPC:</strong> 0850001239871</li></ul>",Simple Houseware,Home Organization,"Home Organization, Shoe Organizers, Simple Houseware, verified-catalog",TRUE,Title,Default Title,,,,,SIM-DO-001-1041,450,shopify,50,deny,manual,14.99,17.24,TRUE,TRUE,,,,Simple Houseware 24-Pocket Over the Door Hanging Shoe Organizer Fabric Mesh | Simple Houseware &ndash; Leafanoo,"Buy authentic Simple Houseware 24-Pocket Over the Door Hanging Shoe Organizer Fabric Mesh by Simple Houseware at Leafanoo. Fast tracked US shipping, 30-day returns, and guaranteed manufacturer specifications.",Home & Garden > Storage & Organization > Storage Bins & Boxes,,,DO-001-1,new,active
mdesign-deep-plastic-pantry-refrigerator-storage-bins-with-handles-4-pack,mDesign Deep Plastic Pantry Refrigerator Storage Bins with Handles 4-Pack,"<p>The <strong>mDesign Deep Plastic Pantry Refrigerator Storage Bins with Handles 4-Pack</strong> from <strong>mDesign</strong> delivers outstanding performance, exceptional reliability, and long-lasting durability.</p><ul><li><strong>Brand:</strong> mDesign</li><li><strong>Model / MPN:</strong> 06421MDKE</li><li><strong>Condition:</strong> Brand New Authentic</li><li><strong>Category:</strong> Home Organization &ndash; Fridge Bins</li><li><strong>Authentic GTIN / UPC:</strong> 0841247106421</li></ul>",mDesign,Home Organization,"Home Organization, Fridge Bins, mDesign, verified-catalog",TRUE,Title,Default Title,,,,,MDE-06421M-1042,450,shopify,50,deny,manual,32.99,37.94,TRUE,TRUE,,,,mDesign Deep Plastic Pantry Refrigerator Storage Bins with Handles 4-Pack | mDesign &ndash; Leafanoo,"Buy authentic mDesign Deep Plastic Pantry Refrigerator Storage Bins with Handles 4-Pack by mDesign at Leafanoo. Fast tracked US shipping, 30-day returns, and guaranteed manufacturer specifications.",Home & Garden > Storage & Organization > Storage Bins & Boxes,,,06421MDKE,new,active
iris-usa-5-drawer-utility-mobile-storage-cart-with-organizer-top-white,IRIS USA 5-Drawer Utility Mobile Storage Cart with Organizer Top White,"<p>The <strong>IRIS USA 5-Drawer Utility Mobile Storage Cart with Organizer Top White</strong> from <strong>IRIS USA</strong> delivers outstanding performance, exceptional reliability, and long-lasting durability.</p><ul><li><strong>Brand:</strong> IRIS USA</li><li><strong>Model / MPN:</strong> 104380</li><li><strong>Condition:</strong> Brand New Authentic</li><li><strong>Category:</strong> Home Organization &ndash; Rolling Carts</li><li><strong>Authentic GTIN / UPC:</strong> 076201043802</li></ul>",IRIS USA,Home Organization,"Home Organization, Rolling Carts, IRIS USA, verified-catalog",TRUE,Title,Default Title,,,,,IRI-104380-1043,450,shopify,50,deny,manual,49.99,57.49,TRUE,TRUE,,,,IRIS USA 5-Drawer Utility Mobile Storage Cart with Organizer Top White | IRIS USA &ndash; Leafanoo,"Buy authentic IRIS USA 5-Drawer Utility Mobile Storage Cart with Organizer Top White by IRIS USA at Leafanoo. Fast tracked US shipping, 30-day returns, and guaranteed manufacturer specifications.",Home & Garden > Storage & Organization > Storage Bins & Boxes,,,104380,new,active
lifewit-90l-large-capacity-breathable-clothes-blanket-storage-bags-3-pack,Lifewit 90L Large Capacity Breathable Clothes Blanket Storage Bags 3-Pack,"<p>The <strong>Lifewit 90L Large Capacity Breathable Clothes Blanket Storage Bags 3-Pack</strong> from <strong>Lifewit</strong> delivers outstanding performance, exceptional reliability, and long-lasting durability.</p><ul><li><strong>Brand:</strong> Lifewit</li><li><strong>Model / MPN:</strong> LW-BAG-90L</li><li><strong>Condition:</strong> Brand New Authentic</li><li><strong>Category:</strong> Home Organization &ndash; Closet Bags</li><li><strong>Authentic GTIN / UPC:</strong> 0840132109876</li></ul>",Lifewit,Home Organization,"Home Organization, Closet Bags, Lifewit, verified-catalog",TRUE,Title,Default Title,,,,,LIF-LW-BAG-1044,450,shopify,50,deny,manual,21.99,25.29,TRUE,TRUE,,,,Lifewit 90L Large Capacity Breathable Clothes Blanket Storage Bags 3-Pack | Lifewit &ndash; Leafanoo,"Buy authentic Lifewit 90L Large Capacity Breathable Clothes Blanket Storage Bags 3-Pack by Lifewit at Leafanoo. Fast tracked US shipping, 30-day returns, and guaranteed manufacturer specifications.",Home & Garden > Storage & Organization > Storage Bins & Boxes,,,LW-BAG-90L,new,active
rubbermaid-fasttrack-garage-wall-storage-hanging-system-rail-48-inch,Rubbermaid FastTrack Garage Wall Storage Hanging System Rail 48-Inch,"<p>The <strong>Rubbermaid FastTrack Garage Wall Storage Hanging System Rail 48-Inch</strong> from <strong>Rubbermaid</strong> delivers outstanding performance, exceptional reliability, and long-lasting durability.</p><ul><li><strong>Brand:</strong> Rubbermaid</li><li><strong>Model / MPN:</strong> 5E21</li><li><strong>Condition:</strong> Brand New Authentic</li><li><strong>Category:</strong> Home Organization &ndash; Garage Rails</li><li><strong>Authentic GTIN / UPC:</strong> 071691437194</li></ul>",Rubbermaid,Home Organization,"Home Organization, Garage Rails, Rubbermaid, verified-catalog",TRUE,Title,Default Title,,,,,RUB-5E21-1045,450,shopify,50,deny,manual,16.99,19.54,TRUE,TRUE,,,,Rubbermaid FastTrack Garage Wall Storage Hanging System Rail 48-Inch | Rubbermaid &ndash; Leafanoo,"Buy authentic Rubbermaid FastTrack Garage Wall Storage Hanging System Rail 48-Inch by Rubbermaid at Leafanoo. Fast tracked US shipping, 30-day returns, and guaranteed manufacturer specifications.",Home & Garden > Storage & Organization > Storage Bins & Boxes,,,5E21,new,active
idesign-linus-rotating-lazy-susan-turntable-spice-organizer-11-inch,iDesign Linus Rotating Lazy Susan Turntable Spice Organizer 11-Inch,"<p>The <strong>iDesign Linus Rotating Lazy Susan Turntable Spice Organizer 11-Inch</strong> from <strong>iDesign</strong> delivers outstanding performance, exceptional reliability, and long-lasting durability.</p><ul><li><strong>Brand:</strong> iDesign</li><li><strong>Model / MPN:</strong> 55530</li><li><strong>Condition:</strong> Brand New Authentic</li><li><strong>Category:</strong> Home Organization &ndash; Turntables</li><li><strong>Authentic GTIN / UPC:</strong> 081492555309</li></ul>",iDesign,Home Organization,"Home Organization, Turntables, iDesign, verified-catalog",TRUE,Title,Default Title,,,,,IDE-55530-1046,450,shopify,50,deny,manual,16.99,19.54,TRUE,TRUE,,,,iDesign Linus Rotating Lazy Susan Turntable Spice Organizer 11-Inch | iDesign &ndash; Leafanoo,"Buy authentic iDesign Linus Rotating Lazy Susan Turntable Spice Organizer 11-Inch by iDesign at Leafanoo. Fast tracked US shipping, 30-day returns, and guaranteed manufacturer specifications.",Home & Garden > Storage & Organization > Storage Bins & Boxes,,,55530,new,active
youcopia-crazy-susan-11-inch-turntable-with-3-removable-storage-bins,YouCopia Crazy Susan 11-Inch Turntable with 3 Removable Storage Bins,"<p>The <strong>YouCopia Crazy Susan 11-Inch Turntable with 3 Removable Storage Bins</strong> from <strong>YouCopia</strong> delivers outstanding performance, exceptional reliability, and long-lasting durability.</p><ul><li><strong>Brand:</strong> YouCopia</li><li><strong>Model / MPN:</strong> 50198</li><li><strong>Condition:</strong> Brand New Authentic</li><li><strong>Category:</strong> Home Organization &ndash; Turntables</li><li><strong>Authentic GTIN / UPC:</strong> 0855365005198</li></ul>",YouCopia,Home Organization,"Home Organization, Turntables, YouCopia, verified-catalog",TRUE,Title,Default Title,,,,,YOU-50198-1047,450,shopify,50,deny,manual,24.99,28.74,TRUE,TRUE,,,,YouCopia Crazy Susan 11-Inch Turntable with 3 Removable Storage Bins | YouCopia &ndash; Leafanoo,"Buy authentic YouCopia Crazy Susan 11-Inch Turntable with 3 Removable Storage Bins by YouCopia at Leafanoo. Fast tracked US shipping, 30-day returns, and guaranteed manufacturer specifications.",Home & Garden > Storage & Organization > Storage Bins & Boxes,,,50198,new,active
whitmor-supreme-4-tier-heavy-duty-chrome-wire-shelving-unit,Whitmor Supreme 4-Tier Heavy Duty Chrome Wire Shelving Unit,"<p>The <strong>Whitmor Supreme 4-Tier Heavy Duty Chrome Wire Shelving Unit</strong> from <strong>Whitmor</strong> delivers outstanding performance, exceptional reliability, and long-lasting durability.</p><ul><li><strong>Brand:</strong> Whitmor</li><li><strong>Model / MPN:</strong> 6060-322</li><li><strong>Condition:</strong> Brand New Authentic</li><li><strong>Category:</strong> Home Organization &ndash; Wire Shelving</li><li><strong>Authentic GTIN / UPC:</strong> 038861060606</li></ul>",Whitmor,Home Organization,"Home Organization, Wire Shelving, Whitmor, verified-catalog",TRUE,Title,Default Title,,,,,WHI-6060-3-1048,450,shopify,50,deny,manual,59.99,68.99,TRUE,TRUE,,,,Whitmor Supreme 4-Tier Heavy Duty Chrome Wire Shelving Unit | Whitmor &ndash; Leafanoo,"Buy authentic Whitmor Supreme 4-Tier Heavy Duty Chrome Wire Shelving Unit by Whitmor at Leafanoo. Fast tracked US shipping, 30-day returns, and guaranteed manufacturer specifications.",Home & Garden > Storage & Organization > Storage Bins & Boxes,,,6060-322,new,active
mdesign-farmhouse-metal-wire-open-front-storage-baskets-4-pack-matte-black,mDesign Farmhouse Metal Wire Open Front Storage Baskets 4-Pack Matte Black,"<p>The <strong>mDesign Farmhouse Metal Wire Open Front Storage Baskets 4-Pack Matte Black</strong> from <strong>mDesign</strong> delivers outstanding performance, exceptional reliability, and long-lasting durability.</p><ul><li><strong>Brand:</strong> mDesign</li><li><strong>Model / MPN:</strong> 08151MDKE</li><li><strong>Condition:</strong> Brand New Authentic</li><li><strong>Category:</strong> Home Organization &ndash; Wire Baskets</li><li><strong>Authentic GTIN / UPC:</strong> 0841247108159</li></ul>",mDesign,Home Organization,"Home Organization, Wire Baskets, mDesign, verified-catalog",TRUE,Title,Default Title,,,,,MDE-08151M-1049,450,shopify,50,deny,manual,29.99,34.49,TRUE,TRUE,,,,mDesign Farmhouse Metal Wire Open Front Storage Baskets 4-Pack Matte Black | mDesign &ndash; Leafanoo,"Buy authentic mDesign Farmhouse Metal Wire Open Front Storage Baskets 4-Pack Matte Black by mDesign at Leafanoo. Fast tracked US shipping, 30-day returns, and guaranteed manufacturer specifications.",Home & Garden > Storage & Organization > Storage Bins & Boxes,,,08151MDKE,new,active
oxo-good-grips-expandable-drawer-utensil-organizer-white,OXO Good Grips Expandable Drawer Utensil Organizer White,"<p>The <strong>OXO Good Grips Expandable Drawer Utensil Organizer White</strong> from <strong>OXO</strong> delivers outstanding performance, exceptional reliability, and long-lasting durability.</p><ul><li><strong>Brand:</strong> OXO</li><li><strong>Model / MPN:</strong> 11261300</li><li><strong>Condition:</strong> Brand New Authentic</li><li><strong>Category:</strong> Home Organization &ndash; Drawer Trays</li><li><strong>Authentic GTIN / UPC:</strong> 0719812686134</li></ul>",OXO,Home Organization,"Home Organization, Drawer Trays, OXO, verified-catalog",TRUE,Title,Default Title,,,,,OXO-112613-1050,450,shopify,50,deny,manual,19.99,22.99,TRUE,TRUE,,,,OXO Good Grips Expandable Drawer Utensil Organizer White | OXO &ndash; Leafanoo,"Buy authentic OXO Good Grips Expandable Drawer Utensil Organizer White by OXO at Leafanoo. Fast tracked US shipping, 30-day returns, and guaranteed manufacturer specifications.",Home & Garden > Storage & Organization > Storage Bins & Boxes,,,11261300,new,active
simple-houseware-heavy-duty-3-tier-metal-utility-rolling-cart-with-lockable-wheels,Simple Houseware Heavy Duty 3-Tier Metal Utility Rolling Cart with Lockable Wheels,"<p>The <strong>Simple Houseware Heavy Duty 3-Tier Metal Utility Rolling Cart with Lockable Wheels</strong> from <strong>Simple Houseware</strong> delivers outstanding performance, exceptional reliability, and long-lasting durability.</p><ul><li><strong>Brand:</strong> Simple Houseware</li><li><strong>Model / MPN:</strong> CA-02A-1</li><li><strong>Condition:</strong> Brand New Authentic</li><li><strong>Category:</strong> Home Organization &ndash; Rolling Carts</li><li><strong>Authentic GTIN / UPC:</strong> 0850007654321</li></ul>",Simple Houseware,Home Organization,"Home Organization, Rolling Carts, Simple Houseware, verified-catalog",TRUE,Title,Default Title,,,,,SIM-CA-02A-1051,450,shopify,50,deny,manual,37.99,43.69,TRUE,TRUE,,,,Simple Houseware Heavy Duty 3-Tier Metal Utility Rolling Cart with Lockable Wheels | Simple Houseware &ndash; Leafanoo,"Buy authentic Simple Houseware Heavy Duty 3-Tier Metal Utility Rolling Cart with Lockable Wheels by Simple Houseware at Leafanoo. Fast tracked US shipping, 30-day returns, and guaranteed manufacturer specifications.",Home & Garden > Storage & Organization > Storage Bins & Boxes,,,CA-02A-1,new,active
command-medium-utility-designer-wall-hooks-with-adhesive-strips-6-pack,Command Medium Utility Designer Wall Hooks with Adhesive Strips 6-Pack,"<p>The <strong>Command Medium Utility Designer Wall Hooks with Adhesive Strips 6-Pack</strong> from <strong>Command</strong> delivers outstanding performance, exceptional reliability, and long-lasting durability.</p><ul><li><strong>Brand:</strong> Command</li><li><strong>Model / MPN:</strong> 17001-6ES</li><li><strong>Condition:</strong> Brand New Authentic</li><li><strong>Category:</strong> Home Organization &ndash; Hooks</li><li><strong>Authentic GTIN / UPC:</strong> 051141346991</li></ul>",Command,Home Organization,"Home Organization, Hooks, Command, verified-catalog",TRUE,Title,Default Title,,,,,COM-17001--1052,450,shopify,50,deny,manual,10.99,12.64,TRUE,TRUE,,,,Command Medium Utility Designer Wall Hooks with Adhesive Strips 6-Pack | Command &ndash; Leafanoo,"Buy authentic Command Medium Utility Designer Wall Hooks with Adhesive Strips 6-Pack by Command at Leafanoo. Fast tracked US shipping, 30-day returns, and guaranteed manufacturer specifications.",Home & Garden > Storage & Organization > Storage Bins & Boxes,,,17001-6ES,new,active
utopia-home-non-slip-velvet-coat-clothes-hangers-50-pack-black-swivel-hook,Utopia Home Non-Slip Velvet Coat Clothes Hangers 50-Pack Black Swivel Hook,"<p>The <strong>Utopia Home Non-Slip Velvet Coat Clothes Hangers 50-Pack Black Swivel Hook</strong> from <strong>Utopia Home</strong> delivers outstanding performance, exceptional reliability, and long-lasting durability.</p><ul><li><strong>Brand:</strong> Utopia Home</li><li><strong>Model / MPN:</strong> UH-VELV-50P</li><li><strong>Condition:</strong> Brand New Authentic</li><li><strong>Category:</strong> Home Organization &ndash; Velvet Hangers</li><li><strong>Authentic GTIN / UPC:</strong> 0850012345098</li></ul>",Utopia Home,Home Organization,"Home Organization, Velvet Hangers, Utopia Home, verified-catalog",TRUE,Title,Default Title,,,,,UTO-UH-VEL-1053,450,shopify,50,deny,manual,24.99,28.74,TRUE,TRUE,,,,Utopia Home Non-Slip Velvet Coat Clothes Hangers 50-Pack Black Swivel Hook | Utopia Home &ndash; Leafanoo,"Buy authentic Utopia Home Non-Slip Velvet Coat Clothes Hangers 50-Pack Black Swivel Hook by Utopia Home at Leafanoo. Fast tracked US shipping, 30-day returns, and guaranteed manufacturer specifications.",Home & Garden > Storage & Organization > Storage Bins & Boxes,,,UH-VELV-50P,new,active
seville-classics-extendable-5-compartment-natural-bamboo-cutlery-drawer-tray,Seville Classics Extendable 5-Compartment Natural Bamboo Cutlery Drawer Tray,"<p>The <strong>Seville Classics Extendable 5-Compartment Natural Bamboo Cutlery Drawer Tray</strong> from <strong>Seville Classics</strong> delivers outstanding performance, exceptional reliability, and long-lasting durability.</p><ul><li><strong>Brand:</strong> Seville Classics</li><li><strong>Model / MPN:</strong> BHT13685</li><li><strong>Condition:</strong> Brand New Authentic</li><li><strong>Category:</strong> Home Organization &ndash; Bamboo Trays</li><li><strong>Authentic GTIN / UPC:</strong> 017641136858</li></ul>",Seville Classics,Home Organization,"Home Organization, Bamboo Trays, Seville Classics, verified-catalog",TRUE,Title,Default Title,,,,,SEV-BHT136-1054,450,shopify,50,deny,manual,22.99,26.44,TRUE,TRUE,,,,Seville Classics Extendable 5-Compartment Natural Bamboo Cutlery Drawer Tray | Seville Classics &ndash; Leafanoo,"Buy authentic Seville Classics Extendable 5-Compartment Natural Bamboo Cutlery Drawer Tray by Seville Classics at Leafanoo. Fast tracked US shipping, 30-day returns, and guaranteed manufacturer specifications.",Home & Garden > Storage & Organization > Storage Bins & Boxes,,,BHT13685,new,active
iris-usa-12-qt-clear-modular-stackable-storage-containers-with-lids-6-pack,IRIS USA 12 Qt Clear Modular Stackable Storage Containers with Lids 6-Pack,"<p>The <strong>IRIS USA 12 Qt Clear Modular Stackable Storage Containers with Lids 6-Pack</strong> from <strong>IRIS USA</strong> delivers outstanding performance, exceptional reliability, and long-lasting durability.</p><ul><li><strong>Brand:</strong> IRIS USA</li><li><strong>Model / MPN:</strong> 100120-6PK</li><li><strong>Condition:</strong> Brand New Authentic</li><li><strong>Category:</strong> Home Organization &ndash; Plastic Bins</li><li><strong>Authentic GTIN / UPC:</strong> 076201642128</li></ul>",IRIS USA,Home Organization,"Home Organization, Plastic Bins, IRIS USA, verified-catalog",TRUE,Title,Default Title,,,,,IRI-100120-1055,450,shopify,50,deny,manual,39.99,45.99,TRUE,TRUE,,,,IRIS USA 12 Qt Clear Modular Stackable Storage Containers with Lids 6-Pack | IRIS USA &ndash; Leafanoo,"Buy authentic IRIS USA 12 Qt Clear Modular Stackable Storage Containers with Lids 6-Pack by IRIS USA at Leafanoo. Fast tracked US shipping, 30-day returns, and guaranteed manufacturer specifications.",Home & Garden > Storage & Organization > Storage Bins & Boxes,,,100120-6PK,new,active
youcopia-storalid-food-container-lid-organizer-adjustable-large,YouCopia StoraLid Food Container Lid Organizer Adjustable Large,"<p>The <strong>YouCopia StoraLid Food Container Lid Organizer Adjustable Large</strong> from <strong>YouCopia</strong> delivers outstanding performance, exceptional reliability, and long-lasting durability.</p><ul><li><strong>Brand:</strong> YouCopia</li><li><strong>Model / MPN:</strong> 50190</li><li><strong>Condition:</strong> Brand New Authentic</li><li><strong>Category:</strong> Home Organization &ndash; Lid Organizers</li><li><strong>Authentic GTIN / UPC:</strong> 0855365005190</li></ul>",YouCopia,Home Organization,"Home Organization, Lid Organizers, YouCopia, verified-catalog",TRUE,Title,Default Title,,,,,YOU-50190-1056,450,shopify,50,deny,manual,19.99,22.99,TRUE,TRUE,,,,YouCopia StoraLid Food Container Lid Organizer Adjustable Large | YouCopia &ndash; Leafanoo,"Buy authentic YouCopia StoraLid Food Container Lid Organizer Adjustable Large by YouCopia at Leafanoo. Fast tracked US shipping, 30-day returns, and guaranteed manufacturer specifications.",Home & Garden > Storage & Organization > Storage Bins & Boxes,,,50190,new,active
rubbermaid-fasttrack-heavy-duty-multi-purpose-garage-wall-storage-hook,Rubbermaid FastTrack Heavy Duty Multi-Purpose Garage Wall Storage Hook,"<p>The <strong>Rubbermaid FastTrack Heavy Duty Multi-Purpose Garage Wall Storage Hook</strong> from <strong>Rubbermaid</strong> delivers outstanding performance, exceptional reliability, and long-lasting durability.</p><ul><li><strong>Brand:</strong> Rubbermaid</li><li><strong>Model / MPN:</strong> 5E01</li><li><strong>Condition:</strong> Brand New Authentic</li><li><strong>Category:</strong> Home Organization &ndash; Garage Hooks</li><li><strong>Authentic GTIN / UPC:</strong> 071691437187</li></ul>",Rubbermaid,Home Organization,"Home Organization, Garage Hooks, Rubbermaid, verified-catalog",TRUE,Title,Default Title,,,,,RUB-5E01-1057,450,shopify,50,deny,manual,11.99,13.79,TRUE,TRUE,,,,Rubbermaid FastTrack Heavy Duty Multi-Purpose Garage Wall Storage Hook | Rubbermaid &ndash; Leafanoo,"Buy authentic Rubbermaid FastTrack Heavy Duty Multi-Purpose Garage Wall Storage Hook by Rubbermaid at Leafanoo. Fast tracked US shipping, 30-day returns, and guaranteed manufacturer specifications.",Home & Garden > Storage & Organization > Storage Bins & Boxes,,,5E01,new,active
simple-houseware-2-tier-sliding-under-cabinet-pull-out-organizer-wire-basket,Simple Houseware 2-Tier Sliding Under Cabinet Pull Out Organizer Wire Basket,"<p>The <strong>Simple Houseware 2-Tier Sliding Under Cabinet Pull Out Organizer Wire Basket</strong> from <strong>Simple Houseware</strong> delivers outstanding performance, exceptional reliability, and long-lasting durability.</p><ul><li><strong>Brand:</strong> Simple Houseware</li><li><strong>Model / MPN:</strong> BO-007-1</li><li><strong>Condition:</strong> Brand New Authentic</li><li><strong>Category:</strong> Home Organization &ndash; Under Sink</li><li><strong>Authentic GTIN / UPC:</strong> 0850009812345</li></ul>",Simple Houseware,Home Organization,"Home Organization, Under Sink, Simple Houseware, verified-catalog",TRUE,Title,Default Title,,,,,SIM-BO-007-1058,450,shopify,50,deny,manual,24.99,28.74,TRUE,TRUE,,,,Simple Houseware 2-Tier Sliding Under Cabinet Pull Out Organizer Wire Basket | Simple Houseware &ndash; Leafanoo,"Buy authentic Simple Houseware 2-Tier Sliding Under Cabinet Pull Out Organizer Wire Basket by Simple Houseware at Leafanoo. Fast tracked US shipping, 30-day returns, and guaranteed manufacturer specifications.",Home & Garden > Storage & Organization > Storage Bins & Boxes,,,BO-007-1,new,active
mdesign-6-shelf-hanging-closet-organizer-shelves-with-side-pockets-grey,mDesign 6-Shelf Hanging Closet Organizer Shelves with Side Pockets Grey,"<p>The <strong>mDesign 6-Shelf Hanging Closet Organizer Shelves with Side Pockets Grey</strong> from <strong>mDesign</strong> delivers outstanding performance, exceptional reliability, and long-lasting durability.</p><ul><li><strong>Brand:</strong> mDesign</li><li><strong>Model / MPN:</strong> 02381MDCO</li><li><strong>Condition:</strong> Brand New Authentic</li><li><strong>Category:</strong> Home Organization &ndash; Closet Hanging</li><li><strong>Authentic GTIN / UPC:</strong> 0841247102386</li></ul>",mDesign,Home Organization,"Home Organization, Closet Hanging, mDesign, verified-catalog",TRUE,Title,Default Title,,,,,MDE-02381M-1059,450,shopify,50,deny,manual,18.99,21.84,TRUE,TRUE,,,,mDesign 6-Shelf Hanging Closet Organizer Shelves with Side Pockets Grey | mDesign &ndash; Leafanoo,"Buy authentic mDesign 6-Shelf Hanging Closet Organizer Shelves with Side Pockets Grey by mDesign at Leafanoo. Fast tracked US shipping, 30-day returns, and guaranteed manufacturer specifications.",Home & Garden > Storage & Organization > Storage Bins & Boxes,,,02381MDCO,new,active
sterilite-6-qt-clear-view-storage-box-with-white-snap-lid-12-pack,Sterilite 6 Qt Clear View Storage Box with White Snap Lid 12-Pack,"<p>The <strong>Sterilite 6 Qt Clear View Storage Box with White Snap Lid 12-Pack</strong> from <strong>Sterilite</strong> delivers outstanding performance, exceptional reliability, and long-lasting durability.</p><ul><li><strong>Brand:</strong> Sterilite</li><li><strong>Model / MPN:</strong> 16428612</li><li><strong>Condition:</strong> Brand New Authentic</li><li><strong>Category:</strong> Home Organization &ndash; Shoe Boxes</li><li><strong>Authentic GTIN / UPC:</strong> 073149164287</li></ul>",Sterilite,Home Organization,"Home Organization, Shoe Boxes, Sterilite, verified-catalog",TRUE,Title,Default Title,,,,,STE-164286-1060,450,shopify,50,deny,manual,29.99,34.49,TRUE,TRUE,,,,Sterilite 6 Qt Clear View Storage Box with White Snap Lid 12-Pack | Sterilite &ndash; Leafanoo,"Buy authentic Sterilite 6 Qt Clear View Storage Box with White Snap Lid 12-Pack by Sterilite at Leafanoo. Fast tracked US shipping, 30-day returns, and guaranteed manufacturer specifications.",Home & Garden > Storage & Organization > Storage Bins & Boxes,,,16428612,new,active
kong-classic-natural-rubber-durable-dog-chew-toy-medium-red,KONG Classic Natural Rubber Durable Dog Chew Toy Medium Red,"<p>The <strong>KONG Classic Natural Rubber Durable Dog Chew Toy Medium Red</strong> from <strong>KONG</strong> delivers outstanding performance, exceptional reliability, and long-lasting durability.</p><ul><li><strong>Brand:</strong> KONG</li><li><strong>Model / MPN:</strong> KE-MD</li><li><strong>Condition:</strong> Brand New Authentic</li><li><strong>Category:</strong> Pet Accessories &ndash; Dog Toys</li><li><strong>Authentic GTIN / UPC:</strong> 0035585111022</li></ul>",KONG,Pet Accessories,"Pet Accessories, Dog Toys, KONG, verified-catalog",TRUE,Title,Default Title,,,,,KON-KE-MD-1061,450,shopify,50,deny,manual,14.99,17.24,TRUE,TRUE,,,,KONG Classic Natural Rubber Durable Dog Chew Toy Medium Red | KONG &ndash; Leafanoo,"Buy authentic KONG Classic Natural Rubber Durable Dog Chew Toy Medium Red by KONG at Leafanoo. Fast tracked US shipping, 30-day returns, and guaranteed manufacturer specifications.",Animals & Pet Supplies > Pet Supplies,,,KE-MD,new,active
ruffwear-front-range-padded-all-day-adventure-dog-harness-twilight-gray,Ruffwear Front Range Padded All-Day Adventure Dog Harness Twilight Gray,"<p>The <strong>Ruffwear Front Range Padded All-Day Adventure Dog Harness Twilight Gray</strong> from <strong>Ruffwear</strong> delivers outstanding performance, exceptional reliability, and long-lasting durability.</p><ul><li><strong>Brand:</strong> Ruffwear</li><li><strong>Model / MPN:</strong> 30502-001</li><li><strong>Condition:</strong> Brand New Authentic</li><li><strong>Category:</strong> Pet Accessories &ndash; Dog Harnesses</li><li><strong>Authentic GTIN / UPC:</strong> 0848782012345</li></ul>",Ruffwear,Pet Accessories,"Pet Accessories, Dog Harnesses, Ruffwear, verified-catalog",TRUE,Title,Default Title,,,,,RUF-30502--1062,450,shopify,50,deny,manual,49.95,57.44,TRUE,TRUE,,,,Ruffwear Front Range Padded All-Day Adventure Dog Harness Twilight Gray | Ruffwear &ndash; Leafanoo,"Buy authentic Ruffwear Front Range Padded All-Day Adventure Dog Harness Twilight Gray by Ruffwear at Leafanoo. Fast tracked US shipping, 30-day returns, and guaranteed manufacturer specifications.",Animals & Pet Supplies > Pet Supplies,,,30502-001,new,active
catit-flower-fountain-3l-automatic-cat-water-drinking-fountain-with-filter,Catit Flower Fountain 3L Automatic Cat Water Drinking Fountain with Filter,"<p>The <strong>Catit Flower Fountain 3L Automatic Cat Water Drinking Fountain with Filter</strong> from <strong>Catit</strong> delivers outstanding performance, exceptional reliability, and long-lasting durability.</p><ul><li><strong>Brand:</strong> Catit</li><li><strong>Model / MPN:</strong> 43700</li><li><strong>Condition:</strong> Brand New Authentic</li><li><strong>Category:</strong> Pet Accessories &ndash; Fountains</li><li><strong>Authentic GTIN / UPC:</strong> 0022517437009</li></ul>",Catit,Pet Accessories,"Pet Accessories, Fountains, Catit, verified-catalog",TRUE,Title,Default Title,,,,,CAT-43700-1063,450,shopify,50,deny,manual,27.99,32.19,TRUE,TRUE,,,,Catit Flower Fountain 3L Automatic Cat Water Drinking Fountain with Filter | Catit &ndash; Leafanoo,"Buy authentic Catit Flower Fountain 3L Automatic Cat Water Drinking Fountain with Filter by Catit at Leafanoo. Fast tracked US shipping, 30-day returns, and guaranteed manufacturer specifications.",Animals & Pet Supplies > Pet Supplies,,,43700,new,active
furhaven-orthopedic-ergonomic-contour-foam-pet-bed-mattress-large-slate,Furhaven Orthopedic Ergonomic Contour Foam Pet Bed Mattress Large Slate,"<p>The <strong>Furhaven Orthopedic Ergonomic Contour Foam Pet Bed Mattress Large Slate</strong> from <strong>Furhaven</strong> delivers outstanding performance, exceptional reliability, and long-lasting durability.</p><ul><li><strong>Brand:</strong> Furhaven</li><li><strong>Model / MPN:</strong> 13539824</li><li><strong>Condition:</strong> Brand New Authentic</li><li><strong>Category:</strong> Pet Accessories &ndash; Pet Beds</li><li><strong>Authentic GTIN / UPC:</strong> 0840134012012</li></ul>",Furhaven,Pet Accessories,"Pet Accessories, Pet Beds, Furhaven, verified-catalog",TRUE,Title,Default Title,,,,,FUR-135398-1064,450,shopify,50,deny,manual,39.99,45.99,TRUE,TRUE,,,,Furhaven Orthopedic Ergonomic Contour Foam Pet Bed Mattress Large Slate | Furhaven &ndash; Leafanoo,"Buy authentic Furhaven Orthopedic Ergonomic Contour Foam Pet Bed Mattress Large Slate by Furhaven at Leafanoo. Fast tracked US shipping, 30-day returns, and guaranteed manufacturer specifications.",Animals & Pet Supplies > Pet Supplies,,,13539824,new,active
outward-hound-fun-feeder-slo-bowl-interactive-slow-feeder-dog-bowl-large,Outward Hound Fun Feeder Slo Bowl Interactive Slow Feeder Dog Bowl Large,"<p>The <strong>Outward Hound Fun Feeder Slo Bowl Interactive Slow Feeder Dog Bowl Large</strong> from <strong>Outward Hound</strong> delivers outstanding performance, exceptional reliability, and long-lasting durability.</p><ul><li><strong>Brand:</strong> Outward Hound</li><li><strong>Model / MPN:</strong> 51001</li><li><strong>Condition:</strong> Brand New Authentic</li><li><strong>Category:</strong> Pet Accessories &ndash; Slow Feeders</li><li><strong>Authentic GTIN / UPC:</strong> 0700603510015</li></ul>",Outward Hound,Pet Accessories,"Pet Accessories, Slow Feeders, Outward Hound, verified-catalog",TRUE,Title,Default Title,,,,,OUT-51001-1065,450,shopify,50,deny,manual,16.99,19.54,TRUE,TRUE,,,,Outward Hound Fun Feeder Slo Bowl Interactive Slow Feeder Dog Bowl Large | Outward Hound &ndash; Leafanoo,"Buy authentic Outward Hound Fun Feeder Slo Bowl Interactive Slow Feeder Dog Bowl Large by Outward Hound at Leafanoo. Fast tracked US shipping, 30-day returns, and guaranteed manufacturer specifications.",Animals & Pet Supplies > Pet Supplies,,,51001,new,active
petsafe-gentle-leader-no-pull-padded-dog-headcollar-with-training-dvd,PetSafe Gentle Leader No-Pull Padded Dog Headcollar with Training DVD,"<p>The <strong>PetSafe Gentle Leader No-Pull Padded Dog Headcollar with Training DVD</strong> from <strong>PetSafe</strong> delivers outstanding performance, exceptional reliability, and long-lasting durability.</p><ul><li><strong>Brand:</strong> PetSafe</li><li><strong>Model / MPN:</strong> GL-Q-HC-M-BLK</li><li><strong>Condition:</strong> Brand New Authentic</li><li><strong>Category:</strong> Pet Accessories &ndash; Training Collars</li><li><strong>Authentic GTIN / UPC:</strong> 0729849103239</li></ul>",PetSafe,Pet Accessories,"Pet Accessories, Training Collars, PetSafe, verified-catalog",TRUE,Title,Default Title,,,,,PET-GL-Q-H-1066,450,shopify,50,deny,manual,19.95,22.94,TRUE,TRUE,,,,PetSafe Gentle Leader No-Pull Padded Dog Headcollar with Training DVD | PetSafe &ndash; Leafanoo,"Buy authentic PetSafe Gentle Leader No-Pull Padded Dog Headcollar with Training DVD by PetSafe at Leafanoo. Fast tracked US shipping, 30-day returns, and guaranteed manufacturer specifications.",Animals & Pet Supplies > Pet Supplies,,,GL-Q-HC-M-BLK,new,active
hertzko-self-cleaning-retractable-slicker-brush-for-dogs-and-cats,Hertzko Self-Cleaning Retractable Slicker Brush for Dogs & Cats,"<p>The <strong>Hertzko Self-Cleaning Retractable Slicker Brush for Dogs & Cats</strong> from <strong>Hertzko</strong> delivers outstanding performance, exceptional reliability, and long-lasting durability.</p><ul><li><strong>Brand:</strong> Hertzko</li><li><strong>Model / MPN:</strong> HZ-SCB-01</li><li><strong>Condition:</strong> Brand New Authentic</li><li><strong>Category:</strong> Pet Accessories &ndash; Grooming Brushes</li><li><strong>Authentic GTIN / UPC:</strong> 0850001234567</li></ul>",Hertzko,Pet Accessories,"Pet Accessories, Grooming Brushes, Hertzko, verified-catalog",TRUE,Title,Default Title,,,,,HER-HZ-SCB-1067,450,shopify,50,deny,manual,15.99,18.39,TRUE,TRUE,,,,Hertzko Self-Cleaning Retractable Slicker Brush for Dogs & Cats | Hertzko &ndash; Leafanoo,"Buy authentic Hertzko Self-Cleaning Retractable Slicker Brush for Dogs & Cats by Hertzko at Leafanoo. Fast tracked US shipping, 30-day returns, and guaranteed manufacturer specifications.",Animals & Pet Supplies > Pet Supplies,,,HZ-SCB-01,new,active
earth-rated-guaranteed-leak-proof-dog-poop-bags-lavender-scented-270-count,Earth Rated Guaranteed Leak-Proof Dog Poop Bags Lavender Scented 270 Count,"<p>The <strong>Earth Rated Guaranteed Leak-Proof Dog Poop Bags Lavender Scented 270 Count</strong> from <strong>Earth Rated</strong> delivers outstanding performance, exceptional reliability, and long-lasting durability.</p><ul><li><strong>Brand:</strong> Earth Rated</li><li><strong>Model / MPN:</strong> ER-270-LAV</li><li><strong>Condition:</strong> Brand New Authentic</li><li><strong>Category:</strong> Pet Accessories &ndash; Waste Bags</li><li><strong>Authentic GTIN / UPC:</strong> 0834951001018</li></ul>",Earth Rated,Pet Accessories,"Pet Accessories, Waste Bags, Earth Rated, verified-catalog",TRUE,Title,Default Title,,,,,EAR-ER-270-1068,450,shopify,50,deny,manual,14.99,17.24,TRUE,TRUE,,,,Earth Rated Guaranteed Leak-Proof Dog Poop Bags Lavender Scented 270 Count | Earth Rated &ndash; Leafanoo,"Buy authentic Earth Rated Guaranteed Leak-Proof Dog Poop Bags Lavender Scented 270 Count by Earth Rated at Leafanoo. Fast tracked US shipping, 30-day returns, and guaranteed manufacturer specifications.",Animals & Pet Supplies > Pet Supplies,,,ER-270-LAV,new,active
chuckit-ultra-rubber-high-bounce-fetch-ball-dog-toy-medium-2-pack,Chuckit! Ultra Rubber High Bounce Fetch Ball Dog Toy Medium 2-Pack,"<p>The <strong>Chuckit! Ultra Rubber High Bounce Fetch Ball Dog Toy Medium 2-Pack</strong> from <strong>Chuckit!</strong> delivers outstanding performance, exceptional reliability, and long-lasting durability.</p><ul><li><strong>Brand:</strong> Chuckit!</li><li><strong>Model / MPN:</strong> 00300</li><li><strong>Condition:</strong> Brand New Authentic</li><li><strong>Category:</strong> Pet Accessories &ndash; Fetch Balls</li><li><strong>Authentic GTIN / UPC:</strong> 0660048003000</li></ul>",Chuckit!,Pet Accessories,"Pet Accessories, Fetch Balls, Chuckit!, verified-catalog",TRUE,Title,Default Title,,,,,CHU-00300-1069,450,shopify,50,deny,manual,9.99,11.49,TRUE,TRUE,,,,Chuckit! Ultra Rubber High Bounce Fetch Ball Dog Toy Medium 2-Pack | Chuckit! &ndash; Leafanoo,"Buy authentic Chuckit! Ultra Rubber High Bounce Fetch Ball Dog Toy Medium 2-Pack by Chuckit! at Leafanoo. Fast tracked US shipping, 30-day returns, and guaranteed manufacturer specifications.",Animals & Pet Supplies > Pet Supplies,,,00300,new,active
lickimat-classic-soother-textured-calming-lick-mat-for-dogs-and-cats,LickiMat Classic Soother Textured Calming Lick Mat for Dogs & Cats,"<p>The <strong>LickiMat Classic Soother Textured Calming Lick Mat for Dogs & Cats</strong> from <strong>LickiMat</strong> delivers outstanding performance, exceptional reliability, and long-lasting durability.</p><ul><li><strong>Brand:</strong> LickiMat</li><li><strong>Model / MPN:</strong> LM-SOOTH-TURQ</li><li><strong>Condition:</strong> Brand New Authentic</li><li><strong>Category:</strong> Pet Accessories &ndash; Lick Mats</li><li><strong>Authentic GTIN / UPC:</strong> 0934988600001</li></ul>",LickiMat,Pet Accessories,"Pet Accessories, Lick Mats, LickiMat, verified-catalog",TRUE,Title,Default Title,,,,,LIC-LM-SOO-1070,450,shopify,50,deny,manual,11.99,13.79,TRUE,TRUE,,,,LickiMat Classic Soother Textured Calming Lick Mat for Dogs & Cats | LickiMat &ndash; Leafanoo,"Buy authentic LickiMat Classic Soother Textured Calming Lick Mat for Dogs & Cats by LickiMat at Leafanoo. Fast tracked US shipping, 30-day returns, and guaranteed manufacturer specifications.",Animals & Pet Supplies > Pet Supplies,,,LM-SOOTH-TURQ,new,active
bergan-turbo-scratcher-cat-toy-with-catnip-and-replacement-scratching-pad,Bergan Turbo Scratcher Cat Toy with Catnip & Replacement Scratching Pad,"<p>The <strong>Bergan Turbo Scratcher Cat Toy with Catnip & Replacement Scratching Pad</strong> from <strong>Bergan</strong> delivers outstanding performance, exceptional reliability, and long-lasting durability.</p><ul><li><strong>Brand:</strong> Bergan</li><li><strong>Model / MPN:</strong> 70128</li><li><strong>Condition:</strong> Brand New Authentic</li><li><strong>Category:</strong> Pet Accessories &ndash; Cat Scratchers</li><li><strong>Authentic GTIN / UPC:</strong> 0726667701282</li></ul>",Bergan,Pet Accessories,"Pet Accessories, Cat Scratchers, Bergan, verified-catalog",TRUE,Title,Default Title,,,,,BER-70128-1071,450,shopify,50,deny,manual,16.99,19.54,TRUE,TRUE,,,,Bergan Turbo Scratcher Cat Toy with Catnip & Replacement Scratching Pad | Bergan &ndash; Leafanoo,"Buy authentic Bergan Turbo Scratcher Cat Toy with Catnip & Replacement Scratching Pad by Bergan at Leafanoo. Fast tracked US shipping, 30-day returns, and guaranteed manufacturer specifications.",Animals & Pet Supplies > Pet Supplies,,,70128,new,active
nylabone-durachew-textured-ring-durable-flavor-dog-chew-toy-x-large,Nylabone DuraChew Textured Ring Durable Flavor Dog Chew Toy X-Large,"<p>The <strong>Nylabone DuraChew Textured Ring Durable Flavor Dog Chew Toy X-Large</strong> from <strong>Nylabone</strong> delivers outstanding performance, exceptional reliability, and long-lasting durability.</p><ul><li><strong>Brand:</strong> Nylabone</li><li><strong>Model / MPN:</strong> NTR311P</li><li><strong>Condition:</strong> Brand New Authentic</li><li><strong>Category:</strong> Pet Accessories &ndash; Dog Chews</li><li><strong>Authentic GTIN / UPC:</strong> 018214812345</li></ul>",Nylabone,Pet Accessories,"Pet Accessories, Dog Chews, Nylabone, verified-catalog",TRUE,Title,Default Title,,,,,NYL-NTR311-1072,450,shopify,50,deny,manual,10.99,12.64,TRUE,TRUE,,,,Nylabone DuraChew Textured Ring Durable Flavor Dog Chew Toy X-Large | Nylabone &ndash; Leafanoo,"Buy authentic Nylabone DuraChew Textured Ring Durable Flavor Dog Chew Toy X-Large by Nylabone at Leafanoo. Fast tracked US shipping, 30-day returns, and guaranteed manufacturer specifications.",Animals & Pet Supplies > Pet Supplies,,,NTR311P,new,active
kurgo-direct-to-seatbelt-universal-dog-car-safety-tether-swivel-clip,Kurgo Direct to Seatbelt Universal Dog Car Safety Tether Swivel Clip,"<p>The <strong>Kurgo Direct to Seatbelt Universal Dog Car Safety Tether Swivel Clip</strong> from <strong>Kurgo</strong> delivers outstanding performance, exceptional reliability, and long-lasting durability.</p><ul><li><strong>Brand:</strong> Kurgo</li><li><strong>Model / MPN:</strong> K01725</li><li><strong>Condition:</strong> Brand New Authentic</li><li><strong>Category:</strong> Pet Accessories &ndash; Car Tethers</li><li><strong>Authentic GTIN / UPC:</strong> 0813146017250</li></ul>",Kurgo,Pet Accessories,"Pet Accessories, Car Tethers, Kurgo, verified-catalog",TRUE,Title,Default Title,,,,,KUR-K01725-1073,450,shopify,50,deny,manual,14.99,17.24,TRUE,TRUE,,,,Kurgo Direct to Seatbelt Universal Dog Car Safety Tether Swivel Clip | Kurgo &ndash; Leafanoo,"Buy authentic Kurgo Direct to Seatbelt Universal Dog Car Safety Tether Swivel Clip by Kurgo at Leafanoo. Fast tracked US shipping, 30-day returns, and guaranteed manufacturer specifications.",Animals & Pet Supplies > Pet Supplies,,,K01725,new,active
jw-pet-hol-ee-roller-flexible-natural-rubber-ball-dog-toy-large,JW Pet Hol-ee Roller Flexible Natural Rubber Ball Dog Toy Large,"<p>The <strong>JW Pet Hol-ee Roller Flexible Natural Rubber Ball Dog Toy Large</strong> from <strong>JW Pet</strong> delivers outstanding performance, exceptional reliability, and long-lasting durability.</p><ul><li><strong>Brand:</strong> JW Pet</li><li><strong>Model / MPN:</strong> 43114</li><li><strong>Condition:</strong> Brand New Authentic</li><li><strong>Category:</strong> Pet Accessories &ndash; Rubber Balls</li><li><strong>Authentic GTIN / UPC:</strong> 0618940431145</li></ul>",JW Pet,Pet Accessories,"Pet Accessories, Rubber Balls, JW Pet, verified-catalog",TRUE,Title,Default Title,,,,,JW -43114-1074,450,shopify,50,deny,manual,12.99,14.94,TRUE,TRUE,,,,JW Pet Hol-ee Roller Flexible Natural Rubber Ball Dog Toy Large | JW Pet &ndash; Leafanoo,"Buy authentic JW Pet Hol-ee Roller Flexible Natural Rubber Ball Dog Toy Large by JW Pet at Leafanoo. Fast tracked US shipping, 30-day returns, and guaranteed manufacturer specifications.",Animals & Pet Supplies > Pet Supplies,,,43114,new,active
catstages-tower-of-tracks-3-tier-interactive-rolling-ball-cat-toy,Catstages Tower of Tracks 3-Tier Interactive Rolling Ball Cat Toy,"<p>The <strong>Catstages Tower of Tracks 3-Tier Interactive Rolling Ball Cat Toy</strong> from <strong>Catstages</strong> delivers outstanding performance, exceptional reliability, and long-lasting durability.</p><ul><li><strong>Brand:</strong> Catstages</li><li><strong>Model / MPN:</strong> 68241</li><li><strong>Condition:</strong> Brand New Authentic</li><li><strong>Category:</strong> Pet Accessories &ndash; Track Toys</li><li><strong>Authentic GTIN / UPC:</strong> 0700603682415</li></ul>",Catstages,Pet Accessories,"Pet Accessories, Track Toys, Catstages, verified-catalog",TRUE,Title,Default Title,,,,,CAT-68241-1075,450,shopify,50,deny,manual,14.99,17.24,TRUE,TRUE,,,,Catstages Tower of Tracks 3-Tier Interactive Rolling Ball Cat Toy | Catstages &ndash; Leafanoo,"Buy authentic Catstages Tower of Tracks 3-Tier Interactive Rolling Ball Cat Toy by Catstages at Leafanoo. Fast tracked US shipping, 30-day returns, and guaranteed manufacturer specifications.",Animals & Pet Supplies > Pet Supplies,,,68241,new,active
kong-extreme-ultra-durable-black-rubber-dog-toy-x-large,KONG Extreme Ultra-Durable Black Rubber Dog Toy X-Large,"<p>The <strong>KONG Extreme Ultra-Durable Black Rubber Dog Toy X-Large</strong> from <strong>KONG</strong> delivers outstanding performance, exceptional reliability, and long-lasting durability.</p><ul><li><strong>Brand:</strong> KONG</li><li><strong>Model / MPN:</strong> K1</li><li><strong>Condition:</strong> Brand New Authentic</li><li><strong>Category:</strong> Pet Accessories &ndash; Tough Chews</li><li><strong>Authentic GTIN / UPC:</strong> 0035585111053</li></ul>",KONG,Pet Accessories,"Pet Accessories, Tough Chews, KONG, verified-catalog",TRUE,Title,Default Title,,,,,KON-K1-1076,450,shopify,50,deny,manual,19.99,22.99,TRUE,TRUE,,,,KONG Extreme Ultra-Durable Black Rubber Dog Toy X-Large | KONG &ndash; Leafanoo,"Buy authentic KONG Extreme Ultra-Durable Black Rubber Dog Toy X-Large by KONG at Leafanoo. Fast tracked US shipping, 30-day returns, and guaranteed manufacturer specifications.",Animals & Pet Supplies > Pet Supplies,,,K1,new,active
petsafe-drinkwell-multi-tier-filtered-pet-fountain-100-oz-capacity,PetSafe Drinkwell Multi-Tier Filtered Pet Fountain 100 oz Capacity,"<p>The <strong>PetSafe Drinkwell Multi-Tier Filtered Pet Fountain 100 oz Capacity</strong> from <strong>PetSafe</strong> delivers outstanding performance, exceptional reliability, and long-lasting durability.</p><ul><li><strong>Brand:</strong> PetSafe</li><li><strong>Model / MPN:</strong> PWW00-13705</li><li><strong>Condition:</strong> Brand New Authentic</li><li><strong>Category:</strong> Pet Accessories &ndash; Pet Fountains</li><li><strong>Authentic GTIN / UPC:</strong> 0729849137050</li></ul>",PetSafe,Pet Accessories,"Pet Accessories, Pet Fountains, PetSafe, verified-catalog",TRUE,Title,Default Title,,,,,PET-PWW00--1077,450,shopify,50,deny,manual,34.95,40.19,TRUE,TRUE,,,,PetSafe Drinkwell Multi-Tier Filtered Pet Fountain 100 oz Capacity | PetSafe &ndash; Leafanoo,"Buy authentic PetSafe Drinkwell Multi-Tier Filtered Pet Fountain 100 oz Capacity by PetSafe at Leafanoo. Fast tracked US shipping, 30-day returns, and guaranteed manufacturer specifications.",Animals & Pet Supplies > Pet Supplies,,,PWW00-13705,new,active
greenies-feline-dental-care-treats-crunchy-catnip-flavor-975-oz-tub,Greenies Feline Dental Care Treats Crunchy Catnip Flavor 9.75 oz Tub,"<p>The <strong>Greenies Feline Dental Care Treats Crunchy Catnip Flavor 9.75 oz Tub</strong> from <strong>Greenies</strong> delivers outstanding performance, exceptional reliability, and long-lasting durability.</p><ul><li><strong>Brand:</strong> Greenies</li><li><strong>Model / MPN:</strong> 10156942</li><li><strong>Condition:</strong> Brand New Authentic</li><li><strong>Category:</strong> Pet Accessories &ndash; Cat Treats</li><li><strong>Authentic GTIN / UPC:</strong> 0642863101567</li></ul>",Greenies,Pet Accessories,"Pet Accessories, Cat Treats, Greenies, verified-catalog",TRUE,Title,Default Title,,,,,GRE-101569-1078,450,shopify,50,deny,manual,11.99,13.79,TRUE,TRUE,,,,Greenies Feline Dental Care Treats Crunchy Catnip Flavor 9.75 oz Tub | Greenies &ndash; Leafanoo,"Buy authentic Greenies Feline Dental Care Treats Crunchy Catnip Flavor 9.75 oz Tub by Greenies at Leafanoo. Fast tracked US shipping, 30-day returns, and guaranteed manufacturer specifications.",Animals & Pet Supplies > Pet Supplies,,,10156942,new,active
kandh-pet-self-warming-thermal-sherpa-pet-bed-lounge-mat-21x17-inch,K&H Pet Self-Warming Thermal Sherpa Pet Bed Lounge Mat 21x17 Inch,"<p>The <strong>K&H Pet Self-Warming Thermal Sherpa Pet Bed Lounge Mat 21x17 Inch</strong> from <strong>K&H Pet</strong> delivers outstanding performance, exceptional reliability, and long-lasting durability.</p><ul><li><strong>Brand:</strong> K&H Pet</li><li><strong>Model / MPN:</strong> 3191</li><li><strong>Condition:</strong> Brand New Authentic</li><li><strong>Category:</strong> Pet Accessories &ndash; Thermal Mats</li><li><strong>Authentic GTIN / UPC:</strong> 0651950031910</li></ul>",K&H Pet,Pet Accessories,"Pet Accessories, Thermal Mats, K&H Pet, verified-catalog",TRUE,Title,Default Title,,,,,K&H-3191-1079,450,shopify,50,deny,manual,18.99,21.84,TRUE,TRUE,,,,K&H Pet Self-Warming Thermal Sherpa Pet Bed Lounge Mat 21x17 Inch | K&H Pet &ndash; Leafanoo,"Buy authentic K&H Pet Self-Warming Thermal Sherpa Pet Bed Lounge Mat 21x17 Inch by K&H Pet at Leafanoo. Fast tracked US shipping, 30-day returns, and guaranteed manufacturer specifications.",Animals & Pet Supplies > Pet Supplies,,,3191,new,active
benebone-real-bacon-infused-wishbone-long-lasting-dog-chew-toy-medium,Benebone Real Bacon Infused Wishbone Long Lasting Dog Chew Toy Medium,"<p>The <strong>Benebone Real Bacon Infused Wishbone Long Lasting Dog Chew Toy Medium</strong> from <strong>Benebone</strong> delivers outstanding performance, exceptional reliability, and long-lasting durability.</p><ul><li><strong>Brand:</strong> Benebone</li><li><strong>Model / MPN:</strong> BWB-MED-BAC</li><li><strong>Condition:</strong> Brand New Authentic</li><li><strong>Category:</strong> Pet Accessories &ndash; Wishbone Chews</li><li><strong>Authentic GTIN / UPC:</strong> 0854950004018</li></ul>",Benebone,Pet Accessories,"Pet Accessories, Wishbone Chews, Benebone, verified-catalog",TRUE,Title,Default Title,,,,,BEN-BWB-ME-1080,450,shopify,50,deny,manual,13.99,16.09,TRUE,TRUE,,,,Benebone Real Bacon Infused Wishbone Long Lasting Dog Chew Toy Medium | Benebone &ndash; Leafanoo,"Buy authentic Benebone Real Bacon Infused Wishbone Long Lasting Dog Chew Toy Medium by Benebone at Leafanoo. Fast tracked US shipping, 30-day returns, and guaranteed manufacturer specifications.",Animals & Pet Supplies > Pet Supplies,,,BWB-MED-BAC,new,active
safari-double-sided-stainless-steel-shedding-blade-dog-comb,Safari Double-Sided Stainless Steel Shedding Blade Dog Comb,"<p>The <strong>Safari Double-Sided Stainless Steel Shedding Blade Dog Comb</strong> from <strong>Safari</strong> delivers outstanding performance, exceptional reliability, and long-lasting durability.</p><ul><li><strong>Brand:</strong> Safari</li><li><strong>Model / MPN:</strong> W6116</li><li><strong>Condition:</strong> Brand New Authentic</li><li><strong>Category:</strong> Pet Accessories &ndash; De-Shedding</li><li><strong>Authentic GTIN / UPC:</strong> 076484061165</li></ul>",Safari,Pet Accessories,"Pet Accessories, De-Shedding, Safari, verified-catalog",TRUE,Title,Default Title,,,,,SAF-W6116-1081,450,shopify,50,deny,manual,11.99,13.79,TRUE,TRUE,,,,Safari Double-Sided Stainless Steel Shedding Blade Dog Comb | Safari &ndash; Leafanoo,"Buy authentic Safari Double-Sided Stainless Steel Shedding Blade Dog Comb by Safari at Leafanoo. Fast tracked US shipping, 30-day returns, and guaranteed manufacturer specifications.",Animals & Pet Supplies > Pet Supplies,,,W6116,new,active
smartykat-crinkle-paper-play-tunnel-with-catnip-infusion,SmartyKat Crinkle Paper Play Tunnel with Catnip Infusion,"<p>The <strong>SmartyKat Crinkle Paper Play Tunnel with Catnip Infusion</strong> from <strong>SmartyKat</strong> delivers outstanding performance, exceptional reliability, and long-lasting durability.</p><ul><li><strong>Brand:</strong> SmartyKat</li><li><strong>Model / MPN:</strong> 09633</li><li><strong>Condition:</strong> Brand New Authentic</li><li><strong>Category:</strong> Pet Accessories &ndash; Cat Tunnels</li><li><strong>Authentic GTIN / UPC:</strong> 047475096333</li></ul>",SmartyKat,Pet Accessories,"Pet Accessories, Cat Tunnels, SmartyKat, verified-catalog",TRUE,Title,Default Title,,,,,SMA-09633-1082,450,shopify,50,deny,manual,9.99,11.49,TRUE,TRUE,,,,SmartyKat Crinkle Paper Play Tunnel with Catnip Infusion | SmartyKat &ndash; Leafanoo,"Buy authentic SmartyKat Crinkle Paper Play Tunnel with Catnip Infusion by SmartyKat at Leafanoo. Fast tracked US shipping, 30-day returns, and guaranteed manufacturer specifications.",Animals & Pet Supplies > Pet Supplies,,,09633,new,active
zippypaws-woodland-friends-interactive-burrowing-squeaky-plush-dog-toy,ZippyPaws Woodland Friends Interactive Burrowing Squeaky Plush Dog Toy,"<p>The <strong>ZippyPaws Woodland Friends Interactive Burrowing Squeaky Plush Dog Toy</strong> from <strong>ZippyPaws</strong> delivers outstanding performance, exceptional reliability, and long-lasting durability.</p><ul><li><strong>Brand:</strong> ZippyPaws</li><li><strong>Model / MPN:</strong> ZP254</li><li><strong>Condition:</strong> Brand New Authentic</li><li><strong>Category:</strong> Pet Accessories &ndash; Plush Toys</li><li><strong>Authentic GTIN / UPC:</strong> 0818786012543</li></ul>",ZippyPaws,Pet Accessories,"Pet Accessories, Plush Toys, ZippyPaws, verified-catalog",TRUE,Title,Default Title,,,,,ZIP-ZP254-1083,450,shopify,50,deny,manual,15.99,18.39,TRUE,TRUE,,,,ZippyPaws Woodland Friends Interactive Burrowing Squeaky Plush Dog Toy | ZippyPaws &ndash; Leafanoo,"Buy authentic ZippyPaws Woodland Friends Interactive Burrowing Squeaky Plush Dog Toy by ZippyPaws at Leafanoo. Fast tracked US shipping, 30-day returns, and guaranteed manufacturer specifications.",Animals & Pet Supplies > Pet Supplies,,,ZP254,new,active
dexas-popware-collapsible-silicone-travel-pet-bowl-with-carabiner-clip,Dexas Popware Collapsible Silicone Travel Pet Bowl with Carabiner Clip,"<p>The <strong>Dexas Popware Collapsible Silicone Travel Pet Bowl with Carabiner Clip</strong> from <strong>Dexas</strong> delivers outstanding performance, exceptional reliability, and long-lasting durability.</p><ul><li><strong>Brand:</strong> Dexas</li><li><strong>Model / MPN:</strong> PW600-410</li><li><strong>Condition:</strong> Brand New Authentic</li><li><strong>Category:</strong> Pet Accessories &ndash; Travel Bowls</li><li><strong>Authentic GTIN / UPC:</strong> 0842971206001</li></ul>",Dexas,Pet Accessories,"Pet Accessories, Travel Bowls, Dexas, verified-catalog",TRUE,Title,Default Title,,,,,DEX-PW600--1084,450,shopify,50,deny,manual,9.99,11.49,TRUE,TRUE,,,,Dexas Popware Collapsible Silicone Travel Pet Bowl with Carabiner Clip | Dexas &ndash; Leafanoo,"Buy authentic Dexas Popware Collapsible Silicone Travel Pet Bowl with Carabiner Clip by Dexas at Leafanoo. Fast tracked US shipping, 30-day returns, and guaranteed manufacturer specifications.",Animals & Pet Supplies > Pet Supplies,,,PW600-410,new,active
arm-and-hammer-swivel-bin-and-rake-pooper-scooper-heavy-duty-aluminum-handle,Arm & Hammer Swivel Bin and Rake Pooper Scooper Heavy Duty Aluminum Handle,"<p>The <strong>Arm & Hammer Swivel Bin and Rake Pooper Scooper Heavy Duty Aluminum Handle</strong> from <strong>Arm & Hammer</strong> delivers outstanding performance, exceptional reliability, and long-lasting durability.</p><ul><li><strong>Brand:</strong> Arm & Hammer</li><li><strong>Model / MPN:</strong> 70483</li><li><strong>Condition:</strong> Brand New Authentic</li><li><strong>Category:</strong> Pet Accessories &ndash; Pooper Scoopers</li><li><strong>Authentic GTIN / UPC:</strong> 029695704832</li></ul>",Arm & Hammer,Pet Accessories,"Pet Accessories, Pooper Scoopers, Arm & Hammer, verified-catalog",TRUE,Title,Default Title,,,,,ARM-70483-1085,450,shopify,50,deny,manual,24.99,28.74,TRUE,TRUE,,,,Arm & Hammer Swivel Bin and Rake Pooper Scooper Heavy Duty Aluminum Handle | Arm & Hammer &ndash; Leafanoo,"Buy authentic Arm & Hammer Swivel Bin and Rake Pooper Scooper Heavy Duty Aluminum Handle by Arm & Hammer at Leafanoo. Fast tracked US shipping, 30-day returns, and guaranteed manufacturer specifications.",Animals & Pet Supplies > Pet Supplies,,,70483,new,active
smartpetlove-original-heartbeat-stuffed-anxiety-relief-toy-for-puppies,SmartPetLove Original Heartbeat Stuffed Anxiety Relief Toy for Puppies,"<p>The <strong>SmartPetLove Original Heartbeat Stuffed Anxiety Relief Toy for Puppies</strong> from <strong>SmartPetLove</strong> delivers outstanding performance, exceptional reliability, and long-lasting durability.</p><ul><li><strong>Brand:</strong> SmartPetLove</li><li><strong>Model / MPN:</strong> 12000</li><li><strong>Condition:</strong> Brand New Authentic</li><li><strong>Category:</strong> Pet Accessories &ndash; Anxiety Toys</li><li><strong>Authentic GTIN / UPC:</strong> 0853752001001</li></ul>",SmartPetLove,Pet Accessories,"Pet Accessories, Anxiety Toys, SmartPetLove, verified-catalog",TRUE,Title,Default Title,,,,,SMA-12000-1086,450,shopify,50,deny,manual,39.95,45.94,TRUE,TRUE,,,,SmartPetLove Original Heartbeat Stuffed Anxiety Relief Toy for Puppies | SmartPetLove &ndash; Leafanoo,"Buy authentic SmartPetLove Original Heartbeat Stuffed Anxiety Relief Toy for Puppies by SmartPetLove at Leafanoo. Fast tracked US shipping, 30-day returns, and guaranteed manufacturer specifications.",Animals & Pet Supplies > Pet Supplies,,,12000,new,active
baskerville-ultra-ergonomic-muzzle-soft-rubber-humane-fit-size-3,Baskerville Ultra Ergonomic Muzzle Soft Rubber Humane Fit Size 3,"<p>The <strong>Baskerville Ultra Ergonomic Muzzle Soft Rubber Humane Fit Size 3</strong> from <strong>Baskerville</strong> delivers outstanding performance, exceptional reliability, and long-lasting durability.</p><ul><li><strong>Brand:</strong> Baskerville</li><li><strong>Model / MPN:</strong> 61530A</li><li><strong>Condition:</strong> Brand New Authentic</li><li><strong>Category:</strong> Pet Accessories &ndash; Dog Muzzles</li><li><strong>Authentic GTIN / UPC:</strong> 0886284615301</li></ul>",Baskerville,Pet Accessories,"Pet Accessories, Dog Muzzles, Baskerville, verified-catalog",TRUE,Title,Default Title,,,,,BAS-61530A-1087,450,shopify,50,deny,manual,21.99,25.29,TRUE,TRUE,,,,Baskerville Ultra Ergonomic Muzzle Soft Rubber Humane Fit Size 3 | Baskerville &ndash; Leafanoo,"Buy authentic Baskerville Ultra Ergonomic Muzzle Soft Rubber Humane Fit Size 3 by Baskerville at Leafanoo. Fast tracked US shipping, 30-day returns, and guaranteed manufacturer specifications.",Animals & Pet Supplies > Pet Supplies,,,61530A,new,active
cat-dancer-original-action-wire-interactive-cat-dancer-toy,Cat Dancer Original Action Wire Interactive Cat Dancer Toy,"<p>The <strong>Cat Dancer Original Action Wire Interactive Cat Dancer Toy</strong> from <strong>Cat Dancer</strong> delivers outstanding performance, exceptional reliability, and long-lasting durability.</p><ul><li><strong>Brand:</strong> Cat Dancer</li><li><strong>Model / MPN:</strong> 101</li><li><strong>Condition:</strong> Brand New Authentic</li><li><strong>Category:</strong> Pet Accessories &ndash; Wand Toys</li><li><strong>Authentic GTIN / UPC:</strong> 026357001018</li></ul>",Cat Dancer,Pet Accessories,"Pet Accessories, Wand Toys, Cat Dancer, verified-catalog",TRUE,Title,Default Title,,,,,CAT-101-1088,450,shopify,50,deny,manual,4.99,5.74,TRUE,TRUE,,,,Cat Dancer Original Action Wire Interactive Cat Dancer Toy | Cat Dancer &ndash; Leafanoo,"Buy authentic Cat Dancer Original Action Wire Interactive Cat Dancer Toy by Cat Dancer at Leafanoo. Fast tracked US shipping, 30-day returns, and guaranteed manufacturer specifications.",Animals & Pet Supplies > Pet Supplies,,,101,new,active
fiskars-steel-bypass-pruning-shears-58-inch-cutting-capacity,Fiskars Steel Bypass Pruning Shears 5/8-Inch Cutting Capacity,"<p>The <strong>Fiskars Steel Bypass Pruning Shears 5/8-Inch Cutting Capacity</strong> from <strong>Fiskars</strong> delivers outstanding performance, exceptional reliability, and long-lasting durability.</p><ul><li><strong>Brand:</strong> Fiskars</li><li><strong>Model / MPN:</strong> 91095935J</li><li><strong>Condition:</strong> Brand New Authentic</li><li><strong>Category:</strong> Garden & Outdoor &ndash; Pruners</li><li><strong>Authentic GTIN / UPC:</strong> 0020335013025</li></ul>",Fiskars,Garden & Outdoor,"Garden & Outdoor, Pruners, Fiskars, verified-catalog",TRUE,Title,Default Title,,,,,FIS-910959-1089,450,shopify,50,deny,manual,15.99,18.39,TRUE,TRUE,,,,Fiskars Steel Bypass Pruning Shears 5/8-Inch Cutting Capacity | Fiskars &ndash; Leafanoo,"Buy authentic Fiskars Steel Bypass Pruning Shears 5/8-Inch Cutting Capacity by Fiskars at Leafanoo. Fast tracked US shipping, 30-day returns, and guaranteed manufacturer specifications.",Home & Garden > Lawn & Garden > Gardening,,,91095935J,new,active
fiskars-ergonomic-cast-aluminum-garden-hand-trowel-softgrip-handle,Fiskars Ergonomic Cast Aluminum Garden Hand Trowel Softgrip Handle,"<p>The <strong>Fiskars Ergonomic Cast Aluminum Garden Hand Trowel Softgrip Handle</strong> from <strong>Fiskars</strong> delivers outstanding performance, exceptional reliability, and long-lasting durability.</p><ul><li><strong>Brand:</strong> Fiskars</li><li><strong>Model / MPN:</strong> 370700-1001</li><li><strong>Condition:</strong> Brand New Authentic</li><li><strong>Category:</strong> Garden & Outdoor &ndash; Trowels</li><li><strong>Authentic GTIN / UPC:</strong> 0046561170707</li></ul>",Fiskars,Garden & Outdoor,"Garden & Outdoor, Trowels, Fiskars, verified-catalog",TRUE,Title,Default Title,,,,,FIS-370700-1090,450,shopify,50,deny,manual,9.99,11.49,TRUE,TRUE,,,,Fiskars Ergonomic Cast Aluminum Garden Hand Trowel Softgrip Handle | Fiskars &ndash; Leafanoo,"Buy authentic Fiskars Ergonomic Cast Aluminum Garden Hand Trowel Softgrip Handle by Fiskars at Leafanoo. Fast tracked US shipping, 30-day returns, and guaranteed manufacturer specifications.",Home & Garden > Lawn & Garden > Gardening,,,370700-1001,new,active
dramm-touch-n-flow-professional-30-inch-rain-watering-wand,Dramm Touch N Flow Professional 30-Inch Rain Watering Wand,"<p>The <strong>Dramm Touch N Flow Professional 30-Inch Rain Watering Wand</strong> from <strong>Dramm</strong> delivers outstanding performance, exceptional reliability, and long-lasting durability.</p><ul><li><strong>Brand:</strong> Dramm</li><li><strong>Model / MPN:</strong> 12424</li><li><strong>Condition:</strong> Brand New Authentic</li><li><strong>Category:</strong> Garden & Outdoor &ndash; Watering Wands</li><li><strong>Authentic GTIN / UPC:</strong> 0036434124246</li></ul>",Dramm,Garden & Outdoor,"Garden & Outdoor, Watering Wands, Dramm, verified-catalog",TRUE,Title,Default Title,,,,,DRA-12424-1091,450,shopify,50,deny,manual,27.99,32.19,TRUE,TRUE,,,,Dramm Touch N Flow Professional 30-Inch Rain Watering Wand | Dramm &ndash; Leafanoo,"Buy authentic Dramm Touch N Flow Professional 30-Inch Rain Watering Wand by Dramm at Leafanoo. Fast tracked US shipping, 30-day returns, and guaranteed manufacturer specifications.",Home & Garden > Lawn & Garden > Gardening,,,12424,new,active
gorilla-grip-extra-thick-high-density-foam-garden-kneeling-pad-waterproof,Gorilla Grip Extra Thick High Density Foam Garden Kneeling Pad Waterproof,"<p>The <strong>Gorilla Grip Extra Thick High Density Foam Garden Kneeling Pad Waterproof</strong> from <strong>Gorilla Grip</strong> delivers outstanding performance, exceptional reliability, and long-lasting durability.</p><ul><li><strong>Brand:</strong> Gorilla Grip</li><li><strong>Model / MPN:</strong> GG-KNEEL-XL</li><li><strong>Condition:</strong> Brand New Authentic</li><li><strong>Category:</strong> Garden & Outdoor &ndash; Kneeling Pads</li><li><strong>Authentic GTIN / UPC:</strong> 0840012345678</li></ul>",Gorilla Grip,Garden & Outdoor,"Garden & Outdoor, Kneeling Pads, Gorilla Grip, verified-catalog",TRUE,Title,Default Title,,,,,GOR-GG-KNE-1092,450,shopify,50,deny,manual,19.99,22.99,TRUE,TRUE,,,,Gorilla Grip Extra Thick High Density Foam Garden Kneeling Pad Waterproof | Gorilla Grip &ndash; Leafanoo,"Buy authentic Gorilla Grip Extra Thick High Density Foam Garden Kneeling Pad Waterproof by Gorilla Grip at Leafanoo. Fast tracked US shipping, 30-day returns, and guaranteed manufacturer specifications.",Home & Garden > Lawn & Garden > Gardening,,,GG-KNEEL-XL,new,active
tierra-garden-haxnicks-micromesh-ultra-fine-protective-plant-pest-blanket,Tierra Garden Haxnicks Micromesh Ultra Fine Protective Plant Pest Blanket,"<p>The <strong>Tierra Garden Haxnicks Micromesh Ultra Fine Protective Plant Pest Blanket</strong> from <strong>Tierra Garden</strong> delivers outstanding performance, exceptional reliability, and long-lasting durability.</p><ul><li><strong>Brand:</strong> Tierra Garden</li><li><strong>Model / MPN:</strong> 50-5010</li><li><strong>Condition:</strong> Brand New Authentic</li><li><strong>Category:</strong> Garden & Outdoor &ndash; Plant Covers</li><li><strong>Authentic GTIN / UPC:</strong> 05022809050103</li></ul>",Tierra Garden,Garden & Outdoor,"Garden & Outdoor, Plant Covers, Tierra Garden, verified-catalog",TRUE,Title,Default Title,,,,,TIE-50-501-1093,450,shopify,50,deny,manual,24.99,28.74,TRUE,TRUE,,,,Tierra Garden Haxnicks Micromesh Ultra Fine Protective Plant Pest Blanket | Tierra Garden &ndash; Leafanoo,"Buy authentic Tierra Garden Haxnicks Micromesh Ultra Fine Protective Plant Pest Blanket by Tierra Garden at Leafanoo. Fast tracked US shipping, 30-day returns, and guaranteed manufacturer specifications.",Home & Garden > Lawn & Garden > Gardening,,,50-5010,new,active
perky-pet-panorama-copper-finish-hanging-wild-bird-feeder-2-lb-capacity,Perky-Pet Panorama Copper Finish Hanging Wild Bird Feeder 2 lb Capacity,"<p>The <strong>Perky-Pet Panorama Copper Finish Hanging Wild Bird Feeder 2 lb Capacity</strong> from <strong>Perky-Pet</strong> delivers outstanding performance, exceptional reliability, and long-lasting durability.</p><ul><li><strong>Brand:</strong> Perky-Pet</li><li><strong>Model / MPN:</strong> 312C</li><li><strong>Condition:</strong> Brand New Authentic</li><li><strong>Category:</strong> Garden & Outdoor &ndash; Bird Feeders</li><li><strong>Authentic GTIN / UPC:</strong> 0078978003126</li></ul>",Perky-Pet,Garden & Outdoor,"Garden & Outdoor, Bird Feeders, Perky-Pet, verified-catalog",TRUE,Title,Default Title,,,,,PER-312C-1094,450,shopify,50,deny,manual,22.99,26.44,TRUE,TRUE,,,,Perky-Pet Panorama Copper Finish Hanging Wild Bird Feeder 2 lb Capacity | Perky-Pet &ndash; Leafanoo,"Buy authentic Perky-Pet Panorama Copper Finish Hanging Wild Bird Feeder 2 lb Capacity by Perky-Pet at Leafanoo. Fast tracked US shipping, 30-day returns, and guaranteed manufacturer specifications.",Home & Garden > Lawn & Garden > Gardening,,,312C,new,active
gtongoko-heavy-duty-free-standing-metal-stake-garden-hose-holder,Gtongoko Heavy Duty Free-Standing Metal Stake Garden Hose Holder,"<p>The <strong>Gtongoko Heavy Duty Free-Standing Metal Stake Garden Hose Holder</strong> from <strong>Gtongoko</strong> delivers outstanding performance, exceptional reliability, and long-lasting durability.</p><ul><li><strong>Brand:</strong> Gtongoko</li><li><strong>Model / MPN:</strong> GT-HOSE-STK</li><li><strong>Condition:</strong> Brand New Authentic</li><li><strong>Category:</strong> Garden & Outdoor &ndash; Hose Holders</li><li><strong>Authentic GTIN / UPC:</strong> 0789012345678</li></ul>",Gtongoko,Garden & Outdoor,"Garden & Outdoor, Hose Holders, Gtongoko, verified-catalog",TRUE,Title,Default Title,,,,,GTO-GT-HOS-1095,450,shopify,50,deny,manual,29.99,34.49,TRUE,TRUE,,,,Gtongoko Heavy Duty Free-Standing Metal Stake Garden Hose Holder | Gtongoko &ndash; Leafanoo,"Buy authentic Gtongoko Heavy Duty Free-Standing Metal Stake Garden Hose Holder by Gtongoko at Leafanoo. Fast tracked US shipping, 30-day returns, and guaranteed manufacturer specifications.",Home & Garden > Lawn & Garden > Gardening,,,GT-HOSE-STK,new,active
felco-f-2-classic-ergonomic-hand-bypass-pruner-swiss-made,Felco F-2 Classic Ergonomic Hand Bypass Pruner Swiss Made,"<p>The <strong>Felco F-2 Classic Ergonomic Hand Bypass Pruner Swiss Made</strong> from <strong>Felco</strong> delivers outstanding performance, exceptional reliability, and long-lasting durability.</p><ul><li><strong>Brand:</strong> Felco</li><li><strong>Model / MPN:</strong> F-2</li><li><strong>Condition:</strong> Brand New Authentic</li><li><strong>Category:</strong> Garden & Outdoor &ndash; Hand Pruners</li><li><strong>Authentic GTIN / UPC:</strong> 0783610000021</li></ul>",Felco,Garden & Outdoor,"Garden & Outdoor, Hand Pruners, Felco, verified-catalog",TRUE,Title,Default Title,,,,,FEL-F-2-1096,450,shopify,50,deny,manual,64.99,74.74,TRUE,TRUE,,,,Felco F-2 Classic Ergonomic Hand Bypass Pruner Swiss Made | Felco &ndash; Leafanoo,"Buy authentic Felco F-2 Classic Ergonomic Hand Bypass Pruner Swiss Made by Felco at Leafanoo. Fast tracked US shipping, 30-day returns, and guaranteed manufacturer specifications.",Home & Garden > Lawn & Garden > Gardening,,,F-2,new,active
fiskars-deluxe-4-claw-stand-up-weed-puller-tool-with-ejection-mechanism,Fiskars Deluxe 4-Claw Stand-Up Weed Puller Tool with Ejection Mechanism,"<p>The <strong>Fiskars Deluxe 4-Claw Stand-Up Weed Puller Tool with Ejection Mechanism</strong> from <strong>Fiskars</strong> delivers outstanding performance, exceptional reliability, and long-lasting durability.</p><ul><li><strong>Brand:</strong> Fiskars</li><li><strong>Model / MPN:</strong> 339950-1001</li><li><strong>Condition:</strong> Brand New Authentic</li><li><strong>Category:</strong> Garden & Outdoor &ndash; Weeders</li><li><strong>Authentic GTIN / UPC:</strong> 0046561139957</li></ul>",Fiskars,Garden & Outdoor,"Garden & Outdoor, Weeders, Fiskars, verified-catalog",TRUE,Title,Default Title,,,,,FIS-339950-1097,450,shopify,50,deny,manual,44.99,51.74,TRUE,TRUE,,,,Fiskars Deluxe 4-Claw Stand-Up Weed Puller Tool with Ejection Mechanism | Fiskars &ndash; Leafanoo,"Buy authentic Fiskars Deluxe 4-Claw Stand-Up Weed Puller Tool with Ejection Mechanism by Fiskars at Leafanoo. Fast tracked US shipping, 30-day returns, and guaranteed manufacturer specifications.",Home & Garden > Lawn & Garden > Gardening,,,339950-1001,new,active
gilmour-heavy-duty-solid-brass-twist-adjustable-hose-spray-nozzle,Gilmour Heavy Duty Solid Brass Twist Adjustable Hose Spray Nozzle,"<p>The <strong>Gilmour Heavy Duty Solid Brass Twist Adjustable Hose Spray Nozzle</strong> from <strong>Gilmour</strong> delivers outstanding performance, exceptional reliability, and long-lasting durability.</p><ul><li><strong>Brand:</strong> Gilmour</li><li><strong>Model / MPN:</strong> 805014-1001</li><li><strong>Condition:</strong> Brand New Authentic</li><li><strong>Category:</strong> Garden & Outdoor &ndash; Hose Nozzles</li><li><strong>Authentic GTIN / UPC:</strong> 034411050143</li></ul>",Gilmour,Garden & Outdoor,"Garden & Outdoor, Hose Nozzles, Gilmour, verified-catalog",TRUE,Title,Default Title,,,,,GIL-805014-1098,450,shopify,50,deny,manual,12.99,14.94,TRUE,TRUE,,,,Gilmour Heavy Duty Solid Brass Twist Adjustable Hose Spray Nozzle | Gilmour &ndash; Leafanoo,"Buy authentic Gilmour Heavy Duty Solid Brass Twist Adjustable Hose Spray Nozzle by Gilmour at Leafanoo. Fast tracked US shipping, 30-day returns, and guaranteed manufacturer specifications.",Home & Garden > Lawn & Garden > Gardening,,,805014-1001,new,active
orbit-yard-enforcer-motion-activated-animal-deterrent-sprinkler,Orbit Yard Enforcer Motion Activated Animal Deterrent Sprinkler,"<p>The <strong>Orbit Yard Enforcer Motion Activated Animal Deterrent Sprinkler</strong> from <strong>Orbit</strong> delivers outstanding performance, exceptional reliability, and long-lasting durability.</p><ul><li><strong>Brand:</strong> Orbit</li><li><strong>Model / MPN:</strong> 62100</li><li><strong>Condition:</strong> Brand New Authentic</li><li><strong>Category:</strong> Garden & Outdoor &ndash; Pest Repellers</li><li><strong>Authentic GTIN / UPC:</strong> 0046878621000</li></ul>",Orbit,Garden & Outdoor,"Garden & Outdoor, Pest Repellers, Orbit, verified-catalog",TRUE,Title,Default Title,,,,,ORB-62100-1099,450,shopify,50,deny,manual,69.99,80.49,TRUE,TRUE,,,,Orbit Yard Enforcer Motion Activated Animal Deterrent Sprinkler | Orbit &ndash; Leafanoo,"Buy authentic Orbit Yard Enforcer Motion Activated Animal Deterrent Sprinkler by Orbit at Leafanoo. Fast tracked US shipping, 30-day returns, and guaranteed manufacturer specifications.",Home & Garden > Lawn & Garden > Gardening,,,62100,new,active
keter-city-30-gallon-resin-weatherproof-deck-box-storage-container,Keter City 30 Gallon Resin Weatherproof Deck Box Storage Container,"<p>The <strong>Keter City 30 Gallon Resin Weatherproof Deck Box Storage Container</strong> from <strong>Keter</strong> delivers outstanding performance, exceptional reliability, and long-lasting durability.</p><ul><li><strong>Brand:</strong> Keter</li><li><strong>Model / MPN:</strong> 242858</li><li><strong>Condition:</strong> Brand New Authentic</li><li><strong>Category:</strong> Garden & Outdoor &ndash; Deck Boxes</li><li><strong>Authentic GTIN / UPC:</strong> 0731161049214</li></ul>",Keter,Garden & Outdoor,"Garden & Outdoor, Deck Boxes, Keter, verified-catalog",TRUE,Title,Default Title,,,,,KET-242858-1100,450,shopify,50,deny,manual,49.99,57.49,TRUE,TRUE,,,,Keter City 30 Gallon Resin Weatherproof Deck Box Storage Container | Keter &ndash; Leafanoo,"Buy authentic Keter City 30 Gallon Resin Weatherproof Deck Box Storage Container by Keter at Leafanoo. Fast tracked US shipping, 30-day returns, and guaranteed manufacturer specifications.",Home & Garden > Lawn & Garden > Gardening,,,242858,new,active
thermacell-patio-shield-mosquito-repeller-halo-edition-cordless-odorless,Thermacell Patio Shield Mosquito Repeller Halo Edition Cordless Odorless,"<p>The <strong>Thermacell Patio Shield Mosquito Repeller Halo Edition Cordless Odorless</strong> from <strong>Thermacell</strong> delivers outstanding performance, exceptional reliability, and long-lasting durability.</p><ul><li><strong>Brand:</strong> Thermacell</li><li><strong>Model / MPN:</strong> MR-PS</li><li><strong>Condition:</strong> Brand New Authentic</li><li><strong>Category:</strong> Garden & Outdoor &ndash; Mosquito Repellers</li><li><strong>Authentic GTIN / UPC:</strong> 0843654001234</li></ul>",Thermacell,Garden & Outdoor,"Garden & Outdoor, Mosquito Repellers, Thermacell, verified-catalog",TRUE,Title,Default Title,,,,,THE-MR-PS-1101,450,shopify,50,deny,manual,29.99,34.49,TRUE,TRUE,,,,Thermacell Patio Shield Mosquito Repeller Halo Edition Cordless Odorless | Thermacell &ndash; Leafanoo,"Buy authentic Thermacell Patio Shield Mosquito Repeller Halo Edition Cordless Odorless by Thermacell at Leafanoo. Fast tracked US shipping, 30-day returns, and guaranteed manufacturer specifications.",Home & Garden > Lawn & Garden > Gardening,,,MR-PS,new,active
corona-dualcut-forged-steel-bypass-hand-pruner-1-inch-branch-cut,Corona DualCUT Forged Steel Bypass Hand Pruner 1-Inch Branch Cut,"<p>The <strong>Corona DualCUT Forged Steel Bypass Hand Pruner 1-Inch Branch Cut</strong> from <strong>Corona</strong> delivers outstanding performance, exceptional reliability, and long-lasting durability.</p><ul><li><strong>Brand:</strong> Corona</li><li><strong>Model / MPN:</strong> BP 3180D</li><li><strong>Condition:</strong> Brand New Authentic</li><li><strong>Category:</strong> Garden & Outdoor &ndash; Pruning Shears</li><li><strong>Authentic GTIN / UPC:</strong> 038313031801</li></ul>",Corona,Garden & Outdoor,"Garden & Outdoor, Pruning Shears, Corona, verified-catalog",TRUE,Title,Default Title,,,,,COR-BP 318-1102,450,shopify,50,deny,manual,27.99,32.19,TRUE,TRUE,,,,Corona DualCUT Forged Steel Bypass Hand Pruner 1-Inch Branch Cut | Corona &ndash; Leafanoo,"Buy authentic Corona DualCUT Forged Steel Bypass Hand Pruner 1-Inch Branch Cut by Corona at Leafanoo. Fast tracked US shipping, 30-day returns, and guaranteed manufacturer specifications.",Home & Garden > Lawn & Garden > Gardening,,,BP 3180D,new,active
barebones-living-walnut-handle-stainless-steel-hori-hori-japanese-garden-knife-with-sheath,Barebones Living Walnut Handle Stainless Steel Hori-Hori Japanese Garden Knife with Sheath,"<p>The <strong>Barebones Living Walnut Handle Stainless Steel Hori-Hori Japanese Garden Knife with Sheath</strong> from <strong>Barebones Living</strong> delivers outstanding performance, exceptional reliability, and long-lasting durability.</p><ul><li><strong>Brand:</strong> Barebones Living</li><li><strong>Model / MPN:</strong> GDN-045</li><li><strong>Condition:</strong> Brand New Authentic</li><li><strong>Category:</strong> Garden & Outdoor &ndash; Garden Knives</li><li><strong>Authentic GTIN / UPC:</strong> 0819665020456</li></ul>",Barebones Living,Garden & Outdoor,"Garden & Outdoor, Garden Knives, Barebones Living, verified-catalog",TRUE,Title,Default Title,,,,,BAR-GDN-04-1103,450,shopify,50,deny,manual,28.00,32.20,TRUE,TRUE,,,,Barebones Living Walnut Handle Stainless Steel Hori-Hori Japanese Garden Knife with Sheath | Barebones Living &ndash; Leafanoo,"Buy authentic Barebones Living Walnut Handle Stainless Steel Hori-Hori Japanese Garden Knife with Sheath by Barebones Living at Leafanoo. Fast tracked US shipping, 30-day returns, and guaranteed manufacturer specifications.",Home & Garden > Lawn & Garden > Gardening,,,GDN-045,new,active
raindrip-automatic-container-drip-irrigation-starter-kit-20-emitters,Raindrip Automatic Container Drip Irrigation Starter Kit 20 Emitters,"<p>The <strong>Raindrip Automatic Container Drip Irrigation Starter Kit 20 Emitters</strong> from <strong>Raindrip</strong> delivers outstanding performance, exceptional reliability, and long-lasting durability.</p><ul><li><strong>Brand:</strong> Raindrip</li><li><strong>Model / MPN:</strong> R560DP</li><li><strong>Condition:</strong> Brand New Authentic</li><li><strong>Category:</strong> Garden & Outdoor &ndash; Drip Kits</li><li><strong>Authentic GTIN / UPC:</strong> 018527005602</li></ul>",Raindrip,Garden & Outdoor,"Garden & Outdoor, Drip Kits, Raindrip, verified-catalog",TRUE,Title,Default Title,,,,,RAI-R560DP-1104,450,shopify,50,deny,manual,29.99,34.49,TRUE,TRUE,,,,Raindrip Automatic Container Drip Irrigation Starter Kit 20 Emitters | Raindrip &ndash; Leafanoo,"Buy authentic Raindrip Automatic Container Drip Irrigation Starter Kit 20 Emitters by Raindrip at Leafanoo. Fast tracked US shipping, 30-day returns, and guaranteed manufacturer specifications.",Home & Garden > Lawn & Garden > Gardening,,,R560DP,new,active
fiskars-power-lever-28-inch-steel-blade-bypass-lopper-tree-pruner,Fiskars Power-Lever 28-Inch Steel Blade Bypass Lopper Tree Pruner,"<p>The <strong>Fiskars Power-Lever 28-Inch Steel Blade Bypass Lopper Tree Pruner</strong> from <strong>Fiskars</strong> delivers outstanding performance, exceptional reliability, and long-lasting durability.</p><ul><li><strong>Brand:</strong> Fiskars</li><li><strong>Model / MPN:</strong> 391461-1003</li><li><strong>Condition:</strong> Brand New Authentic</li><li><strong>Category:</strong> Garden & Outdoor &ndash; Loppers</li><li><strong>Authentic GTIN / UPC:</strong> 0046561191467</li></ul>",Fiskars,Garden & Outdoor,"Garden & Outdoor, Loppers, Fiskars, verified-catalog",TRUE,Title,Default Title,,,,,FIS-391461-1105,450,shopify,50,deny,manual,24.99,28.74,TRUE,TRUE,,,,Fiskars Power-Lever 28-Inch Steel Blade Bypass Lopper Tree Pruner | Fiskars &ndash; Leafanoo,"Buy authentic Fiskars Power-Lever 28-Inch Steel Blade Bypass Lopper Tree Pruner by Fiskars at Leafanoo. Fast tracked US shipping, 30-day returns, and guaranteed manufacturer specifications.",Home & Garden > Lawn & Garden > Gardening,,,391461-1003,new,active
first-nature-no-drip-3051-hummingbird-feeder-16-oz-with-perches,First Nature No-Drip 3051 Hummingbird Feeder 16 oz with Perches,"<p>The <strong>First Nature No-Drip 3051 Hummingbird Feeder 16 oz with Perches</strong> from <strong>First Nature</strong> delivers outstanding performance, exceptional reliability, and long-lasting durability.</p><ul><li><strong>Brand:</strong> First Nature</li><li><strong>Model / MPN:</strong> 3051</li><li><strong>Condition:</strong> Brand New Authentic</li><li><strong>Category:</strong> Garden & Outdoor &ndash; Hummingbird Feeders</li><li><strong>Authentic GTIN / UPC:</strong> 047805030513</li></ul>",First Nature,Garden & Outdoor,"Garden & Outdoor, Hummingbird Feeders, First Nature, verified-catalog",TRUE,Title,Default Title,,,,,FIR-3051-1106,450,shopify,50,deny,manual,11.99,13.79,TRUE,TRUE,,,,First Nature No-Drip 3051 Hummingbird Feeder 16 oz with Perches | First Nature &ndash; Leafanoo,"Buy authentic First Nature No-Drip 3051 Hummingbird Feeder 16 oz with Perches by First Nature at Leafanoo. Fast tracked US shipping, 30-day returns, and guaranteed manufacturer specifications.",Home & Garden > Lawn & Garden > Gardening,,,3051,new,active
keter-easy-grow-317-gallon-elevated-ergonomic-raised-garden-planter-bed,Keter Easy Grow 31.7 Gallon Elevated Ergonomic Raised Garden Planter Bed,"<p>The <strong>Keter Easy Grow 31.7 Gallon Elevated Ergonomic Raised Garden Planter Bed</strong> from <strong>Keter</strong> delivers outstanding performance, exceptional reliability, and long-lasting durability.</p><ul><li><strong>Brand:</strong> Keter</li><li><strong>Model / MPN:</strong> 221774</li><li><strong>Condition:</strong> Brand New Authentic</li><li><strong>Category:</strong> Garden & Outdoor &ndash; Planter Beds</li><li><strong>Authentic GTIN / UPC:</strong> 0731161044321</li></ul>",Keter,Garden & Outdoor,"Garden & Outdoor, Planter Beds, Keter, verified-catalog",TRUE,Title,Default Title,,,,,KET-221774-1107,450,shopify,50,deny,manual,99.99,114.99,TRUE,TRUE,,,,Keter Easy Grow 31.7 Gallon Elevated Ergonomic Raised Garden Planter Bed | Keter &ndash; Leafanoo,"Buy authentic Keter Easy Grow 31.7 Gallon Elevated Ergonomic Raised Garden Planter Bed by Keter at Leafanoo. Fast tracked US shipping, 30-day returns, and guaranteed manufacturer specifications.",Home & Garden > Lawn & Garden > Gardening,,,221774,new,active
chapin-1-gallon-translucent-poly-lawn-and-garden-pressure-pump-sprayer,Chapin 1-Gallon Translucent Poly Lawn & Garden Pressure Pump Sprayer,"<p>The <strong>Chapin 1-Gallon Translucent Poly Lawn & Garden Pressure Pump Sprayer</strong> from <strong>Chapin</strong> delivers outstanding performance, exceptional reliability, and long-lasting durability.</p><ul><li><strong>Brand:</strong> Chapin</li><li><strong>Model / MPN:</strong> 20000</li><li><strong>Condition:</strong> Brand New Authentic</li><li><strong>Category:</strong> Garden & Outdoor &ndash; Pump Sprayers</li><li><strong>Authentic GTIN / UPC:</strong> 023883200004</li></ul>",Chapin,Garden & Outdoor,"Garden & Outdoor, Pump Sprayers, Chapin, verified-catalog",TRUE,Title,Default Title,,,,,CHA-20000-1108,450,shopify,50,deny,manual,16.99,19.54,TRUE,TRUE,,,,Chapin 1-Gallon Translucent Poly Lawn & Garden Pressure Pump Sprayer | Chapin &ndash; Leafanoo,"Buy authentic Chapin 1-Gallon Translucent Poly Lawn & Garden Pressure Pump Sprayer by Chapin at Leafanoo. Fast tracked US shipping, 30-day returns, and guaranteed manufacturer specifications.",Home & Garden > Lawn & Garden > Gardening,,,20000,new,active
gardman-4-tier-reinforced-portable-mini-greenhouse-with-zipper-cover,Gardman 4-Tier Reinforced Portable Mini Greenhouse with Zipper Cover,"<p>The <strong>Gardman 4-Tier Reinforced Portable Mini Greenhouse with Zipper Cover</strong> from <strong>Gardman</strong> delivers outstanding performance, exceptional reliability, and long-lasting durability.</p><ul><li><strong>Brand:</strong> Gardman</li><li><strong>Model / MPN:</strong> R687</li><li><strong>Condition:</strong> Brand New Authentic</li><li><strong>Category:</strong> Garden & Outdoor &ndash; Mini Greenhouses</li><li><strong>Authentic GTIN / UPC:</strong> 0502416076875</li></ul>",Gardman,Garden & Outdoor,"Garden & Outdoor, Mini Greenhouses, Gardman, verified-catalog",TRUE,Title,Default Title,,,,,GAR-R687-1109,450,shopify,50,deny,manual,42.99,49.44,TRUE,TRUE,,,,Gardman 4-Tier Reinforced Portable Mini Greenhouse with Zipper Cover | Gardman &ndash; Leafanoo,"Buy authentic Gardman 4-Tier Reinforced Portable Mini Greenhouse with Zipper Cover by Gardman at Leafanoo. Fast tracked US shipping, 30-day returns, and guaranteed manufacturer specifications.",Home & Garden > Lawn & Garden > Gardening,,,R687,new,active
spear-and-jackson-traditional-stainless-steel-ash-wood-handle-garden-hand-fork,Spear & Jackson Traditional Stainless Steel Ash Wood Handle Garden Hand Fork,"<p>The <strong>Spear & Jackson Traditional Stainless Steel Ash Wood Handle Garden Hand Fork</strong> from <strong>Spear & Jackson</strong> delivers outstanding performance, exceptional reliability, and long-lasting durability.</p><ul><li><strong>Brand:</strong> Spear & Jackson</li><li><strong>Model / MPN:</strong> 4190NB</li><li><strong>Condition:</strong> Brand New Authentic</li><li><strong>Category:</strong> Garden & Outdoor &ndash; Hand Forks</li><li><strong>Authentic GTIN / UPC:</strong> 05012095041904</li></ul>",Spear & Jackson,Garden & Outdoor,"Garden & Outdoor, Hand Forks, Spear & Jackson, verified-catalog",TRUE,Title,Default Title,,,,,SPE-4190NB-1110,450,shopify,50,deny,manual,14.99,17.24,TRUE,TRUE,,,,Spear & Jackson Traditional Stainless Steel Ash Wood Handle Garden Hand Fork | Spear & Jackson &ndash; Leafanoo,"Buy authentic Spear & Jackson Traditional Stainless Steel Ash Wood Handle Garden Hand Fork by Spear & Jackson at Leafanoo. Fast tracked US shipping, 30-day returns, and guaranteed manufacturer specifications.",Home & Garden > Lawn & Garden > Gardening,,,4190NB,new,active
suncast-hosemobile-175-foot-reel-cart-with-easy-hose-guide,Suncast Hosemobile 175-Foot Reel Cart with Easy Hose Guide,"<p>The <strong>Suncast Hosemobile 175-Foot Reel Cart with Easy Hose Guide</strong> from <strong>Suncast</strong> delivers outstanding performance, exceptional reliability, and long-lasting durability.</p><ul><li><strong>Brand:</strong> Suncast</li><li><strong>Model / MPN:</strong> JHR175</li><li><strong>Condition:</strong> Brand New Authentic</li><li><strong>Category:</strong> Garden & Outdoor &ndash; Hose Carts</li><li><strong>Authentic GTIN / UPC:</strong> 044365001758</li></ul>",Suncast,Garden & Outdoor,"Garden & Outdoor, Hose Carts, Suncast, verified-catalog",TRUE,Title,Default Title,,,,,SUN-JHR175-1111,450,shopify,50,deny,manual,39.99,45.99,TRUE,TRUE,,,,Suncast Hosemobile 175-Foot Reel Cart with Easy Hose Guide | Suncast &ndash; Leafanoo,"Buy authentic Suncast Hosemobile 175-Foot Reel Cart with Easy Hose Guide by Suncast at Leafanoo. Fast tracked US shipping, 30-day returns, and guaranteed manufacturer specifications.",Home & Garden > Lawn & Garden > Gardening,,,JHR175,new,active
gonicc-8-inch-titanium-coated-bypass-professional-hand-pruners,gonicc 8-Inch Titanium Coated Bypass Professional Hand Pruners,"<p>The <strong>gonicc 8-Inch Titanium Coated Bypass Professional Hand Pruners</strong> from <strong>gonicc</strong> delivers outstanding performance, exceptional reliability, and long-lasting durability.</p><ul><li><strong>Brand:</strong> gonicc</li><li><strong>Model / MPN:</strong> GPPS-1002</li><li><strong>Condition:</strong> Brand New Authentic</li><li><strong>Category:</strong> Garden & Outdoor &ndash; Titanium Pruners</li><li><strong>Authentic GTIN / UPC:</strong> 0711181234890</li></ul>",gonicc,Garden & Outdoor,"Garden & Outdoor, Titanium Pruners, gonicc, verified-catalog",TRUE,Title,Default Title,,,,,GON-GPPS-1-1112,450,shopify,50,deny,manual,22.95,26.39,TRUE,TRUE,,,,gonicc 8-Inch Titanium Coated Bypass Professional Hand Pruners | gonicc &ndash; Leafanoo,"Buy authentic gonicc 8-Inch Titanium Coated Bypass Professional Hand Pruners by gonicc at Leafanoo. Fast tracked US shipping, 30-day returns, and guaranteed manufacturer specifications.",Home & Garden > Lawn & Garden > Gardening,,,GPPS-1002,new,active
vremi-9-piece-aluminum-gardening-hand-tools-set-with-tote-bag-carrier,Vremi 9-Piece Aluminum Gardening Hand Tools Set with Tote Bag Carrier,"<p>The <strong>Vremi 9-Piece Aluminum Gardening Hand Tools Set with Tote Bag Carrier</strong> from <strong>Vremi</strong> delivers outstanding performance, exceptional reliability, and long-lasting durability.</p><ul><li><strong>Brand:</strong> Vremi</li><li><strong>Model / MPN:</strong> VRM020088N</li><li><strong>Condition:</strong> Brand New Authentic</li><li><strong>Category:</strong> Garden & Outdoor &ndash; Tool Sets</li><li><strong>Authentic GTIN / UPC:</strong> 0857321008801</li></ul>",Vremi,Garden & Outdoor,"Garden & Outdoor, Tool Sets, Vremi, verified-catalog",TRUE,Title,Default Title,,,,,VRE-VRM020-1113,450,shopify,50,deny,manual,34.99,40.24,TRUE,TRUE,,,,Vremi 9-Piece Aluminum Gardening Hand Tools Set with Tote Bag Carrier | Vremi &ndash; Leafanoo,"Buy authentic Vremi 9-Piece Aluminum Gardening Hand Tools Set with Tote Bag Carrier by Vremi at Leafanoo. Fast tracked US shipping, 30-day returns, and guaranteed manufacturer specifications.",Home & Garden > Lawn & Garden > Gardening,,,VRM020088N,new,active
eagle-creek-pack-it-specter-ultra-light-compression-packing-cube-3-piece-set,Eagle Creek Pack-It Specter Ultra-Light Compression Packing Cube 3-Piece Set,"<p>The <strong>Eagle Creek Pack-It Specter Ultra-Light Compression Packing Cube 3-Piece Set</strong> from <strong>Eagle Creek</strong> delivers outstanding performance, exceptional reliability, and long-lasting durability.</p><ul><li><strong>Brand:</strong> Eagle Creek</li><li><strong>Model / MPN:</strong> EC041213</li><li><strong>Condition:</strong> Brand New Authentic</li><li><strong>Category:</strong> Travel Accessories &ndash; Packing Cubes</li><li><strong>Authentic GTIN / UPC:</strong> 0192801234567</li></ul>",Eagle Creek,Travel Accessories,"Travel Accessories, Packing Cubes, Eagle Creek, verified-catalog",TRUE,Title,Default Title,,,,,EAG-EC0412-1114,450,shopify,50,deny,manual,39.95,45.94,TRUE,TRUE,,,,Eagle Creek Pack-It Specter Ultra-Light Compression Packing Cube 3-Piece Set | Eagle Creek &ndash; Leafanoo,"Buy authentic Eagle Creek Pack-It Specter Ultra-Light Compression Packing Cube 3-Piece Set by Eagle Creek at Leafanoo. Fast tracked US shipping, 30-day returns, and guaranteed manufacturer specifications.",Luggage & Bags > Luggage Accessories,,,EC041213,new,active
osprey-ultralight-roll-organizer-hanging-travel-toiletry-washbag,Osprey Ultralight Roll Organizer Hanging Travel Toiletry Washbag,"<p>The <strong>Osprey Ultralight Roll Organizer Hanging Travel Toiletry Washbag</strong> from <strong>Osprey</strong> delivers outstanding performance, exceptional reliability, and long-lasting durability.</p><ul><li><strong>Brand:</strong> Osprey</li><li><strong>Model / MPN:</strong> 10002958</li><li><strong>Condition:</strong> Brand New Authentic</li><li><strong>Category:</strong> Travel Accessories &ndash; Toiletry Kits</li><li><strong>Authentic GTIN / UPC:</strong> 0845136087654</li></ul>",Osprey,Travel Accessories,"Travel Accessories, Toiletry Kits, Osprey, verified-catalog",TRUE,Title,Default Title,,,,,OSP-100029-1115,450,shopify,50,deny,manual,35.00,40.25,TRUE,TRUE,,,,Osprey Ultralight Roll Organizer Hanging Travel Toiletry Washbag | Osprey &ndash; Leafanoo,"Buy authentic Osprey Ultralight Roll Organizer Hanging Travel Toiletry Washbag by Osprey at Leafanoo. Fast tracked US shipping, 30-day returns, and guaranteed manufacturer specifications.",Luggage & Bags > Luggage Accessories,,,10002958,new,active
lewis-n-clark-tsa-approved-flexible-cable-luggage-combination-padlock-2-pack,Lewis N. Clark TSA Approved Flexible Cable Luggage Combination Padlock 2-Pack,"<p>The <strong>Lewis N. Clark TSA Approved Flexible Cable Luggage Combination Padlock 2-Pack</strong> from <strong>Lewis N. Clark</strong> delivers outstanding performance, exceptional reliability, and long-lasting durability.</p><ul><li><strong>Brand:</strong> Lewis N. Clark</li><li><strong>Model / MPN:</strong> TSA31-2</li><li><strong>Condition:</strong> Brand New Authentic</li><li><strong>Category:</strong> Travel Accessories &ndash; Luggage Locks</li><li><strong>Authentic GTIN / UPC:</strong> 029275031021</li></ul>",Lewis N. Clark,Travel Accessories,"Travel Accessories, Luggage Locks, Lewis N. Clark, verified-catalog",TRUE,Title,Default Title,,,,,LEW-TSA31--1116,450,shopify,50,deny,manual,14.99,17.24,TRUE,TRUE,,,,Lewis N. Clark TSA Approved Flexible Cable Luggage Combination Padlock 2-Pack | Lewis N. Clark &ndash; Leafanoo,"Buy authentic Lewis N. Clark TSA Approved Flexible Cable Luggage Combination Padlock 2-Pack by Lewis N. Clark at Leafanoo. Fast tracked US shipping, 30-day returns, and guaranteed manufacturer specifications.",Luggage & Bags > Luggage Accessories,,,TSA31-2,new,active
trtl-ergonomic-fleece-neck-support-travel-pillow-charcoal,Trtl Ergonomic Fleece Neck Support Travel Pillow Charcoal,"<p>The <strong>Trtl Ergonomic Fleece Neck Support Travel Pillow Charcoal</strong> from <strong>Trtl</strong> delivers outstanding performance, exceptional reliability, and long-lasting durability.</p><ul><li><strong>Brand:</strong> Trtl</li><li><strong>Model / MPN:</strong> TRTL-ORIG-GRY</li><li><strong>Condition:</strong> Brand New Authentic</li><li><strong>Category:</strong> Travel Accessories &ndash; Travel Pillows</li><li><strong>Authentic GTIN / UPC:</strong> 0700461234567</li></ul>",Trtl,Travel Accessories,"Travel Accessories, Travel Pillows, Trtl, verified-catalog",TRUE,Title,Default Title,,,,,TRT-TRTL-O-1117,450,shopify,50,deny,manual,44.99,51.74,TRUE,TRUE,,,,Trtl Ergonomic Fleece Neck Support Travel Pillow Charcoal | Trtl &ndash; Leafanoo,"Buy authentic Trtl Ergonomic Fleece Neck Support Travel Pillow Charcoal by Trtl at Leafanoo. Fast tracked US shipping, 30-day returns, and guaranteed manufacturer specifications.",Luggage & Bags > Luggage Accessories,,,TRTL-ORIG-GRY,new,active
etekcity-digital-backlit-hanging-luggage-scale-with-rubber-handle-110-lb,Etekcity Digital Backlit Hanging Luggage Scale with Rubber Handle 110 lb,"<p>The <strong>Etekcity Digital Backlit Hanging Luggage Scale with Rubber Handle 110 lb</strong> from <strong>Etekcity</strong> delivers outstanding performance, exceptional reliability, and long-lasting durability.</p><ul><li><strong>Brand:</strong> Etekcity</li><li><strong>Model / MPN:</strong> EHL4403H</li><li><strong>Condition:</strong> Brand New Authentic</li><li><strong>Category:</strong> Travel Accessories &ndash; Luggage Scales</li><li><strong>Authentic GTIN / UPC:</strong> 0817915012345</li></ul>",Etekcity,Travel Accessories,"Travel Accessories, Luggage Scales, Etekcity, verified-catalog",TRUE,Title,Default Title,,,,,ETE-EHL440-1118,450,shopify,50,deny,manual,12.99,14.94,TRUE,TRUE,,,,Etekcity Digital Backlit Hanging Luggage Scale with Rubber Handle 110 lb | Etekcity &ndash; Leafanoo,"Buy authentic Etekcity Digital Backlit Hanging Luggage Scale with Rubber Handle 110 lb by Etekcity at Leafanoo. Fast tracked US shipping, 30-day returns, and guaranteed manufacturer specifications.",Luggage & Bags > Luggage Accessories,,,EHL4403H,new,active
repel-windproof-double-canopy-teflon-coated-travel-umbrella-compact,Repel Windproof Double Canopy Teflon Coated Travel Umbrella Compact,"<p>The <strong>Repel Windproof Double Canopy Teflon Coated Travel Umbrella Compact</strong> from <strong>Repel</strong> delivers outstanding performance, exceptional reliability, and long-lasting durability.</p><ul><li><strong>Brand:</strong> Repel</li><li><strong>Model / MPN:</strong> RP-UMB-BLK</li><li><strong>Condition:</strong> Brand New Authentic</li><li><strong>Category:</strong> Travel Accessories &ndash; Umbrellas</li><li><strong>Authentic GTIN / UPC:</strong> 0850009876543</li></ul>",Repel,Travel Accessories,"Travel Accessories, Umbrellas, Repel, verified-catalog",TRUE,Title,Default Title,,,,,REP-RP-UMB-1119,450,shopify,50,deny,manual,24.95,28.69,TRUE,TRUE,,,,Repel Windproof Double Canopy Teflon Coated Travel Umbrella Compact | Repel &ndash; Leafanoo,"Buy authentic Repel Windproof Double Canopy Teflon Coated Travel Umbrella Compact by Repel at Leafanoo. Fast tracked US shipping, 30-day returns, and guaranteed manufacturer specifications.",Luggage & Bags > Luggage Accessories,,,RP-UMB-BLK,new,active
bagsmart-electronic-accessories-cable-organizer-travel-bag-water-resistant,BAGSMART Electronic Accessories Cable Organizer Travel Bag Water Resistant,"<p>The <strong>BAGSMART Electronic Accessories Cable Organizer Travel Bag Water Resistant</strong> from <strong>BAGSMART</strong> delivers outstanding performance, exceptional reliability, and long-lasting durability.</p><ul><li><strong>Brand:</strong> BAGSMART</li><li><strong>Model / MPN:</strong> BM0200084A</li><li><strong>Condition:</strong> Brand New Authentic</li><li><strong>Category:</strong> Travel Accessories &ndash; Cable Cases</li><li><strong>Authentic GTIN / UPC:</strong> 0711181234567</li></ul>",BAGSMART,Travel Accessories,"Travel Accessories, Cable Cases, BAGSMART, verified-catalog",TRUE,Title,Default Title,,,,,BAG-BM0200-1120,450,shopify,50,deny,manual,17.99,20.69,TRUE,TRUE,,,,BAGSMART Electronic Accessories Cable Organizer Travel Bag Water Resistant | BAGSMART &ndash; Leafanoo,"Buy authentic BAGSMART Electronic Accessories Cable Organizer Travel Bag Water Resistant by BAGSMART at Leafanoo. Fast tracked US shipping, 30-day returns, and guaranteed manufacturer specifications.",Luggage & Bags > Luggage Accessories,,,BM0200084A,new,active
anker-powercore-737-portable-charger-24000mah-140w-fast-power-bank,Anker PowerCore 737 Portable Charger 24000mAh 140W Fast Power Bank,"<p>The <strong>Anker PowerCore 737 Portable Charger 24000mAh 140W Fast Power Bank</strong> from <strong>Anker</strong> delivers outstanding performance, exceptional reliability, and long-lasting durability.</p><ul><li><strong>Brand:</strong> Anker</li><li><strong>Model / MPN:</strong> A1289011</li><li><strong>Condition:</strong> Brand New Authentic</li><li><strong>Category:</strong> Travel Accessories &ndash; Power Banks</li><li><strong>Authentic GTIN / UPC:</strong> 0194644098765</li></ul>",Anker,Travel Accessories,"Travel Accessories, Power Banks, Anker, verified-catalog",TRUE,Title,Default Title,,,,,ANK-A12890-1121,450,shopify,50,deny,manual,129.99,149.49,TRUE,TRUE,,,,Anker PowerCore 737 Portable Charger 24000mAh 140W Fast Power Bank | Anker &ndash; Leafanoo,"Buy authentic Anker PowerCore 737 Portable Charger 24000mAh 140W Fast Power Bank by Anker at Leafanoo. Fast tracked US shipping, 30-day returns, and guaranteed manufacturer specifications.",Luggage & Bags > Luggage Accessories,,,A1289011,new,active
peak-design-everyday-weatherproof-tech-organizer-pouch-charcoal-black,Peak Design Everyday Weatherproof Tech Organizer Pouch Charcoal Black,"<p>The <strong>Peak Design Everyday Weatherproof Tech Organizer Pouch Charcoal Black</strong> from <strong>Peak Design</strong> delivers outstanding performance, exceptional reliability, and long-lasting durability.</p><ul><li><strong>Brand:</strong> Peak Design</li><li><strong>Model / MPN:</strong> BTP-BK-1</li><li><strong>Condition:</strong> Brand New Authentic</li><li><strong>Category:</strong> Travel Accessories &ndash; Tech Pouches</li><li><strong>Authentic GTIN / UPC:</strong> 0818373021008</li></ul>",Peak Design,Travel Accessories,"Travel Accessories, Tech Pouches, Peak Design, verified-catalog",TRUE,Title,Default Title,,,,,PEA-BTP-BK-1122,450,shopify,50,deny,manual,59.95,68.94,TRUE,TRUE,,,,Peak Design Everyday Weatherproof Tech Organizer Pouch Charcoal Black | Peak Design &ndash; Leafanoo,"Buy authentic Peak Design Everyday Weatherproof Tech Organizer Pouch Charcoal Black by Peak Design at Leafanoo. Fast tracked US shipping, 30-day returns, and guaranteed manufacturer specifications.",Luggage & Bags > Luggage Accessories,,,BTP-BK-1,new,active
sea-to-summit-aeros-premium-ultra-light-inflatable-ergonomic-pillow-regular,Sea to Summit Aeros Premium Ultra-Light Inflatable Ergonomic Pillow Regular,"<p>The <strong>Sea to Summit Aeros Premium Ultra-Light Inflatable Ergonomic Pillow Regular</strong> from <strong>Sea to Summit</strong> delivers outstanding performance, exceptional reliability, and long-lasting durability.</p><ul><li><strong>Brand:</strong> Sea to Summit</li><li><strong>Model / MPN:</strong> APILPREM</li><li><strong>Condition:</strong> Brand New Authentic</li><li><strong>Category:</strong> Travel Accessories &ndash; Air Pillows</li><li><strong>Authentic GTIN / UPC:</strong> 0932786803214</li></ul>",Sea to Summit,Travel Accessories,"Travel Accessories, Air Pillows, Sea to Summit, verified-catalog",TRUE,Title,Default Title,,,,,SEA-APILPR-1123,450,shopify,50,deny,manual,44.95,51.69,TRUE,TRUE,,,,Sea to Summit Aeros Premium Ultra-Light Inflatable Ergonomic Pillow Regular | Sea to Summit &ndash; Leafanoo,"Buy authentic Sea to Summit Aeros Premium Ultra-Light Inflatable Ergonomic Pillow Regular by Sea to Summit at Leafanoo. Fast tracked US shipping, 30-day returns, and guaranteed manufacturer specifications.",Luggage & Bags > Luggage Accessories,,,APILPREM,new,active
nite-ize-s-biner-dual-gate-aluminum-carabiner-clip-size-4-black,Nite Ize S-Biner Dual Gate Aluminum Carabiner Clip Size 4 Black,"<p>The <strong>Nite Ize S-Biner Dual Gate Aluminum Carabiner Clip Size 4 Black</strong> from <strong>Nite Ize</strong> delivers outstanding performance, exceptional reliability, and long-lasting durability.</p><ul><li><strong>Brand:</strong> Nite Ize</li><li><strong>Model / MPN:</strong> SBA4-01-R6</li><li><strong>Condition:</strong> Brand New Authentic</li><li><strong>Category:</strong> Travel Accessories &ndash; Carabiners</li><li><strong>Authentic GTIN / UPC:</strong> 0094664018747</li></ul>",Nite Ize,Travel Accessories,"Travel Accessories, Carabiners, Nite Ize, verified-catalog",TRUE,Title,Default Title,,,,,NIT-SBA4-0-1124,450,shopify,50,deny,manual,8.99,10.34,TRUE,TRUE,,,,Nite Ize S-Biner Dual Gate Aluminum Carabiner Clip Size 4 Black | Nite Ize &ndash; Leafanoo,"Buy authentic Nite Ize S-Biner Dual Gate Aluminum Carabiner Clip Size 4 Black by Nite Ize at Leafanoo. Fast tracked US shipping, 30-day returns, and guaranteed manufacturer specifications.",Luggage & Bags > Luggage Accessories,,,SBA4-01-R6,new,active
matador-pocket-blanket-20-packable-water-resistant-ground-mat-63x44,Matador Pocket Blanket 2.0 Packable Water-Resistant Ground Mat 63x44,"<p>The <strong>Matador Pocket Blanket 2.0 Packable Water-Resistant Ground Mat 63x44</strong> from <strong>Matador</strong> delivers outstanding performance, exceptional reliability, and long-lasting durability.</p><ul><li><strong>Brand:</strong> Matador</li><li><strong>Model / MPN:</strong> MATPB001BK</li><li><strong>Condition:</strong> Brand New Authentic</li><li><strong>Category:</strong> Travel Accessories &ndash; Pocket Blankets</li><li><strong>Authentic GTIN / UPC:</strong> 0850001239012</li></ul>",Matador,Travel Accessories,"Travel Accessories, Pocket Blankets, Matador, verified-catalog",TRUE,Title,Default Title,,,,,MAT-MATPB0-1125,450,shopify,50,deny,manual,34.99,40.24,TRUE,TRUE,,,,Matador Pocket Blanket 2.0 Packable Water-Resistant Ground Mat 63x44 | Matador &ndash; Leafanoo,"Buy authentic Matador Pocket Blanket 2.0 Packable Water-Resistant Ground Mat 63x44 by Matador at Leafanoo. Fast tracked US shipping, 30-day returns, and guaranteed manufacturer specifications.",Luggage & Bags > Luggage Accessories,,,MATPB001BK,new,active
venture-4th-rfid-blocking-undercover-travel-money-belt-waist-passport-pouch,Venture 4th RFID Blocking Undercover Travel Money Belt Waist Passport Pouch,"<p>The <strong>Venture 4th RFID Blocking Undercover Travel Money Belt Waist Passport Pouch</strong> from <strong>Venture 4th</strong> delivers outstanding performance, exceptional reliability, and long-lasting durability.</p><ul><li><strong>Brand:</strong> Venture 4th</li><li><strong>Model / MPN:</strong> V4-MB-BLK</li><li><strong>Condition:</strong> Brand New Authentic</li><li><strong>Category:</strong> Travel Accessories &ndash; Money Belts</li><li><strong>Authentic GTIN / UPC:</strong> 0854982006014</li></ul>",Venture 4th,Travel Accessories,"Travel Accessories, Money Belts, Venture 4th, verified-catalog",TRUE,Title,Default Title,,,,,VEN-V4-MB--1126,450,shopify,50,deny,manual,19.95,22.94,TRUE,TRUE,,,,Venture 4th RFID Blocking Undercover Travel Money Belt Waist Passport Pouch | Venture 4th &ndash; Leafanoo,"Buy authentic Venture 4th RFID Blocking Undercover Travel Money Belt Waist Passport Pouch by Venture 4th at Leafanoo. Fast tracked US shipping, 30-day returns, and guaranteed manufacturer specifications.",Luggage & Bags > Luggage Accessories,,,V4-MB-BLK,new,active
epicka-universal-all-in-one-worldwide-travel-power-adapter-with-usb-c,EPICKA Universal All-in-One Worldwide Travel Power Adapter with USB-C,"<p>The <strong>EPICKA Universal All-in-One Worldwide Travel Power Adapter with USB-C</strong> from <strong>EPICKA</strong> delivers outstanding performance, exceptional reliability, and long-lasting durability.</p><ul><li><strong>Brand:</strong> EPICKA</li><li><strong>Model / MPN:</strong> TA-105</li><li><strong>Condition:</strong> Brand New Authentic</li><li><strong>Category:</strong> Travel Accessories &ndash; Travel Adapters</li><li><strong>Authentic GTIN / UPC:</strong> 0711181230194</li></ul>",EPICKA,Travel Accessories,"Travel Accessories, Travel Adapters, EPICKA, verified-catalog",TRUE,Title,Default Title,,,,,EPI-TA-105-1127,450,shopify,50,deny,manual,22.99,26.44,TRUE,TRUE,,,,EPICKA Universal All-in-One Worldwide Travel Power Adapter with USB-C | EPICKA &ndash; Leafanoo,"Buy authentic EPICKA Universal All-in-One Worldwide Travel Power Adapter with USB-C by EPICKA at Leafanoo. Fast tracked US shipping, 30-day returns, and guaranteed manufacturer specifications.",Luggage & Bags > Luggage Accessories,,,TA-105,new,active
humangear-gotoob-silicone-leak-proof-squeezable-travel-tubes-3-pack-34-oz,Humangear GoToob+ Silicone Leak-Proof Squeezable Travel Tubes 3-Pack 3.4 oz,"<p>The <strong>Humangear GoToob+ Silicone Leak-Proof Squeezable Travel Tubes 3-Pack 3.4 oz</strong> from <strong>Humangear</strong> delivers outstanding performance, exceptional reliability, and long-lasting durability.</p><ul><li><strong>Brand:</strong> Humangear</li><li><strong>Model / MPN:</strong> HG0320</li><li><strong>Condition:</strong> Brand New Authentic</li><li><strong>Category:</strong> Travel Accessories &ndash; Travel Bottles</li><li><strong>Authentic GTIN / UPC:</strong> 0896015003201</li></ul>",Humangear,Travel Accessories,"Travel Accessories, Travel Bottles, Humangear, verified-catalog",TRUE,Title,Default Title,,,,,HUM-HG0320-1128,450,shopify,50,deny,manual,24.99,28.74,TRUE,TRUE,,,,Humangear GoToob+ Silicone Leak-Proof Squeezable Travel Tubes 3-Pack 3.4 oz | Humangear &ndash; Leafanoo,"Buy authentic Humangear GoToob+ Silicone Leak-Proof Squeezable Travel Tubes 3-Pack 3.4 oz by Humangear at Leafanoo. Fast tracked US shipping, 30-day returns, and guaranteed manufacturer specifications.",Luggage & Bags > Luggage Accessories,,,HG0320,new,active
eagle-creek-undercover-hidden-neck-wallet-passport-stash-pouch-tan,Eagle Creek Undercover Hidden Neck Wallet Passport Stash Pouch Tan,"<p>The <strong>Eagle Creek Undercover Hidden Neck Wallet Passport Stash Pouch Tan</strong> from <strong>Eagle Creek</strong> delivers outstanding performance, exceptional reliability, and long-lasting durability.</p><ul><li><strong>Brand:</strong> Eagle Creek</li><li><strong>Model / MPN:</strong> EC041126</li><li><strong>Condition:</strong> Brand New Authentic</li><li><strong>Category:</strong> Travel Accessories &ndash; Neck Wallets</li><li><strong>Authentic GTIN / UPC:</strong> 0192801239812</li></ul>",Eagle Creek,Travel Accessories,"Travel Accessories, Neck Wallets, Eagle Creek, verified-catalog",TRUE,Title,Default Title,,,,,EAG-EC0411-1129,450,shopify,50,deny,manual,17.95,20.64,TRUE,TRUE,,,,Eagle Creek Undercover Hidden Neck Wallet Passport Stash Pouch Tan | Eagle Creek &ndash; Leafanoo,"Buy authentic Eagle Creek Undercover Hidden Neck Wallet Passport Stash Pouch Tan by Eagle Creek at Leafanoo. Fast tracked US shipping, 30-day returns, and guaranteed manufacturer specifications.",Luggage & Bags > Luggage Accessories,,,EC041126,new,active
matador-flatpak-waterproof-liquid-toiletry-bottles-tsa-approved-3-pack,Matador FlatPak Waterproof Liquid Toiletry Bottles TSA Approved 3-Pack,"<p>The <strong>Matador FlatPak Waterproof Liquid Toiletry Bottles TSA Approved 3-Pack</strong> from <strong>Matador</strong> delivers outstanding performance, exceptional reliability, and long-lasting durability.</p><ul><li><strong>Brand:</strong> Matador</li><li><strong>Model / MPN:</strong> MATFPB001</li><li><strong>Condition:</strong> Brand New Authentic</li><li><strong>Category:</strong> Travel Accessories &ndash; Toiletry Bottles</li><li><strong>Authentic GTIN / UPC:</strong> 0850001239043</li></ul>",Matador,Travel Accessories,"Travel Accessories, Toiletry Bottles, Matador, verified-catalog",TRUE,Title,Default Title,,,,,MAT-MATFPB-1130,450,shopify,50,deny,manual,38.00,43.70,TRUE,TRUE,,,,Matador FlatPak Waterproof Liquid Toiletry Bottles TSA Approved 3-Pack | Matador &ndash; Leafanoo,"Buy authentic Matador FlatPak Waterproof Liquid Toiletry Bottles TSA Approved 3-Pack by Matador at Leafanoo. Fast tracked US shipping, 30-day returns, and guaranteed manufacturer specifications.",Luggage & Bags > Luggage Accessories,,,MATFPB001,new,active
shacke-pak-5-piece-water-resistant-packing-cubes-with-included-laundry-bag,Shacke Pak 5-Piece Water Resistant Packing Cubes with Included Laundry Bag,"<p>The <strong>Shacke Pak 5-Piece Water Resistant Packing Cubes with Included Laundry Bag</strong> from <strong>Shacke Pak</strong> delivers outstanding performance, exceptional reliability, and long-lasting durability.</p><ul><li><strong>Brand:</strong> Shacke Pak</li><li><strong>Model / MPN:</strong> SP-PC-5P</li><li><strong>Condition:</strong> Brand New Authentic</li><li><strong>Category:</strong> Travel Accessories &ndash; Packing Cubes</li><li><strong>Authentic GTIN / UPC:</strong> 0850008761234</li></ul>",Shacke Pak,Travel Accessories,"Travel Accessories, Packing Cubes, Shacke Pak, verified-catalog",TRUE,Title,Default Title,,,,,SHA-SP-PC--1131,450,shopify,50,deny,manual,21.99,25.29,TRUE,TRUE,,,,Shacke Pak 5-Piece Water Resistant Packing Cubes with Included Laundry Bag | Shacke Pak &ndash; Leafanoo,"Buy authentic Shacke Pak 5-Piece Water Resistant Packing Cubes with Included Laundry Bag by Shacke Pak at Leafanoo. Fast tracked US shipping, 30-day returns, and guaranteed manufacturer specifications.",Luggage & Bags > Luggage Accessories,,,SP-PC-5P,new,active
anker-magnetic-battery-pack-5000mah-slim-wireless-power-bank-for-phone,Anker Magnetic Battery Pack 5000mAh Slim Wireless Power Bank for Phone,"<p>The <strong>Anker Magnetic Battery Pack 5000mAh Slim Wireless Power Bank for Phone</strong> from <strong>Anker</strong> delivers outstanding performance, exceptional reliability, and long-lasting durability.</p><ul><li><strong>Brand:</strong> Anker</li><li><strong>Model / MPN:</strong> A1616011</li><li><strong>Condition:</strong> Brand New Authentic</li><li><strong>Category:</strong> Travel Accessories &ndash; MagSafe Batteries</li><li><strong>Authentic GTIN / UPC:</strong> 0194644123456</li></ul>",Anker,Travel Accessories,"Travel Accessories, MagSafe Batteries, Anker, verified-catalog",TRUE,Title,Default Title,,,,,ANK-A16160-1132,450,shopify,50,deny,manual,29.99,34.49,TRUE,TRUE,,,,Anker Magnetic Battery Pack 5000mAh Slim Wireless Power Bank for Phone | Anker &ndash; Leafanoo,"Buy authentic Anker Magnetic Battery Pack 5000mAh Slim Wireless Power Bank for Phone by Anker at Leafanoo. Fast tracked US shipping, 30-day returns, and guaranteed manufacturer specifications.",Luggage & Bags > Luggage Accessories,,,A1616011,new,active
lewis-n-clark-comfort-contoured-sleep-eye-mask-with-adjustable-strap,Lewis N. Clark Comfort Contoured Sleep Eye Mask with Adjustable Strap,"<p>The <strong>Lewis N. Clark Comfort Contoured Sleep Eye Mask with Adjustable Strap</strong> from <strong>Lewis N. Clark</strong> delivers outstanding performance, exceptional reliability, and long-lasting durability.</p><ul><li><strong>Brand:</strong> Lewis N. Clark</li><li><strong>Model / MPN:</strong> 849BLK</li><li><strong>Condition:</strong> Brand New Authentic</li><li><strong>Category:</strong> Travel Accessories &ndash; Eye Masks</li><li><strong>Authentic GTIN / UPC:</strong> 029275008498</li></ul>",Lewis N. Clark,Travel Accessories,"Travel Accessories, Eye Masks, Lewis N. Clark, verified-catalog",TRUE,Title,Default Title,,,,,LEW-849BLK-1133,450,shopify,50,deny,manual,11.99,13.79,TRUE,TRUE,,,,Lewis N. Clark Comfort Contoured Sleep Eye Mask with Adjustable Strap | Lewis N. Clark &ndash; Leafanoo,"Buy authentic Lewis N. Clark Comfort Contoured Sleep Eye Mask with Adjustable Strap by Lewis N. Clark at Leafanoo. Fast tracked US shipping, 30-day returns, and guaranteed manufacturer specifications.",Luggage & Bags > Luggage Accessories,,,849BLK,new,active
macks-pillow-soft-moldable-silicone-earplugs-noise-reduction-6-pairs,Mack's Pillow Soft Moldable Silicone Earplugs Noise Reduction 6-Pairs,"<p>The <strong>Mack's Pillow Soft Moldable Silicone Earplugs Noise Reduction 6-Pairs</strong> from <strong>Mack's</strong> delivers outstanding performance, exceptional reliability, and long-lasting durability.</p><ul><li><strong>Brand:</strong> Mack's</li><li><strong>Model / MPN:</strong> 6-6P</li><li><strong>Condition:</strong> Brand New Authentic</li><li><strong>Category:</strong> Travel Accessories &ndash; Earplugs</li><li><strong>Authentic GTIN / UPC:</strong> 033732000067</li></ul>",Mack's,Travel Accessories,"Travel Accessories, Earplugs, Mack's, verified-catalog",TRUE,Title,Default Title,,,,,MAC-6-6P-1134,450,shopify,50,deny,manual,5.99,6.89,TRUE,TRUE,,,,Mack's Pillow Soft Moldable Silicone Earplugs Noise Reduction 6-Pairs | Mack's &ndash; Leafanoo,"Buy authentic Mack's Pillow Soft Moldable Silicone Earplugs Noise Reduction 6-Pairs by Mack's at Leafanoo. Fast tracked US shipping, 30-day returns, and guaranteed manufacturer specifications.",Luggage & Bags > Luggage Accessories,,,6-6P,new,active
tarriss-tsa-luggage-lock-with-searchalert-red-indicator-pin-2-pack,Tarriss TSA Luggage Lock with SearchAlert Red Indicator Pin 2-Pack,"<p>The <strong>Tarriss TSA Luggage Lock with SearchAlert Red Indicator Pin 2-Pack</strong> from <strong>Tarriss</strong> delivers outstanding performance, exceptional reliability, and long-lasting durability.</p><ul><li><strong>Brand:</strong> Tarriss</li><li><strong>Model / MPN:</strong> TSA-002</li><li><strong>Condition:</strong> Brand New Authentic</li><li><strong>Category:</strong> Travel Accessories &ndash; TSA Locks</li><li><strong>Authentic GTIN / UPC:</strong> 0820103147890</li></ul>",Tarriss,Travel Accessories,"Travel Accessories, TSA Locks, Tarriss, verified-catalog",TRUE,Title,Default Title,,,,,TAR-TSA-00-1135,450,shopify,50,deny,manual,16.97,19.52,TRUE,TRUE,,,,Tarriss TSA Luggage Lock with SearchAlert Red Indicator Pin 2-Pack | Tarriss &ndash; Leafanoo,"Buy authentic Tarriss TSA Luggage Lock with SearchAlert Red Indicator Pin 2-Pack by Tarriss at Leafanoo. Fast tracked US shipping, 30-day returns, and guaranteed manufacturer specifications.",Luggage & Bags > Luggage Accessories,,,TSA-002,new,active
hero-travel-supply-heavy-duty-adjustable-cross-luggage-straps-with-quick-release-2-pack,Hero Travel Supply Heavy Duty Adjustable Cross Luggage Straps with Quick Release 2-Pack,"<p>The <strong>Hero Travel Supply Heavy Duty Adjustable Cross Luggage Straps with Quick Release 2-Pack</strong> from <strong>Hero Travel Supply</strong> delivers outstanding performance, exceptional reliability, and long-lasting durability.</p><ul><li><strong>Brand:</strong> Hero Travel Supply</li><li><strong>Model / MPN:</strong> HTS-STRAP-2P</li><li><strong>Condition:</strong> Brand New Authentic</li><li><strong>Category:</strong> Travel Accessories &ndash; Luggage Straps</li><li><strong>Authentic GTIN / UPC:</strong> 0850009123456</li></ul>",Hero Travel Supply,Travel Accessories,"Travel Accessories, Luggage Straps, Hero Travel Supply, verified-catalog",TRUE,Title,Default Title,,,,,HER-HTS-ST-1136,450,shopify,50,deny,manual,14.99,17.24,TRUE,TRUE,,,,Hero Travel Supply Heavy Duty Adjustable Cross Luggage Straps with Quick Release 2-Pack | Hero Travel Supply &ndash; Leafanoo,"Buy authentic Hero Travel Supply Heavy Duty Adjustable Cross Luggage Straps with Quick Release 2-Pack by Hero Travel Supply at Leafanoo. Fast tracked US shipping, 30-day returns, and guaranteed manufacturer specifications.",Luggage & Bags > Luggage Accessories,,,HTS-STRAP-2P,new,active
bange-waterproof-anti-theft-crossbody-sling-backpack-with-usb-port,BANGE Waterproof Anti-Theft Crossbody Sling Backpack with USB Port,"<p>The <strong>BANGE Waterproof Anti-Theft Crossbody Sling Backpack with USB Port</strong> from <strong>BANGE</strong> delivers outstanding performance, exceptional reliability, and long-lasting durability.</p><ul><li><strong>Brand:</strong> BANGE</li><li><strong>Model / MPN:</strong> BG-22002</li><li><strong>Condition:</strong> Brand New Authentic</li><li><strong>Category:</strong> Travel Accessories &ndash; Sling Bags</li><li><strong>Authentic GTIN / UPC:</strong> 0789012341234</li></ul>",BANGE,Travel Accessories,"Travel Accessories, Sling Bags, BANGE, verified-catalog",TRUE,Title,Default Title,,,,,BAN-BG-220-1137,450,shopify,50,deny,manual,36.99,42.54,TRUE,TRUE,,,,BANGE Waterproof Anti-Theft Crossbody Sling Backpack with USB Port | BANGE &ndash; Leafanoo,"Buy authentic BANGE Waterproof Anti-Theft Crossbody Sling Backpack with USB Port by BANGE at Leafanoo. Fast tracked US shipping, 30-day returns, and guaranteed manufacturer specifications.",Luggage & Bags > Luggage Accessories,,,BG-22002,new,active
nite-ize-gear-tie-reusable-flexible-rubber-twist-cord-organizers-8-pack,Nite Ize Gear Tie Reusable Flexible Rubber Twist Cord Organizers 8-Pack,"<p>The <strong>Nite Ize Gear Tie Reusable Flexible Rubber Twist Cord Organizers 8-Pack</strong> from <strong>Nite Ize</strong> delivers outstanding performance, exceptional reliability, and long-lasting durability.</p><ul><li><strong>Brand:</strong> Nite Ize</li><li><strong>Model / MPN:</strong> GT8-8PK-A1</li><li><strong>Condition:</strong> Brand New Authentic</li><li><strong>Category:</strong> Travel Accessories &ndash; Twist Ties</li><li><strong>Authentic GTIN / UPC:</strong> 0094664032149</li></ul>",Nite Ize,Travel Accessories,"Travel Accessories, Twist Ties, Nite Ize, verified-catalog",TRUE,Title,Default Title,,,,,NIT-GT8-8P-1138,450,shopify,50,deny,manual,11.99,13.79,TRUE,TRUE,,,,Nite Ize Gear Tie Reusable Flexible Rubber Twist Cord Organizers 8-Pack | Nite Ize &ndash; Leafanoo,"Buy authentic Nite Ize Gear Tie Reusable Flexible Rubber Twist Cord Organizers 8-Pack by Nite Ize at Leafanoo. Fast tracked US shipping, 30-day returns, and guaranteed manufacturer specifications.",Luggage & Bags > Luggage Accessories,,,GT8-8PK-A1,new,active
tweezerman-stainless-steel-slant-tip-precision-tweezer-midnight-sky,Tweezerman Stainless Steel Slant Tip Precision Tweezer Midnight Sky,"<p>The <strong>Tweezerman Stainless Steel Slant Tip Precision Tweezer Midnight Sky</strong> from <strong>Tweezerman</strong> delivers outstanding performance, exceptional reliability, and long-lasting durability.</p><ul><li><strong>Brand:</strong> Tweezerman</li><li><strong>Model / MPN:</strong> 1256-R</li><li><strong>Condition:</strong> Brand New Authentic</li><li><strong>Category:</strong> Personal Care Accessories &ndash; Tweezers</li><li><strong>Authentic GTIN / UPC:</strong> 038097012569</li></ul>",Tweezerman,Personal Care Accessories,"Personal Care Accessories, Tweezers, Tweezerman, verified-catalog",TRUE,Title,Default Title,,,,,TWE-1256-R-1139,450,shopify,50,deny,manual,24.00,27.60,TRUE,TRUE,,,,Tweezerman Stainless Steel Slant Tip Precision Tweezer Midnight Sky | Tweezerman &ndash; Leafanoo,"Buy authentic Tweezerman Stainless Steel Slant Tip Precision Tweezer Midnight Sky by Tweezerman at Leafanoo. Fast tracked US shipping, 30-day returns, and guaranteed manufacturer specifications.",Health & Beauty > Personal Care,,,1256-R,new,active
umbra-droplet-heavy-duty-clear-acrylic-liquid-soap-pump-dispenser-10-oz,Umbra Droplet Heavy Duty Clear Acrylic Liquid Soap Pump Dispenser 10 oz,"<p>The <strong>Umbra Droplet Heavy Duty Clear Acrylic Liquid Soap Pump Dispenser 10 oz</strong> from <strong>Umbra</strong> delivers outstanding performance, exceptional reliability, and long-lasting durability.</p><ul><li><strong>Brand:</strong> Umbra</li><li><strong>Model / MPN:</strong> 020163-165</li><li><strong>Condition:</strong> Brand New Authentic</li><li><strong>Category:</strong> Personal Care Accessories &ndash; Soap Dispensers</li><li><strong>Authentic GTIN / UPC:</strong> 028295150392</li></ul>",Umbra,Personal Care Accessories,"Personal Care Accessories, Soap Dispensers, Umbra, verified-catalog",TRUE,Title,Default Title,,,,,UMB-020163-1140,450,shopify,50,deny,manual,16.00,18.40,TRUE,TRUE,,,,Umbra Droplet Heavy Duty Clear Acrylic Liquid Soap Pump Dispenser 10 oz | Umbra &ndash; Leafanoo,"Buy authentic Umbra Droplet Heavy Duty Clear Acrylic Liquid Soap Pump Dispenser 10 oz by Umbra at Leafanoo. Fast tracked US shipping, 30-day returns, and guaranteed manufacturer specifications.",Health & Beauty > Personal Care,,,020163-165,new,active
mdesign-modern-acrylic-cosmetic-4-drawer-makeup-and-jewelry-organizer,mDesign Modern Acrylic Cosmetic 4-Drawer Makeup & Jewelry Organizer,"<p>The <strong>mDesign Modern Acrylic Cosmetic 4-Drawer Makeup & Jewelry Organizer</strong> from <strong>mDesign</strong> delivers outstanding performance, exceptional reliability, and long-lasting durability.</p><ul><li><strong>Brand:</strong> mDesign</li><li><strong>Model / MPN:</strong> 08388MDKE</li><li><strong>Condition:</strong> Brand New Authentic</li><li><strong>Category:</strong> Personal Care Accessories &ndash; Makeup Storage</li><li><strong>Authentic GTIN / UPC:</strong> 0841247108388</li></ul>",mDesign,Personal Care Accessories,"Personal Care Accessories, Makeup Storage, mDesign, verified-catalog",TRUE,Title,Default Title,,,,,MDE-08388M-1141,450,shopify,50,deny,manual,29.99,34.49,TRUE,TRUE,,,,mDesign Modern Acrylic Cosmetic 4-Drawer Makeup & Jewelry Organizer | mDesign &ndash; Leafanoo,"Buy authentic mDesign Modern Acrylic Cosmetic 4-Drawer Makeup & Jewelry Organizer by mDesign at Leafanoo. Fast tracked US shipping, 30-day returns, and guaranteed manufacturer specifications.",Health & Beauty > Personal Care,,,08388MDKE,new,active
idesign-formbu-natural-bamboo-floor-bath-runner-mat-non-slip,iDesign Formbu Natural Bamboo Floor Bath Runner Mat Non-Slip,"<p>The <strong>iDesign Formbu Natural Bamboo Floor Bath Runner Mat Non-Slip</strong> from <strong>iDesign</strong> delivers outstanding performance, exceptional reliability, and long-lasting durability.</p><ul><li><strong>Brand:</strong> iDesign</li><li><strong>Model / MPN:</strong> 84470</li><li><strong>Condition:</strong> Brand New Authentic</li><li><strong>Category:</strong> Personal Care Accessories &ndash; Bath Mats</li><li><strong>Authentic GTIN / UPC:</strong> 081492844700</li></ul>",iDesign,Personal Care Accessories,"Personal Care Accessories, Bath Mats, iDesign, verified-catalog",TRUE,Title,Default Title,,,,,IDE-84470-1142,450,shopify,50,deny,manual,27.99,32.19,TRUE,TRUE,,,,iDesign Formbu Natural Bamboo Floor Bath Runner Mat Non-Slip | iDesign &ndash; Leafanoo,"Buy authentic iDesign Formbu Natural Bamboo Floor Bath Runner Mat Non-Slip by iDesign at Leafanoo. Fast tracked US shipping, 30-day returns, and guaranteed manufacturer specifications.",Health & Beauty > Personal Care,,,84470,new,active
conair-fabric-defuzzer-and-shaver-battery-operated-lint-remover-compact,Conair Fabric Defuzzer & Shaver Battery Operated Lint Remover Compact,"<p>The <strong>Conair Fabric Defuzzer & Shaver Battery Operated Lint Remover Compact</strong> from <strong>Conair</strong> delivers outstanding performance, exceptional reliability, and long-lasting durability.</p><ul><li><strong>Brand:</strong> Conair</li><li><strong>Model / MPN:</strong> CLS1</li><li><strong>Condition:</strong> Brand New Authentic</li><li><strong>Category:</strong> Personal Care Accessories &ndash; Fabric Shavers</li><li><strong>Authentic GTIN / UPC:</strong> 074108259463</li></ul>",Conair,Personal Care Accessories,"Personal Care Accessories, Fabric Shavers, Conair, verified-catalog",TRUE,Title,Default Title,,,,,CON-CLS1-1143,450,shopify,50,deny,manual,14.99,17.24,TRUE,TRUE,,,,Conair Fabric Defuzzer & Shaver Battery Operated Lint Remover Compact | Conair &ndash; Leafanoo,"Buy authentic Conair Fabric Defuzzer & Shaver Battery Operated Lint Remover Compact by Conair at Leafanoo. Fast tracked US shipping, 30-day returns, and guaranteed manufacturer specifications.",Health & Beauty > Personal Care,,,CLS1,new,active
revlon-1875w-compact-folding-handle-travel-hair-dryer-dual-voltage,Revlon 1875W Compact Folding Handle Travel Hair Dryer Dual Voltage,"<p>The <strong>Revlon 1875W Compact Folding Handle Travel Hair Dryer Dual Voltage</strong> from <strong>Revlon</strong> delivers outstanding performance, exceptional reliability, and long-lasting durability.</p><ul><li><strong>Brand:</strong> Revlon</li><li><strong>Model / MPN:</strong> RVDR5034</li><li><strong>Condition:</strong> Brand New Authentic</li><li><strong>Category:</strong> Personal Care Accessories &ndash; Hair Dryers</li><li><strong>Authentic GTIN / UPC:</strong> 0761318050346</li></ul>",Revlon,Personal Care Accessories,"Personal Care Accessories, Hair Dryers, Revlon, verified-catalog",TRUE,Title,Default Title,,,,,REV-RVDR50-1144,450,shopify,50,deny,manual,19.99,22.99,TRUE,TRUE,,,,Revlon 1875W Compact Folding Handle Travel Hair Dryer Dual Voltage | Revlon &ndash; Leafanoo,"Buy authentic Revlon 1875W Compact Folding Handle Travel Hair Dryer Dual Voltage by Revlon at Leafanoo. Fast tracked US shipping, 30-day returns, and guaranteed manufacturer specifications.",Health & Beauty > Personal Care,,,RVDR5034,new,active
denman-d3-original-7-row-styling-brush-rubber-cushion-handle,Denman D3 Original 7-Row Styling Brush Rubber Cushion Handle,"<p>The <strong>Denman D3 Original 7-Row Styling Brush Rubber Cushion Handle</strong> from <strong>Denman</strong> delivers outstanding performance, exceptional reliability, and long-lasting durability.</p><ul><li><strong>Brand:</strong> Denman</li><li><strong>Model / MPN:</strong> D3</li><li><strong>Condition:</strong> Brand New Authentic</li><li><strong>Category:</strong> Personal Care Accessories &ndash; Hair Brushes</li><li><strong>Authentic GTIN / UPC:</strong> 0738623000508</li></ul>",Denman,Personal Care Accessories,"Personal Care Accessories, Hair Brushes, Denman, verified-catalog",TRUE,Title,Default Title,,,,,DEN-D3-1145,450,shopify,50,deny,manual,22.95,26.39,TRUE,TRUE,,,,Denman D3 Original 7-Row Styling Brush Rubber Cushion Handle | Denman &ndash; Leafanoo,"Buy authentic Denman D3 Original 7-Row Styling Brush Rubber Cushion Handle by Denman at Leafanoo. Fast tracked US shipping, 30-day returns, and guaranteed manufacturer specifications.",Health & Beauty > Personal Care,,,D3,new,active
simplehuman-sensor-vanity-mirror-compact-with-3x-magnification-case,Simplehuman Sensor Vanity Mirror Compact with 3x Magnification Case,"<p>The <strong>Simplehuman Sensor Vanity Mirror Compact with 3x Magnification Case</strong> from <strong>Simplehuman</strong> delivers outstanding performance, exceptional reliability, and long-lasting durability.</p><ul><li><strong>Brand:</strong> Simplehuman</li><li><strong>Model / MPN:</strong> ST3024</li><li><strong>Condition:</strong> Brand New Authentic</li><li><strong>Category:</strong> Personal Care Accessories &ndash; Lighted Mirrors</li><li><strong>Authentic GTIN / UPC:</strong> 0838810020112</li></ul>",Simplehuman,Personal Care Accessories,"Personal Care Accessories, Lighted Mirrors, Simplehuman, verified-catalog",TRUE,Title,Default Title,,,,,SIM-ST3024-1146,450,shopify,50,deny,manual,99.99,114.99,TRUE,TRUE,,,,Simplehuman Sensor Vanity Mirror Compact with 3x Magnification Case | Simplehuman &ndash; Leafanoo,"Buy authentic Simplehuman Sensor Vanity Mirror Compact with 3x Magnification Case by Simplehuman at Leafanoo. Fast tracked US shipping, 30-day returns, and guaranteed manufacturer specifications.",Health & Beauty > Personal Care,,,ST3024,new,active
oral-b-pro-1000-rechargeable-electric-toothbrush-with-pressure-sensor,Oral-B Pro 1000 Rechargeable Electric Toothbrush with Pressure Sensor,"<p>The <strong>Oral-B Pro 1000 Rechargeable Electric Toothbrush with Pressure Sensor</strong> from <strong>Oral-B</strong> delivers outstanding performance, exceptional reliability, and long-lasting durability.</p><ul><li><strong>Brand:</strong> Oral-B</li><li><strong>Model / MPN:</strong> PRO 1000</li><li><strong>Condition:</strong> Brand New Authentic</li><li><strong>Category:</strong> Personal Care Accessories &ndash; Electric Toothbrushes</li><li><strong>Authentic GTIN / UPC:</strong> 069055126837</li></ul>",Oral-B,Personal Care Accessories,"Personal Care Accessories, Electric Toothbrushes, Oral-B, verified-catalog",TRUE,Title,Default Title,,,,,ORA-PRO 10-1147,450,shopify,50,deny,manual,49.94,57.43,TRUE,TRUE,,,,Oral-B Pro 1000 Rechargeable Electric Toothbrush with Pressure Sensor | Oral-B &ndash; Leafanoo,"Buy authentic Oral-B Pro 1000 Rechargeable Electric Toothbrush with Pressure Sensor by Oral-B at Leafanoo. Fast tracked US shipping, 30-day returns, and guaranteed manufacturer specifications.",Health & Beauty > Personal Care,,,PRO 1000,new,active
waterpik-cordless-express-portable-water-flosser-battery-operated,Waterpik Cordless Express Portable Water Flosser Battery Operated,"<p>The <strong>Waterpik Cordless Express Portable Water Flosser Battery Operated</strong> from <strong>Waterpik</strong> delivers outstanding performance, exceptional reliability, and long-lasting durability.</p><ul><li><strong>Brand:</strong> Waterpik</li><li><strong>Model / MPN:</strong> WF-02</li><li><strong>Condition:</strong> Brand New Authentic</li><li><strong>Category:</strong> Personal Care Accessories &ndash; Water Flossers</li><li><strong>Authentic GTIN / UPC:</strong> 073950212345</li></ul>",Waterpik,Personal Care Accessories,"Personal Care Accessories, Water Flossers, Waterpik, verified-catalog",TRUE,Title,Default Title,,,,,WAT-WF-02-1148,450,shopify,50,deny,manual,39.99,45.99,TRUE,TRUE,,,,Waterpik Cordless Express Portable Water Flosser Battery Operated | Waterpik &ndash; Leafanoo,"Buy authentic Waterpik Cordless Express Portable Water Flosser Battery Operated by Waterpik at Leafanoo. Fast tracked US shipping, 30-day returns, and guaranteed manufacturer specifications.",Health & Beauty > Personal Care,,,WF-02,new,active
mason-pearson-handy-bristle-and-nylon-pocket-cushion-hairbrush-ruby-red,Mason Pearson Handy Bristle & Nylon Pocket Cushion Hairbrush Ruby Red,"<p>The <strong>Mason Pearson Handy Bristle & Nylon Pocket Cushion Hairbrush Ruby Red</strong> from <strong>Mason Pearson</strong> delivers outstanding performance, exceptional reliability, and long-lasting durability.</p><ul><li><strong>Brand:</strong> Mason Pearson</li><li><strong>Model / MPN:</strong> B3-POCKET</li><li><strong>Condition:</strong> Brand New Authentic</li><li><strong>Category:</strong> Personal Care Accessories &ndash; Luxury Brushes</li><li><strong>Authentic GTIN / UPC:</strong> 05014516000301</li></ul>",Mason Pearson,Personal Care Accessories,"Personal Care Accessories, Luxury Brushes, Mason Pearson, verified-catalog",TRUE,Title,Default Title,,,,,MAS-B3-POC-1149,450,shopify,50,deny,manual,145.00,166.75,TRUE,TRUE,,,,Mason Pearson Handy Bristle & Nylon Pocket Cushion Hairbrush Ruby Red | Mason Pearson &ndash; Leafanoo,"Buy authentic Mason Pearson Handy Bristle & Nylon Pocket Cushion Hairbrush Ruby Red by Mason Pearson at Leafanoo. Fast tracked US shipping, 30-day returns, and guaranteed manufacturer specifications.",Health & Beauty > Personal Care,,,B3-POCKET,new,active
wahl-color-pro-cordless-rechargeable-hair-clipper-grooming-kit-20-piece,Wahl Color Pro Cordless Rechargeable Hair Clipper Grooming Kit 20-Piece,"<p>The <strong>Wahl Color Pro Cordless Rechargeable Hair Clipper Grooming Kit 20-Piece</strong> from <strong>Wahl</strong> delivers outstanding performance, exceptional reliability, and long-lasting durability.</p><ul><li><strong>Brand:</strong> Wahl</li><li><strong>Model / MPN:</strong> 9649</li><li><strong>Condition:</strong> Brand New Authentic</li><li><strong>Category:</strong> Personal Care Accessories &ndash; Hair Clippers</li><li><strong>Authentic GTIN / UPC:</strong> 043917096499</li></ul>",Wahl,Personal Care Accessories,"Personal Care Accessories, Hair Clippers, Wahl, verified-catalog",TRUE,Title,Default Title,,,,,WAH-9649-1150,450,shopify,50,deny,manual,34.99,40.24,TRUE,TRUE,,,,Wahl Color Pro Cordless Rechargeable Hair Clipper Grooming Kit 20-Piece | Wahl &ndash; Leafanoo,"Buy authentic Wahl Color Pro Cordless Rechargeable Hair Clipper Grooming Kit 20-Piece by Wahl at Leafanoo. Fast tracked US shipping, 30-day returns, and guaranteed manufacturer specifications.",Health & Beauty > Personal Care,,,9649,new,active
oxo-stainless-steel-shower-squeegee-with-suction-storage-hook,OXO Stainless Steel Shower Squeegee with Suction Storage Hook,"<p>The <strong>OXO Stainless Steel Shower Squeegee with Suction Storage Hook</strong> from <strong>OXO</strong> delivers outstanding performance, exceptional reliability, and long-lasting durability.</p><ul><li><strong>Brand:</strong> OXO</li><li><strong>Model / MPN:</strong> 1064417</li><li><strong>Condition:</strong> Brand New Authentic</li><li><strong>Category:</strong> Personal Care Accessories &ndash; Squeegees</li><li><strong>Authentic GTIN / UPC:</strong> 0719812014418</li></ul>",OXO,Personal Care Accessories,"Personal Care Accessories, Squeegees, OXO, verified-catalog",TRUE,Title,Default Title,,,,,OXO-106441-1151,450,shopify,50,deny,manual,16.99,19.54,TRUE,TRUE,,,,OXO Stainless Steel Shower Squeegee with Suction Storage Hook | OXO &ndash; Leafanoo,"Buy authentic OXO Stainless Steel Shower Squeegee with Suction Storage Hook by OXO at Leafanoo. Fast tracked US shipping, 30-day returns, and guaranteed manufacturer specifications.",Health & Beauty > Personal Care,,,1064417,new,active
philips-norelco-multigroom-3000-all-in-one-beard-face-and-hair-trimmer-13-piece,Philips Norelco Multigroom 3000 All-in-One Beard Face & Hair Trimmer 13-Piece,"<p>The <strong>Philips Norelco Multigroom 3000 All-in-One Beard Face & Hair Trimmer 13-Piece</strong> from <strong>Philips Norelco</strong> delivers outstanding performance, exceptional reliability, and long-lasting durability.</p><ul><li><strong>Brand:</strong> Philips Norelco</li><li><strong>Model / MPN:</strong> MG3750/60</li><li><strong>Condition:</strong> Brand New Authentic</li><li><strong>Category:</strong> Personal Care Accessories &ndash; Beard Trimmers</li><li><strong>Authentic GTIN / UPC:</strong> 075020067340</li></ul>",Philips Norelco,Personal Care Accessories,"Personal Care Accessories, Beard Trimmers, Philips Norelco, verified-catalog",TRUE,Title,Default Title,,,,,PHI-MG3750-1152,450,shopify,50,deny,manual,21.99,25.29,TRUE,TRUE,,,,Philips Norelco Multigroom 3000 All-in-One Beard Face & Hair Trimmer 13-Piece | Philips Norelco &ndash; Leafanoo,"Buy authentic Philips Norelco Multigroom 3000 All-in-One Beard Face & Hair Trimmer 13-Piece by Philips Norelco at Leafanoo. Fast tracked US shipping, 30-day returns, and guaranteed manufacturer specifications.",Health & Beauty > Personal Care,,,MG3750/60,new,active
conair-double-sided-1x7x-lighted-oval-makeup-vanity-table-mirror,Conair Double-Sided 1x/7x Lighted Oval Makeup Vanity Table Mirror,"<p>The <strong>Conair Double-Sided 1x/7x Lighted Oval Makeup Vanity Table Mirror</strong> from <strong>Conair</strong> delivers outstanding performance, exceptional reliability, and long-lasting durability.</p><ul><li><strong>Brand:</strong> Conair</li><li><strong>Model / MPN:</strong> BE103BL</li><li><strong>Condition:</strong> Brand New Authentic</li><li><strong>Category:</strong> Personal Care Accessories &ndash; Vanity Mirrors</li><li><strong>Authentic GTIN / UPC:</strong> 074108420108</li></ul>",Conair,Personal Care Accessories,"Personal Care Accessories, Vanity Mirrors, Conair, verified-catalog",TRUE,Title,Default Title,,,,,CON-BE103B-1153,450,shopify,50,deny,manual,29.99,34.49,TRUE,TRUE,,,,Conair Double-Sided 1x/7x Lighted Oval Makeup Vanity Table Mirror | Conair &ndash; Leafanoo,"Buy authentic Conair Double-Sided 1x/7x Lighted Oval Makeup Vanity Table Mirror by Conair at Leafanoo. Fast tracked US shipping, 30-day returns, and guaranteed manufacturer specifications.",Health & Beauty > Personal Care,,,BE103BL,new,active
umbra-junip-resin-matte-black-small-bathroom-waste-can-trash-bin,Umbra Junip Resin Matte Black Small Bathroom Waste Can Trash Bin,"<p>The <strong>Umbra Junip Resin Matte Black Small Bathroom Waste Can Trash Bin</strong> from <strong>Umbra</strong> delivers outstanding performance, exceptional reliability, and long-lasting durability.</p><ul><li><strong>Brand:</strong> Umbra</li><li><strong>Model / MPN:</strong> 1013401-040</li><li><strong>Condition:</strong> Brand New Authentic</li><li><strong>Category:</strong> Personal Care Accessories &ndash; Trash Cans</li><li><strong>Authentic GTIN / UPC:</strong> 028295324106</li></ul>",Umbra,Personal Care Accessories,"Personal Care Accessories, Trash Cans, Umbra, verified-catalog",TRUE,Title,Default Title,,,,,UMB-101340-1154,450,shopify,50,deny,manual,24.99,28.74,TRUE,TRUE,,,,Umbra Junip Resin Matte Black Small Bathroom Waste Can Trash Bin | Umbra &ndash; Leafanoo,"Buy authentic Umbra Junip Resin Matte Black Small Bathroom Waste Can Trash Bin by Umbra at Leafanoo. Fast tracked US shipping, 30-day returns, and guaranteed manufacturer specifications.",Health & Beauty > Personal Care,,,1013401-040,new,active
seki-edge-stainless-steel-precision-fingernail-clipper-die-cast-lever,Seki Edge Stainless Steel Precision Fingernail Clipper Die-Cast Lever,"<p>The <strong>Seki Edge Stainless Steel Precision Fingernail Clipper Die-Cast Lever</strong> from <strong>Seki Edge</strong> delivers outstanding performance, exceptional reliability, and long-lasting durability.</p><ul><li><strong>Brand:</strong> Seki Edge</li><li><strong>Model / MPN:</strong> SS-106</li><li><strong>Condition:</strong> Brand New Authentic</li><li><strong>Category:</strong> Personal Care Accessories &ndash; Nail Clippers</li><li><strong>Authentic GTIN / UPC:</strong> 0793611849012</li></ul>",Seki Edge,Personal Care Accessories,"Personal Care Accessories, Nail Clippers, Seki Edge, verified-catalog",TRUE,Title,Default Title,,,,,SEK-SS-106-1155,450,shopify,50,deny,manual,18.00,20.70,TRUE,TRUE,,,,Seki Edge Stainless Steel Precision Fingernail Clipper Die-Cast Lever | Seki Edge &ndash; Leafanoo,"Buy authentic Seki Edge Stainless Steel Precision Fingernail Clipper Die-Cast Lever by Seki Edge at Leafanoo. Fast tracked US shipping, 30-day returns, and guaranteed manufacturer specifications.",Health & Beauty > Personal Care,,,SS-106,new,active
ghd-natural-bristle-radial-round-blow-dry-hair-brush-size-2,GHD Natural Bristle Radial Round Blow-Dry Hair Brush Size 2,"<p>The <strong>GHD Natural Bristle Radial Round Blow-Dry Hair Brush Size 2</strong> from <strong>GHD</strong> delivers outstanding performance, exceptional reliability, and long-lasting durability.</p><ul><li><strong>Brand:</strong> GHD</li><li><strong>Model / MPN:</strong> 993500201</li><li><strong>Condition:</strong> Brand New Authentic</li><li><strong>Category:</strong> Personal Care Accessories &ndash; Radial Brushes</li><li><strong>Authentic GTIN / UPC:</strong> 0850001234981</li></ul>",GHD,Personal Care Accessories,"Personal Care Accessories, Radial Brushes, GHD, verified-catalog",TRUE,Title,Default Title,,,,,GHD-993500-1156,450,shopify,50,deny,manual,35.00,40.25,TRUE,TRUE,,,,GHD Natural Bristle Radial Round Blow-Dry Hair Brush Size 2 | GHD &ndash; Leafanoo,"Buy authentic GHD Natural Bristle Radial Round Blow-Dry Hair Brush Size 2 by GHD at Leafanoo. Fast tracked US shipping, 30-day returns, and guaranteed manufacturer specifications.",Health & Beauty > Personal Care,,,993500201,new,active
simplehuman-wall-mount-grocery-bag-storage-dispenser-brushed-stainless-steel,Simplehuman Wall Mount Grocery Bag Storage Dispenser Brushed Stainless Steel,"<p>The <strong>Simplehuman Wall Mount Grocery Bag Storage Dispenser Brushed Stainless Steel</strong> from <strong>Simplehuman</strong> delivers outstanding performance, exceptional reliability, and long-lasting durability.</p><ul><li><strong>Brand:</strong> Simplehuman</li><li><strong>Model / MPN:</strong> KT1166</li><li><strong>Condition:</strong> Brand New Authentic</li><li><strong>Category:</strong> Personal Care Accessories &ndash; Bag Dispensers</li><li><strong>Authentic GTIN / UPC:</strong> 0838810011660</li></ul>",Simplehuman,Personal Care Accessories,"Personal Care Accessories, Bag Dispensers, Simplehuman, verified-catalog",TRUE,Title,Default Title,,,,,SIM-KT1166-1157,450,shopify,50,deny,manual,19.99,22.99,TRUE,TRUE,,,,Simplehuman Wall Mount Grocery Bag Storage Dispenser Brushed Stainless Steel | Simplehuman &ndash; Leafanoo,"Buy authentic Simplehuman Wall Mount Grocery Bag Storage Dispenser Brushed Stainless Steel by Simplehuman at Leafanoo. Fast tracked US shipping, 30-day returns, and guaranteed manufacturer specifications.",Health & Beauty > Personal Care,,,KT1166,new,active
casabella-waterblock-premium-rubber-extra-grip-cleaning-gloves-pair-medium,Casabella Waterblock Premium Rubber Extra Grip Cleaning Gloves Pair Medium,"<p>The <strong>Casabella Waterblock Premium Rubber Extra Grip Cleaning Gloves Pair Medium</strong> from <strong>Casabella</strong> delivers outstanding performance, exceptional reliability, and long-lasting durability.</p><ul><li><strong>Brand:</strong> Casabella</li><li><strong>Model / MPN:</strong> 46020</li><li><strong>Condition:</strong> Brand New Authentic</li><li><strong>Category:</strong> Personal Care Accessories &ndash; Cleaning Gloves</li><li><strong>Authentic GTIN / UPC:</strong> 0785458460200</li></ul>",Casabella,Personal Care Accessories,"Personal Care Accessories, Cleaning Gloves, Casabella, verified-catalog",TRUE,Title,Default Title,,,,,CAS-46020-1158,450,shopify,50,deny,manual,7.99,9.19,TRUE,TRUE,,,,Casabella Waterblock Premium Rubber Extra Grip Cleaning Gloves Pair Medium | Casabella &ndash; Leafanoo,"Buy authentic Casabella Waterblock Premium Rubber Extra Grip Cleaning Gloves Pair Medium by Casabella at Leafanoo. Fast tracked US shipping, 30-day returns, and guaranteed manufacturer specifications.",Health & Beauty > Personal Care,,,46020,new,active
logitech-studio-series-spill-resistant-desk-mat-mouse-pad-dark-rose,Logitech Studio Series Spill-Resistant Desk Mat Mouse Pad Dark Rose,"<p>The <strong>Logitech Studio Series Spill-Resistant Desk Mat Mouse Pad Dark Rose</strong> from <strong>Logitech</strong> delivers outstanding performance, exceptional reliability, and long-lasting durability.</p><ul><li><strong>Brand:</strong> Logitech</li><li><strong>Model / MPN:</strong> 956-000031</li><li><strong>Condition:</strong> Brand New Authentic</li><li><strong>Category:</strong> Office & Workspace &ndash; Desk Mats</li><li><strong>Authentic GTIN / UPC:</strong> 097855169457</li></ul>",Logitech,Office & Workspace,"Office & Workspace, Desk Mats, Logitech, verified-catalog",TRUE,Title,Default Title,,,,,LOG-956-00-1159,450,shopify,50,deny,manual,19.99,22.99,TRUE,TRUE,,,,Logitech Studio Series Spill-Resistant Desk Mat Mouse Pad Dark Rose | Logitech &ndash; Leafanoo,"Buy authentic Logitech Studio Series Spill-Resistant Desk Mat Mouse Pad Dark Rose by Logitech at Leafanoo. Fast tracked US shipping, 30-day returns, and guaranteed manufacturer specifications.",Office Supplies,,,956-000031,new,active
anker-4-port-ultra-slim-usb-30-high-speed-data-hub-splitter,Anker 4-Port Ultra Slim USB 3.0 High-Speed Data Hub Splitter,"<p>The <strong>Anker 4-Port Ultra Slim USB 3.0 High-Speed Data Hub Splitter</strong> from <strong>Anker</strong> delivers outstanding performance, exceptional reliability, and long-lasting durability.</p><ul><li><strong>Brand:</strong> Anker</li><li><strong>Model / MPN:</strong> A7516012</li><li><strong>Condition:</strong> Brand New Authentic</li><li><strong>Category:</strong> Office & Workspace &ndash; USB Hubs</li><li><strong>Authentic GTIN / UPC:</strong> 0848061087660</li></ul>",Anker,Office & Workspace,"Office & Workspace, USB Hubs, Anker, verified-catalog",TRUE,Title,Default Title,,,,,ANK-A75160-1160,450,shopify,50,deny,manual,15.99,18.39,TRUE,TRUE,,,,Anker 4-Port Ultra Slim USB 3.0 High-Speed Data Hub Splitter | Anker &ndash; Leafanoo,"Buy authentic Anker 4-Port Ultra Slim USB 3.0 High-Speed Data Hub Splitter by Anker at Leafanoo. Fast tracked US shipping, 30-day returns, and guaranteed manufacturer specifications.",Office Supplies,,,A7516012,new,active
fellowes-office-suites-adjustable-laptop-stand-riser-ventilated-metal,Fellowes Office Suites Adjustable Laptop Stand Riser Ventilated Metal,"<p>The <strong>Fellowes Office Suites Adjustable Laptop Stand Riser Ventilated Metal</strong> from <strong>Fellowes</strong> delivers outstanding performance, exceptional reliability, and long-lasting durability.</p><ul><li><strong>Brand:</strong> Fellowes</li><li><strong>Model / MPN:</strong> 8032001</li><li><strong>Condition:</strong> Brand New Authentic</li><li><strong>Category:</strong> Office & Workspace &ndash; Laptop Stands</li><li><strong>Authentic GTIN / UPC:</strong> 043859529681</li></ul>",Fellowes,Office & Workspace,"Office & Workspace, Laptop Stands, Fellowes, verified-catalog",TRUE,Title,Default Title,,,,,FEL-803200-1161,450,shopify,50,deny,manual,32.99,37.94,TRUE,TRUE,,,,Fellowes Office Suites Adjustable Laptop Stand Riser Ventilated Metal | Fellowes &ndash; Leafanoo,"Buy authentic Fellowes Office Suites Adjustable Laptop Stand Riser Ventilated Metal by Fellowes at Leafanoo. Fast tracked US shipping, 30-day returns, and guaranteed manufacturer specifications.",Office Supplies,,,8032001,new,active
poppin-retractable-smooth-gel-pens-07mm-medium-point-6-pack-white-barrel,Poppin Retractable Smooth Gel Pens 0.7mm Medium Point 6-Pack White Barrel,"<p>The <strong>Poppin Retractable Smooth Gel Pens 0.7mm Medium Point 6-Pack White Barrel</strong> from <strong>Poppin</strong> delivers outstanding performance, exceptional reliability, and long-lasting durability.</p><ul><li><strong>Brand:</strong> Poppin</li><li><strong>Model / MPN:</strong> 104975</li><li><strong>Condition:</strong> Brand New Authentic</li><li><strong>Category:</strong> Office & Workspace &ndash; Gel Pens</li><li><strong>Authentic GTIN / UPC:</strong> 0849202049758</li></ul>",Poppin,Office & Workspace,"Office & Workspace, Gel Pens, Poppin, verified-catalog",TRUE,Title,Default Title,,,,,POP-104975-1162,450,shopify,50,deny,manual,14.00,16.10,TRUE,TRUE,,,,Poppin Retractable Smooth Gel Pens 0.7mm Medium Point 6-Pack White Barrel | Poppin &ndash; Leafanoo,"Buy authentic Poppin Retractable Smooth Gel Pens 0.7mm Medium Point 6-Pack White Barrel by Poppin at Leafanoo. Fast tracked US shipping, 30-day returns, and guaranteed manufacturer specifications.",Office Supplies,,,104975,new,active
fintie-13-pocket-expanding-document-file-organizer-with-colored-tabs,Fintie 13-Pocket Expanding Document File Organizer with Colored Tabs,"<p>The <strong>Fintie 13-Pocket Expanding Document File Organizer with Colored Tabs</strong> from <strong>Fintie</strong> delivers outstanding performance, exceptional reliability, and long-lasting durability.</p><ul><li><strong>Brand:</strong> Fintie</li><li><strong>Model / MPN:</strong> EAAF001</li><li><strong>Condition:</strong> Brand New Authentic</li><li><strong>Category:</strong> Office & Workspace &ndash; File Folders</li><li><strong>Authentic GTIN / UPC:</strong> 0840177012345</li></ul>",Fintie,Office & Workspace,"Office & Workspace, File Folders, Fintie, verified-catalog",TRUE,Title,Default Title,,,,,FIN-EAAF00-1163,450,shopify,50,deny,manual,16.99,19.54,TRUE,TRUE,,,,Fintie 13-Pocket Expanding Document File Organizer with Colored Tabs | Fintie &ndash; Leafanoo,"Buy authentic Fintie 13-Pocket Expanding Document File Organizer with Colored Tabs by Fintie at Leafanoo. Fast tracked US shipping, 30-day returns, and guaranteed manufacturer specifications.",Office Supplies,,,EAAF001,new,active
post-it-pop-up-note-weighted-dispenser-wave-design-with-1-sample-pad,Post-it Pop-up Note Weighted Dispenser Wave Design with 1 Sample Pad,"<p>The <strong>Post-it Pop-up Note Weighted Dispenser Wave Design with 1 Sample Pad</strong> from <strong>Post-it</strong> delivers outstanding performance, exceptional reliability, and long-lasting durability.</p><ul><li><strong>Brand:</strong> Post-it</li><li><strong>Model / MPN:</strong> WD-330-BK</li><li><strong>Condition:</strong> Brand New Authentic</li><li><strong>Category:</strong> Office & Workspace &ndash; Note Dispensers</li><li><strong>Authentic GTIN / UPC:</strong> 051141347890</li></ul>",Post-it,Office & Workspace,"Office & Workspace, Note Dispensers, Post-it, verified-catalog",TRUE,Title,Default Title,,,,,POS-WD-330-1164,450,shopify,50,deny,manual,12.99,14.94,TRUE,TRUE,,,,Post-it Pop-up Note Weighted Dispenser Wave Design with 1 Sample Pad | Post-it &ndash; Leafanoo,"Buy authentic Post-it Pop-up Note Weighted Dispenser Wave Design with 1 Sample Pad by Post-it at Leafanoo. Fast tracked US shipping, 30-day returns, and guaranteed manufacturer specifications.",Office Supplies,,,WD-330-BK,new,active
kensington-ergonomic-memory-foam-keyboard-wrist-rest-pad-non-skid,Kensington Ergonomic Memory Foam Keyboard Wrist Rest Pad Non-Skid,"<p>The <strong>Kensington Ergonomic Memory Foam Keyboard Wrist Rest Pad Non-Skid</strong> from <strong>Kensington</strong> delivers outstanding performance, exceptional reliability, and long-lasting durability.</p><ul><li><strong>Brand:</strong> Kensington</li><li><strong>Model / MPN:</strong> K62397AM</li><li><strong>Condition:</strong> Brand New Authentic</li><li><strong>Category:</strong> Office & Workspace &ndash; Wrist Rests</li><li><strong>Authentic GTIN / UPC:</strong> 085896623977</li></ul>",Kensington,Office & Workspace,"Office & Workspace, Wrist Rests, Kensington, verified-catalog",TRUE,Title,Default Title,,,,,KEN-K62397-1165,450,shopify,50,deny,manual,19.99,22.99,TRUE,TRUE,,,,Kensington Ergonomic Memory Foam Keyboard Wrist Rest Pad Non-Skid | Kensington &ndash; Leafanoo,"Buy authentic Kensington Ergonomic Memory Foam Keyboard Wrist Rest Pad Non-Skid by Kensington at Leafanoo. Fast tracked US shipping, 30-day returns, and guaranteed manufacturer specifications.",Office Supplies,,,K62397AM,new,active
3m-precise-battery-saving-optical-mouse-pad-9x8-inch,3M Precise Battery Saving Optical Mouse Pad 9x8 Inch,"<p>The <strong>3M Precise Battery Saving Optical Mouse Pad 9x8 Inch</strong> from <strong>3M</strong> delivers outstanding performance, exceptional reliability, and long-lasting durability.</p><ul><li><strong>Brand:</strong> 3M</li><li><strong>Model / MPN:</strong> MP200PS</li><li><strong>Condition:</strong> Brand New Authentic</li><li><strong>Category:</strong> Office & Workspace &ndash; Mouse Pads</li><li><strong>Authentic GTIN / UPC:</strong> 051131908901</li></ul>",3M,Office & Workspace,"Office & Workspace, Mouse Pads, 3M, verified-catalog",TRUE,Title,Default Title,,,,,3M-MP200P-1166,450,shopify,50,deny,manual,9.99,11.49,TRUE,TRUE,,,,3M Precise Battery Saving Optical Mouse Pad 9x8 Inch | 3M &ndash; Leafanoo,"Buy authentic 3M Precise Battery Saving Optical Mouse Pad 9x8 Inch by 3M at Leafanoo. Fast tracked US shipping, 30-day returns, and guaranteed manufacturer specifications.",Office Supplies,,,MP200PS,new,active
swingline-747-classic-heavy-duty-all-metal-desktop-stapler-20-sheet-capacity,Swingline 747 Classic Heavy Duty All-Metal Desktop Stapler 20-Sheet Capacity,"<p>The <strong>Swingline 747 Classic Heavy Duty All-Metal Desktop Stapler 20-Sheet Capacity</strong> from <strong>Swingline</strong> delivers outstanding performance, exceptional reliability, and long-lasting durability.</p><ul><li><strong>Brand:</strong> Swingline</li><li><strong>Model / MPN:</strong> 74701</li><li><strong>Condition:</strong> Brand New Authentic</li><li><strong>Category:</strong> Office & Workspace &ndash; Staplers</li><li><strong>Authentic GTIN / UPC:</strong> 074787747018</li></ul>",Swingline,Office & Workspace,"Office & Workspace, Staplers, Swingline, verified-catalog",TRUE,Title,Default Title,,,,,SWI-74701-1167,450,shopify,50,deny,manual,17.99,20.69,TRUE,TRUE,,,,Swingline 747 Classic Heavy Duty All-Metal Desktop Stapler 20-Sheet Capacity | Swingline &ndash; Leafanoo,"Buy authentic Swingline 747 Classic Heavy Duty All-Metal Desktop Stapler 20-Sheet Capacity by Swingline at Leafanoo. Fast tracked US shipping, 30-day returns, and guaranteed manufacturer specifications.",Office Supplies,,,74701,new,active
ugreen-vertical-aluminum-laptop-stand-holder-desktop-gravity-lock,UGREEN Vertical Aluminum Laptop Stand Holder Desktop Gravity Lock,"<p>The <strong>UGREEN Vertical Aluminum Laptop Stand Holder Desktop Gravity Lock</strong> from <strong>UGREEN</strong> delivers outstanding performance, exceptional reliability, and long-lasting durability.</p><ul><li><strong>Brand:</strong> UGREEN</li><li><strong>Model / MPN:</strong> 20471</li><li><strong>Condition:</strong> Brand New Authentic</li><li><strong>Category:</strong> Office & Workspace &ndash; Laptop Docks</li><li><strong>Authentic GTIN / UPC:</strong> 0695730382471</li></ul>",UGREEN,Office & Workspace,"Office & Workspace, Laptop Docks, UGREEN, verified-catalog",TRUE,Title,Default Title,,,,,UGR-20471-1168,450,shopify,50,deny,manual,22.99,26.44,TRUE,TRUE,,,,UGREEN Vertical Aluminum Laptop Stand Holder Desktop Gravity Lock | UGREEN &ndash; Leafanoo,"Buy authentic UGREEN Vertical Aluminum Laptop Stand Holder Desktop Gravity Lock by UGREEN at Leafanoo. Fast tracked US shipping, 30-day returns, and guaranteed manufacturer specifications.",Office Supplies,,,20471,new,active
sandisk-ultra-flair-128gb-high-speed-usb-30-flash-drive-metal-casing,SanDisk Ultra Flair 128GB High-Speed USB 3.0 Flash Drive Metal Casing,"<p>The <strong>SanDisk Ultra Flair 128GB High-Speed USB 3.0 Flash Drive Metal Casing</strong> from <strong>SanDisk</strong> delivers outstanding performance, exceptional reliability, and long-lasting durability.</p><ul><li><strong>Brand:</strong> SanDisk</li><li><strong>Model / MPN:</strong> SDCZ73-128G-G46</li><li><strong>Condition:</strong> Brand New Authentic</li><li><strong>Category:</strong> Office & Workspace &ndash; Flash Drives</li><li><strong>Authentic GTIN / UPC:</strong> 0619659136710</li></ul>",SanDisk,Office & Workspace,"Office & Workspace, Flash Drives, SanDisk, verified-catalog",TRUE,Title,Default Title,,,,,SAN-SDCZ73-1169,450,shopify,50,deny,manual,16.99,19.54,TRUE,TRUE,,,,SanDisk Ultra Flair 128GB High-Speed USB 3.0 Flash Drive Metal Casing | SanDisk &ndash; Leafanoo,"Buy authentic SanDisk Ultra Flair 128GB High-Speed USB 3.0 Flash Drive Metal Casing by SanDisk at Leafanoo. Fast tracked US shipping, 30-day returns, and guaranteed manufacturer specifications.",Office Supplies,,,SDCZ73-128G-G46,new,active
anker-6-in-1-usb-c-hub-adapter-with-4k-hdmi-100w-power-delivery,Anker 6-in-1 USB-C Hub Adapter with 4K HDMI 100W Power Delivery,"<p>The <strong>Anker 6-in-1 USB-C Hub Adapter with 4K HDMI 100W Power Delivery</strong> from <strong>Anker</strong> delivers outstanding performance, exceptional reliability, and long-lasting durability.</p><ul><li><strong>Brand:</strong> Anker</li><li><strong>Model / MPN:</strong> A83650A1</li><li><strong>Condition:</strong> Brand New Authentic</li><li><strong>Category:</strong> Office & Workspace &ndash; USB-C Adapters</li><li><strong>Authentic GTIN / UPC:</strong> 0194644023456</li></ul>",Anker,Office & Workspace,"Office & Workspace, USB-C Adapters, Anker, verified-catalog",TRUE,Title,Default Title,,,,,ANK-A83650-1170,450,shopify,50,deny,manual,39.99,45.99,TRUE,TRUE,,,,Anker 6-in-1 USB-C Hub Adapter with 4K HDMI 100W Power Delivery | Anker &ndash; Leafanoo,"Buy authentic Anker 6-in-1 USB-C Hub Adapter with 4K HDMI 100W Power Delivery by Anker at Leafanoo. Fast tracked US shipping, 30-day returns, and guaranteed manufacturer specifications.",Office Supplies,,,A83650A1,new,active
pilot-g2-premium-rolling-ball-gel-pens-fine-point-07mm-12-pack-black,Pilot G2 Premium Rolling Ball Gel Pens Fine Point 0.7mm 12-Pack Black,"<p>The <strong>Pilot G2 Premium Rolling Ball Gel Pens Fine Point 0.7mm 12-Pack Black</strong> from <strong>Pilot</strong> delivers outstanding performance, exceptional reliability, and long-lasting durability.</p><ul><li><strong>Brand:</strong> Pilot</li><li><strong>Model / MPN:</strong> 31020</li><li><strong>Condition:</strong> Brand New Authentic</li><li><strong>Category:</strong> Office & Workspace &ndash; Pens</li><li><strong>Authentic GTIN / UPC:</strong> 072838310203</li></ul>",Pilot,Office & Workspace,"Office & Workspace, Pens, Pilot, verified-catalog",TRUE,Title,Default Title,,,,,PIL-31020-1171,450,shopify,50,deny,manual,16.99,19.54,TRUE,TRUE,,,,Pilot G2 Premium Rolling Ball Gel Pens Fine Point 0.7mm 12-Pack Black | Pilot &ndash; Leafanoo,"Buy authentic Pilot G2 Premium Rolling Ball Gel Pens Fine Point 0.7mm 12-Pack Black by Pilot at Leafanoo. Fast tracked US shipping, 30-day returns, and guaranteed manufacturer specifications.",Office Supplies,,,31020,new,active
satechi-aluminum-monitor-stand-riser-with-integrated-cable-management,Satechi Aluminum Monitor Stand Riser with Integrated Cable Management,"<p>The <strong>Satechi Aluminum Monitor Stand Riser with Integrated Cable Management</strong> from <strong>Satechi</strong> delivers outstanding performance, exceptional reliability, and long-lasting durability.</p><ul><li><strong>Brand:</strong> Satechi</li><li><strong>Model / MPN:</strong> ST-AMSS</li><li><strong>Condition:</strong> Brand New Authentic</li><li><strong>Category:</strong> Office & Workspace &ndash; Monitor Stands</li><li><strong>Authentic GTIN / UPC:</strong> 0879961005894</li></ul>",Satechi,Office & Workspace,"Office & Workspace, Monitor Stands, Satechi, verified-catalog",TRUE,Title,Default Title,,,,,SAT-ST-AMS-1172,450,shopify,50,deny,manual,39.99,45.99,TRUE,TRUE,,,,Satechi Aluminum Monitor Stand Riser with Integrated Cable Management | Satechi &ndash; Leafanoo,"Buy authentic Satechi Aluminum Monitor Stand Riser with Integrated Cable Management by Satechi at Leafanoo. Fast tracked US shipping, 30-day returns, and guaranteed manufacturer specifications.",Office Supplies,,,ST-AMSS,new,active
paperpro-inpower-28-spring-powered-one-finger-easy-desktop-stapler,PaperPro inPower 28 Spring-Powered One-Finger Easy Desktop Stapler,"<p>The <strong>PaperPro inPower 28 Spring-Powered One-Finger Easy Desktop Stapler</strong> from <strong>PaperPro</strong> delivers outstanding performance, exceptional reliability, and long-lasting durability.</p><ul><li><strong>Brand:</strong> PaperPro</li><li><strong>Model / MPN:</strong> 1110</li><li><strong>Condition:</strong> Brand New Authentic</li><li><strong>Category:</strong> Office & Workspace &ndash; Staplers</li><li><strong>Authentic GTIN / UPC:</strong> 0898516001103</li></ul>",PaperPro,Office & Workspace,"Office & Workspace, Staplers, PaperPro, verified-catalog",TRUE,Title,Default Title,,,,,PAP-1110-1173,450,shopify,50,deny,manual,21.99,25.29,TRUE,TRUE,,,,PaperPro inPower 28 Spring-Powered One-Finger Easy Desktop Stapler | PaperPro &ndash; Leafanoo,"Buy authentic PaperPro inPower 28 Spring-Powered One-Finger Easy Desktop Stapler by PaperPro at Leafanoo. Fast tracked US shipping, 30-day returns, and guaranteed manufacturer specifications.",Office Supplies,,,1110,new,active
expo-low-odor-chisel-tip-dry-erase-whiteboard-markers-8-pack-assorted,EXPO Low Odor Chisel Tip Dry Erase Whiteboard Markers 8-Pack Assorted,"<p>The <strong>EXPO Low Odor Chisel Tip Dry Erase Whiteboard Markers 8-Pack Assorted</strong> from <strong>EXPO</strong> delivers outstanding performance, exceptional reliability, and long-lasting durability.</p><ul><li><strong>Brand:</strong> EXPO</li><li><strong>Model / MPN:</strong> 80078</li><li><strong>Condition:</strong> Brand New Authentic</li><li><strong>Category:</strong> Office & Workspace &ndash; Whiteboard Markers</li><li><strong>Authentic GTIN / UPC:</strong> 071641800788</li></ul>",EXPO,Office & Workspace,"Office & Workspace, Whiteboard Markers, EXPO, verified-catalog",TRUE,Title,Default Title,,,,,EXP-80078-1174,450,shopify,50,deny,manual,11.99,13.79,TRUE,TRUE,,,,EXPO Low Odor Chisel Tip Dry Erase Whiteboard Markers 8-Pack Assorted | EXPO &ndash; Leafanoo,"Buy authentic EXPO Low Odor Chisel Tip Dry Erase Whiteboard Markers 8-Pack Assorted by EXPO at Leafanoo. Fast tracked US shipping, 30-day returns, and guaranteed manufacturer specifications.",Office Supplies,,,80078,new,active
amazon-basics-steel-mesh-desk-organizer-with-6-compartments-and-sliding-drawer,Amazon Basics Steel Mesh Desk Organizer with 6 Compartments and Sliding Drawer,"<p>The <strong>Amazon Basics Steel Mesh Desk Organizer with 6 Compartments and Sliding Drawer</strong> from <strong>Amazon Basics</strong> delivers outstanding performance, exceptional reliability, and long-lasting durability.</p><ul><li><strong>Brand:</strong> Amazon Basics</li><li><strong>Model / MPN:</strong> DH-001</li><li><strong>Condition:</strong> Brand New Authentic</li><li><strong>Category:</strong> Office & Workspace &ndash; Desk Organizers</li><li><strong>Authentic GTIN / UPC:</strong> 0841247198765</li></ul>",Amazon Basics,Office & Workspace,"Office & Workspace, Desk Organizers, Amazon Basics, verified-catalog",TRUE,Title,Default Title,,,,,AMA-DH-001-1175,450,shopify,50,deny,manual,17.99,20.69,TRUE,TRUE,,,,Amazon Basics Steel Mesh Desk Organizer with 6 Compartments and Sliding Drawer | Amazon Basics &ndash; Leafanoo,"Buy authentic Amazon Basics Steel Mesh Desk Organizer with 6 Compartments and Sliding Drawer by Amazon Basics at Leafanoo. Fast tracked US shipping, 30-day returns, and guaranteed manufacturer specifications.",Office Supplies,,,DH-001,new,active
elgato-wave-mic-arm-lp-low-profile-metal-swivel-microphone-boom-arm,Elgato Wave Mic Arm LP Low Profile Metal Swivel Microphone Boom Arm,"<p>The <strong>Elgato Wave Mic Arm LP Low Profile Metal Swivel Microphone Boom Arm</strong> from <strong>Elgato</strong> delivers outstanding performance, exceptional reliability, and long-lasting durability.</p><ul><li><strong>Brand:</strong> Elgato</li><li><strong>Model / MPN:</strong> 10AAN9901</li><li><strong>Condition:</strong> Brand New Authentic</li><li><strong>Category:</strong> Office & Workspace &ndash; Mic Boom Arms</li><li><strong>Authentic GTIN / UPC:</strong> 0840006640059</li></ul>",Elgato,Office & Workspace,"Office & Workspace, Mic Boom Arms, Elgato, verified-catalog",TRUE,Title,Default Title,,,,,ELG-10AAN9-1176,450,shopify,50,deny,manual,99.99,114.99,TRUE,TRUE,,,,Elgato Wave Mic Arm LP Low Profile Metal Swivel Microphone Boom Arm | Elgato &ndash; Leafanoo,"Buy authentic Elgato Wave Mic Arm LP Low Profile Metal Swivel Microphone Boom Arm by Elgato at Leafanoo. Fast tracked US shipping, 30-day returns, and guaranteed manufacturer specifications.",Office Supplies,,,10AAN9901,new,active
bostitch-heavy-duty-all-metal-3-hole-desktop-paper-punch-12-sheet-capacity,Bostitch Heavy Duty All-Metal 3-Hole Desktop Paper Punch 12-Sheet Capacity,"<p>The <strong>Bostitch Heavy Duty All-Metal 3-Hole Desktop Paper Punch 12-Sheet Capacity</strong> from <strong>Bostitch</strong> delivers outstanding performance, exceptional reliability, and long-lasting durability.</p><ul><li><strong>Brand:</strong> Bostitch</li><li><strong>Model / MPN:</strong> HP12</li><li><strong>Condition:</strong> Brand New Authentic</li><li><strong>Category:</strong> Office & Workspace &ndash; Hole Punches</li><li><strong>Authentic GTIN / UPC:</strong> 077914041234</li></ul>",Bostitch,Office & Workspace,"Office & Workspace, Hole Punches, Bostitch, verified-catalog",TRUE,Title,Default Title,,,,,BOS-HP12-1177,450,shopify,50,deny,manual,14.99,17.24,TRUE,TRUE,,,,Bostitch Heavy Duty All-Metal 3-Hole Desktop Paper Punch 12-Sheet Capacity | Bostitch &ndash; Leafanoo,"Buy authentic Bostitch Heavy Duty All-Metal 3-Hole Desktop Paper Punch 12-Sheet Capacity by Bostitch at Leafanoo. Fast tracked US shipping, 30-day returns, and guaranteed manufacturer specifications.",Office Supplies,,,HP12,new,active
bluelounge-cablebox-large-power-strip-and-surge-protector-cord-management-box,Bluelounge CableBox Large Power Strip & Surge Protector Cord Management Box,"<p>The <strong>Bluelounge CableBox Large Power Strip & Surge Protector Cord Management Box</strong> from <strong>Bluelounge</strong> delivers outstanding performance, exceptional reliability, and long-lasting durability.</p><ul><li><strong>Brand:</strong> Bluelounge</li><li><strong>Model / MPN:</strong> CB-01-WH</li><li><strong>Condition:</strong> Brand New Authentic</li><li><strong>Category:</strong> Office & Workspace &ndash; Cable Boxes</li><li><strong>Authentic GTIN / UPC:</strong> 0858160001018</li></ul>",Bluelounge,Office & Workspace,"Office & Workspace, Cable Boxes, Bluelounge, verified-catalog",TRUE,Title,Default Title,,,,,BLU-CB-01--1178,450,shopify,50,deny,manual,29.95,34.44,TRUE,TRUE,,,,Bluelounge CableBox Large Power Strip & Surge Protector Cord Management Box | Bluelounge &ndash; Leafanoo,"Buy authentic Bluelounge CableBox Large Power Strip & Surge Protector Cord Management Box by Bluelounge at Leafanoo. Fast tracked US shipping, 30-day returns, and guaranteed manufacturer specifications.",Office Supplies,,,CB-01-WH,new,active
ravensburger-oceanic-wonders-1000-piece-precision-cut-jigsaw-puzzle,Ravensburger Oceanic Wonders 1000-Piece Precision Cut Jigsaw Puzzle,"<p>The <strong>Ravensburger Oceanic Wonders 1000-Piece Precision Cut Jigsaw Puzzle</strong> from <strong>Ravensburger</strong> delivers outstanding performance, exceptional reliability, and long-lasting durability.</p><ul><li><strong>Brand:</strong> Ravensburger</li><li><strong>Model / MPN:</strong> 19646</li><li><strong>Condition:</strong> Brand New Authentic</li><li><strong>Category:</strong> Hobby & Lifestyle &ndash; Puzzles</li><li><strong>Authentic GTIN / UPC:</strong> 4005556196463</li></ul>",Ravensburger,Hobby & Lifestyle,"Hobby & Lifestyle, Puzzles, Ravensburger, verified-catalog",TRUE,Title,Default Title,,,,,RAV-19646-1179,450,shopify,50,deny,manual,19.99,22.99,TRUE,TRUE,,,,Ravensburger Oceanic Wonders 1000-Piece Precision Cut Jigsaw Puzzle | Ravensburger &ndash; Leafanoo,"Buy authentic Ravensburger Oceanic Wonders 1000-Piece Precision Cut Jigsaw Puzzle by Ravensburger at Leafanoo. Fast tracked US shipping, 30-day returns, and guaranteed manufacturer specifications.",Arts & Entertainment > Hobbies & Creative Arts,,,19646,new,active
moleskine-classic-hard-cover-notebook-large-ruled-acid-free-paper-black,Moleskine Classic Hard Cover Notebook Large Ruled Acid-Free Paper Black,"<p>The <strong>Moleskine Classic Hard Cover Notebook Large Ruled Acid-Free Paper Black</strong> from <strong>Moleskine</strong> delivers outstanding performance, exceptional reliability, and long-lasting durability.</p><ul><li><strong>Brand:</strong> Moleskine</li><li><strong>Model / MPN:</strong> 620060</li><li><strong>Condition:</strong> Brand New Authentic</li><li><strong>Category:</strong> Hobby & Lifestyle &ndash; Notebooks</li><li><strong>Authentic GTIN / UPC:</strong> 9788883701122</li></ul>",Moleskine,Hobby & Lifestyle,"Hobby & Lifestyle, Notebooks, Moleskine, verified-catalog",TRUE,Title,Default Title,,,,,MOL-620060-1180,450,shopify,50,deny,manual,24.95,28.69,TRUE,TRUE,,,,Moleskine Classic Hard Cover Notebook Large Ruled Acid-Free Paper Black | Moleskine &ndash; Leafanoo,"Buy authentic Moleskine Classic Hard Cover Notebook Large Ruled Acid-Free Paper Black by Moleskine at Leafanoo. Fast tracked US shipping, 30-day returns, and guaranteed manufacturer specifications.",Arts & Entertainment > Hobbies & Creative Arts,,,620060,new,active
winsor-and-newton-cotman-watercolor-studio-paint-set-12-half-pans-with-brush,Winsor & Newton Cotman Watercolor Studio Paint Set 12 Half Pans with Brush,"<p>The <strong>Winsor & Newton Cotman Watercolor Studio Paint Set 12 Half Pans with Brush</strong> from <strong>Winsor & Newton</strong> delivers outstanding performance, exceptional reliability, and long-lasting durability.</p><ul><li><strong>Brand:</strong> Winsor & Newton</li><li><strong>Model / MPN:</strong> 0390640</li><li><strong>Condition:</strong> Brand New Authentic</li><li><strong>Category:</strong> Hobby & Lifestyle &ndash; Watercolors</li><li><strong>Authentic GTIN / UPC:</strong> 0884955000412</li></ul>",Winsor & Newton,Hobby & Lifestyle,"Hobby & Lifestyle, Watercolors, Winsor & Newton, verified-catalog",TRUE,Title,Default Title,,,,,WIN-039064-1181,450,shopify,50,deny,manual,26.99,31.04,TRUE,TRUE,,,,Winsor & Newton Cotman Watercolor Studio Paint Set 12 Half Pans with Brush | Winsor & Newton &ndash; Leafanoo,"Buy authentic Winsor & Newton Cotman Watercolor Studio Paint Set 12 Half Pans with Brush by Winsor & Newton at Leafanoo. Fast tracked US shipping, 30-day returns, and guaranteed manufacturer specifications.",Arts & Entertainment > Hobbies & Creative Arts,,,0390640,new,active
bicycle-standard-playing-cards-rider-back-2-pack-red-and-blue-decks,Bicycle Standard Playing Cards Rider Back 2-Pack Red & Blue Decks,"<p>The <strong>Bicycle Standard Playing Cards Rider Back 2-Pack Red & Blue Decks</strong> from <strong>Bicycle</strong> delivers outstanding performance, exceptional reliability, and long-lasting durability.</p><ul><li><strong>Brand:</strong> Bicycle</li><li><strong>Model / MPN:</strong> 1007270</li><li><strong>Condition:</strong> Brand New Authentic</li><li><strong>Category:</strong> Hobby & Lifestyle &ndash; Playing Cards</li><li><strong>Authentic GTIN / UPC:</strong> 073854008089</li></ul>",Bicycle,Hobby & Lifestyle,"Hobby & Lifestyle, Playing Cards, Bicycle, verified-catalog",TRUE,Title,Default Title,,,,,BIC-100727-1182,450,shopify,50,deny,manual,7.99,9.19,TRUE,TRUE,,,,Bicycle Standard Playing Cards Rider Back 2-Pack Red & Blue Decks | Bicycle &ndash; Leafanoo,"Buy authentic Bicycle Standard Playing Cards Rider Back 2-Pack Red & Blue Decks by Bicycle at Leafanoo. Fast tracked US shipping, 30-day returns, and guaranteed manufacturer specifications.",Arts & Entertainment > Hobbies & Creative Arts,,,1007270,new,active
clover-amour-ergonomic-grip-aluminum-crochet-hooks-10-sizes-set,Clover Amour Ergonomic Grip Aluminum Crochet Hooks 10 Sizes Set,"<p>The <strong>Clover Amour Ergonomic Grip Aluminum Crochet Hooks 10 Sizes Set</strong> from <strong>Clover</strong> delivers outstanding performance, exceptional reliability, and long-lasting durability.</p><ul><li><strong>Brand:</strong> Clover</li><li><strong>Model / MPN:</strong> 3672</li><li><strong>Condition:</strong> Brand New Authentic</li><li><strong>Category:</strong> Hobby & Lifestyle &ndash; Crochet Hooks</li><li><strong>Authentic GTIN / UPC:</strong> 051221736721</li></ul>",Clover,Hobby & Lifestyle,"Hobby & Lifestyle, Crochet Hooks, Clover, verified-catalog",TRUE,Title,Default Title,,,,,CLO-3672-1183,450,shopify,50,deny,manual,48.99,56.34,TRUE,TRUE,,,,Clover Amour Ergonomic Grip Aluminum Crochet Hooks 10 Sizes Set | Clover &ndash; Leafanoo,"Buy authentic Clover Amour Ergonomic Grip Aluminum Crochet Hooks 10 Sizes Set by Clover at Leafanoo. Fast tracked US shipping, 30-day returns, and guaranteed manufacturer specifications.",Arts & Entertainment > Hobbies & Creative Arts,,,3672,new,active
speedball-deluxe-fabric-screen-printing-starter-crafting-kit,Speedball Deluxe Fabric Screen Printing Starter Crafting Kit,"<p>The <strong>Speedball Deluxe Fabric Screen Printing Starter Crafting Kit</strong> from <strong>Speedball</strong> delivers outstanding performance, exceptional reliability, and long-lasting durability.</p><ul><li><strong>Brand:</strong> Speedball</li><li><strong>Model / MPN:</strong> 45041</li><li><strong>Condition:</strong> Brand New Authentic</li><li><strong>Category:</strong> Hobby & Lifestyle &ndash; Screen Printing</li><li><strong>Authentic GTIN / UPC:</strong> 0651030450415</li></ul>",Speedball,Hobby & Lifestyle,"Hobby & Lifestyle, Screen Printing, Speedball, verified-catalog",TRUE,Title,Default Title,,,,,SPE-45041-1184,450,shopify,50,deny,manual,49.99,57.49,TRUE,TRUE,,,,Speedball Deluxe Fabric Screen Printing Starter Crafting Kit | Speedball &ndash; Leafanoo,"Buy authentic Speedball Deluxe Fabric Screen Printing Starter Crafting Kit by Speedball at Leafanoo. Fast tracked US shipping, 30-day returns, and guaranteed manufacturer specifications.",Arts & Entertainment > Hobbies & Creative Arts,,,45041,new,active
strathmore-400-series-hardbound-artist-drawing-sketchbook-85x11-128-pages,Strathmore 400 Series Hardbound Artist Drawing Sketchbook 8.5x11 128 Pages,"<p>The <strong>Strathmore 400 Series Hardbound Artist Drawing Sketchbook 8.5x11 128 Pages</strong> from <strong>Strathmore</strong> delivers outstanding performance, exceptional reliability, and long-lasting durability.</p><ul><li><strong>Brand:</strong> Strathmore</li><li><strong>Model / MPN:</strong> 445-108</li><li><strong>Condition:</strong> Brand New Authentic</li><li><strong>Category:</strong> Hobby & Lifestyle &ndash; Sketchbooks</li><li><strong>Authentic GTIN / UPC:</strong> 012017445084</li></ul>",Strathmore,Hobby & Lifestyle,"Hobby & Lifestyle, Sketchbooks, Strathmore, verified-catalog",TRUE,Title,Default Title,,,,,STR-445-10-1185,450,shopify,50,deny,manual,19.99,22.99,TRUE,TRUE,,,,Strathmore 400 Series Hardbound Artist Drawing Sketchbook 8.5x11 128 Pages | Strathmore &ndash; Leafanoo,"Buy authentic Strathmore 400 Series Hardbound Artist Drawing Sketchbook 8.5x11 128 Pages by Strathmore at Leafanoo. Fast tracked US shipping, 30-day returns, and guaranteed manufacturer specifications.",Arts & Entertainment > Hobbies & Creative Arts,,,445-108,new,active
prismacolor-premier-soft-core-colored-pencils-36-count-metal-tin-set,Prismacolor Premier Soft Core Colored Pencils 36-Count Metal Tin Set,"<p>The <strong>Prismacolor Premier Soft Core Colored Pencils 36-Count Metal Tin Set</strong> from <strong>Prismacolor</strong> delivers outstanding performance, exceptional reliability, and long-lasting durability.</p><ul><li><strong>Brand:</strong> Prismacolor</li><li><strong>Model / MPN:</strong> 3597T</li><li><strong>Condition:</strong> Brand New Authentic</li><li><strong>Category:</strong> Hobby & Lifestyle &ndash; Colored Pencils</li><li><strong>Authentic GTIN / UPC:</strong> 070735035973</li></ul>",Prismacolor,Hobby & Lifestyle,"Hobby & Lifestyle, Colored Pencils, Prismacolor, verified-catalog",TRUE,Title,Default Title,,,,,PRI-3597T-1186,450,shopify,50,deny,manual,34.99,40.24,TRUE,TRUE,,,,Prismacolor Premier Soft Core Colored Pencils 36-Count Metal Tin Set | Prismacolor &ndash; Leafanoo,"Buy authentic Prismacolor Premier Soft Core Colored Pencils 36-Count Metal Tin Set by Prismacolor at Leafanoo. Fast tracked US shipping, 30-day returns, and guaranteed manufacturer specifications.",Arts & Entertainment > Hobbies & Creative Arts,,,3597T,new,active
catan-studio-catan-5th-edition-strategy-civilization-island-board-game,Catan Studio Catan 5th Edition Strategy Civilization Island Board Game,"<p>The <strong>Catan Studio Catan 5th Edition Strategy Civilization Island Board Game</strong> from <strong>Catan Studio</strong> delivers outstanding performance, exceptional reliability, and long-lasting durability.</p><ul><li><strong>Brand:</strong> Catan Studio</li><li><strong>Model / MPN:</strong> CN3071</li><li><strong>Condition:</strong> Brand New Authentic</li><li><strong>Category:</strong> Hobby & Lifestyle &ndash; Board Games</li><li><strong>Authentic GTIN / UPC:</strong> 029877030712</li></ul>",Catan Studio,Hobby & Lifestyle,"Hobby & Lifestyle, Board Games, Catan Studio, verified-catalog",TRUE,Title,Default Title,,,,,CAT-CN3071-1187,450,shopify,50,deny,manual,48.00,55.20,TRUE,TRUE,,,,Catan Studio Catan 5th Edition Strategy Civilization Island Board Game | Catan Studio &ndash; Leafanoo,"Buy authentic Catan Studio Catan 5th Edition Strategy Civilization Island Board Game by Catan Studio at Leafanoo. Fast tracked US shipping, 30-day returns, and guaranteed manufacturer specifications.",Arts & Entertainment > Hobbies & Creative Arts,,,CN3071,new,active
days-of-wonder-ticket-to-ride-cross-country-railway-board-game,Days of Wonder Ticket to Ride Cross-Country Railway Board Game,"<p>The <strong>Days of Wonder Ticket to Ride Cross-Country Railway Board Game</strong> from <strong>Days of Wonder</strong> delivers outstanding performance, exceptional reliability, and long-lasting durability.</p><ul><li><strong>Brand:</strong> Days of Wonder</li><li><strong>Model / MPN:</strong> DOW7201</li><li><strong>Condition:</strong> Brand New Authentic</li><li><strong>Category:</strong> Hobby & Lifestyle &ndash; Board Games</li><li><strong>Authentic GTIN / UPC:</strong> 0824968717012</li></ul>",Days of Wonder,Hobby & Lifestyle,"Hobby & Lifestyle, Board Games, Days of Wonder, verified-catalog",TRUE,Title,Default Title,,,,,DAY-DOW720-1188,450,shopify,50,deny,manual,49.99,57.49,TRUE,TRUE,,,,Days of Wonder Ticket to Ride Cross-Country Railway Board Game | Days of Wonder &ndash; Leafanoo,"Buy authentic Days of Wonder Ticket to Ride Cross-Country Railway Board Game by Days of Wonder at Leafanoo. Fast tracked US shipping, 30-day returns, and guaranteed manufacturer specifications.",Arts & Entertainment > Hobbies & Creative Arts,,,DOW7201,new,active
derwent-dual-precision-eraser-pen-with-refills-for-artists-and-draftsmen,Derwent Dual Precision Eraser Pen with Refills for Artists and Draftsmen,"<p>The <strong>Derwent Dual Precision Eraser Pen with Refills for Artists and Draftsmen</strong> from <strong>Derwent</strong> delivers outstanding performance, exceptional reliability, and long-lasting durability.</p><ul><li><strong>Brand:</strong> Derwent</li><li><strong>Model / MPN:</strong> 2301931</li><li><strong>Condition:</strong> Brand New Authentic</li><li><strong>Category:</strong> Hobby & Lifestyle &ndash; Erasers</li><li><strong>Authentic GTIN / UPC:</strong> 05028252243452</li></ul>",Derwent,Hobby & Lifestyle,"Hobby & Lifestyle, Erasers, Derwent, verified-catalog",TRUE,Title,Default Title,,,,,DER-230193-1189,450,shopify,50,deny,manual,9.99,11.49,TRUE,TRUE,,,,Derwent Dual Precision Eraser Pen with Refills for Artists and Draftsmen | Derwent &ndash; Leafanoo,"Buy authentic Derwent Dual Precision Eraser Pen with Refills for Artists and Draftsmen by Derwent at Leafanoo. Fast tracked US shipping, 30-day returns, and guaranteed manufacturer specifications.",Arts & Entertainment > Hobbies & Creative Arts,,,2301931,new,active
penta-angel-floral-embroidery-starter-kit-with-stamped-pattern-bamboo-hoop,Penta Angel Floral Embroidery Starter Kit with Stamped Pattern Bamboo Hoop,"<p>The <strong>Penta Angel Floral Embroidery Starter Kit with Stamped Pattern Bamboo Hoop</strong> from <strong>Penta Angel</strong> delivers outstanding performance, exceptional reliability, and long-lasting durability.</p><ul><li><strong>Brand:</strong> Penta Angel</li><li><strong>Model / MPN:</strong> PA-EMB-3PK</li><li><strong>Condition:</strong> Brand New Authentic</li><li><strong>Category:</strong> Hobby & Lifestyle &ndash; Embroidery Kits</li><li><strong>Authentic GTIN / UPC:</strong> 0789012347890</li></ul>",Penta Angel,Hobby & Lifestyle,"Hobby & Lifestyle, Embroidery Kits, Penta Angel, verified-catalog",TRUE,Title,Default Title,,,,,PEN-PA-EMB-1190,450,shopify,50,deny,manual,16.99,19.54,TRUE,TRUE,,,,Penta Angel Floral Embroidery Starter Kit with Stamped Pattern Bamboo Hoop | Penta Angel &ndash; Leafanoo,"Buy authentic Penta Angel Floral Embroidery Starter Kit with Stamped Pattern Bamboo Hoop by Penta Angel at Leafanoo. Fast tracked US shipping, 30-day returns, and guaranteed manufacturer specifications.",Arts & Entertainment > Hobbies & Creative Arts,,,PA-EMB-3PK,new,active
mod-podge-waterbase-gloss-sealer-glue-and-decoupage-finish-16-oz,Mod Podge Waterbase Gloss Sealer Glue and Decoupage Finish 16 oz,"<p>The <strong>Mod Podge Waterbase Gloss Sealer Glue and Decoupage Finish 16 oz</strong> from <strong>Mod Podge</strong> delivers outstanding performance, exceptional reliability, and long-lasting durability.</p><ul><li><strong>Brand:</strong> Mod Podge</li><li><strong>Model / MPN:</strong> CS11202</li><li><strong>Condition:</strong> Brand New Authentic</li><li><strong>Category:</strong> Hobby & Lifestyle &ndash; Craft Glues</li><li><strong>Authentic GTIN / UPC:</strong> 028995112024</li></ul>",Mod Podge,Hobby & Lifestyle,"Hobby & Lifestyle, Craft Glues, Mod Podge, verified-catalog",TRUE,Title,Default Title,,,,,MOD-CS1120-1191,450,shopify,50,deny,manual,11.99,13.79,TRUE,TRUE,,,,Mod Podge Waterbase Gloss Sealer Glue and Decoupage Finish 16 oz | Mod Podge &ndash; Leafanoo,"Buy authentic Mod Podge Waterbase Gloss Sealer Glue and Decoupage Finish 16 oz by Mod Podge at Leafanoo. Fast tracked US shipping, 30-day returns, and guaranteed manufacturer specifications.",Arts & Entertainment > Hobbies & Creative Arts,,,CS11202,new,active
fiskars-sewing-rotary-cutting-set-45mm-cutter-and-self-healing-grid-mat,Fiskars Sewing Rotary Cutting Set 45mm Cutter & Self-Healing Grid Mat,"<p>The <strong>Fiskars Sewing Rotary Cutting Set 45mm Cutter & Self-Healing Grid Mat</strong> from <strong>Fiskars</strong> delivers outstanding performance, exceptional reliability, and long-lasting durability.</p><ul><li><strong>Brand:</strong> Fiskars</li><li><strong>Model / MPN:</strong> 195210-1001</li><li><strong>Condition:</strong> Brand New Authentic</li><li><strong>Category:</strong> Hobby & Lifestyle &ndash; Rotary Cutters</li><li><strong>Authentic GTIN / UPC:</strong> 0046561952107</li></ul>",Fiskars,Hobby & Lifestyle,"Hobby & Lifestyle, Rotary Cutters, Fiskars, verified-catalog",TRUE,Title,Default Title,,,,,FIS-195210-1192,450,shopify,50,deny,manual,34.99,40.24,TRUE,TRUE,,,,Fiskars Sewing Rotary Cutting Set 45mm Cutter & Self-Healing Grid Mat | Fiskars &ndash; Leafanoo,"Buy authentic Fiskars Sewing Rotary Cutting Set 45mm Cutter & Self-Healing Grid Mat by Fiskars at Leafanoo. Fast tracked US shipping, 30-day returns, and guaranteed manufacturer specifications.",Arts & Entertainment > Hobbies & Creative Arts,,,195210-1001,new,active
staedtler-pigment-liner-micro-fine-point-technical-sketch-pens-6-pack-black,Staedtler Pigment Liner Micro Fine Point Technical Sketch Pens 6-Pack Black,"<p>The <strong>Staedtler Pigment Liner Micro Fine Point Technical Sketch Pens 6-Pack Black</strong> from <strong>Staedtler</strong> delivers outstanding performance, exceptional reliability, and long-lasting durability.</p><ul><li><strong>Brand:</strong> Staedtler</li><li><strong>Model / MPN:</strong> 308 SB6P</li><li><strong>Condition:</strong> Brand New Authentic</li><li><strong>Category:</strong> Hobby & Lifestyle &ndash; Fineliners</li><li><strong>Authentic GTIN / UPC:</strong> 04007817308110</li></ul>",Staedtler,Hobby & Lifestyle,"Hobby & Lifestyle, Fineliners, Staedtler, verified-catalog",TRUE,Title,Default Title,,,,,STA-308 SB-1193,450,shopify,50,deny,manual,16.99,19.54,TRUE,TRUE,,,,Staedtler Pigment Liner Micro Fine Point Technical Sketch Pens 6-Pack Black | Staedtler &ndash; Leafanoo,"Buy authentic Staedtler Pigment Liner Micro Fine Point Technical Sketch Pens 6-Pack Black by Staedtler at Leafanoo. Fast tracked US shipping, 30-day returns, and guaranteed manufacturer specifications.",Arts & Entertainment > Hobbies & Creative Arts,,,308 SB6P,new,active
sculpey-premo-oven-bake-polymer-modeling-clay-24-color-sampler-multipack,Sculpey Premo Oven-Bake Polymer Modeling Clay 24-Color Sampler Multipack,"<p>The <strong>Sculpey Premo Oven-Bake Polymer Modeling Clay 24-Color Sampler Multipack</strong> from <strong>Sculpey</strong> delivers outstanding performance, exceptional reliability, and long-lasting durability.</p><ul><li><strong>Brand:</strong> Sculpey</li><li><strong>Model / MPN:</strong> PE24MP</li><li><strong>Condition:</strong> Brand New Authentic</li><li><strong>Category:</strong> Hobby & Lifestyle &ndash; Polymer Clay</li><li><strong>Authentic GTIN / UPC:</strong> 0715891332402</li></ul>",Sculpey,Hobby & Lifestyle,"Hobby & Lifestyle, Polymer Clay, Sculpey, verified-catalog",TRUE,Title,Default Title,,,,,SCU-PE24MP-1194,450,shopify,50,deny,manual,29.99,34.49,TRUE,TRUE,,,,Sculpey Premo Oven-Bake Polymer Modeling Clay 24-Color Sampler Multipack | Sculpey &ndash; Leafanoo,"Buy authentic Sculpey Premo Oven-Bake Polymer Modeling Clay 24-Color Sampler Multipack by Sculpey at Leafanoo. Fast tracked US shipping, 30-day returns, and guaranteed manufacturer specifications.",Arts & Entertainment > Hobbies & Creative Arts,,,PE24MP,new,active
czech-games-edition-codenames-award-winning-social-deduction-word-party-game,Czech Games Edition Codenames Award-Winning Social Deduction Word Party Game,"<p>The <strong>Czech Games Edition Codenames Award-Winning Social Deduction Word Party Game</strong> from <strong>Czech Games Edition</strong> delivers outstanding performance, exceptional reliability, and long-lasting durability.</p><ul><li><strong>Brand:</strong> Czech Games Edition</li><li><strong>Model / MPN:</strong> CGE00031</li><li><strong>Condition:</strong> Brand New Authentic</li><li><strong>Category:</strong> Hobby & Lifestyle &ndash; Party Games</li><li><strong>Authentic GTIN / UPC:</strong> 0859415633031</li></ul>",Czech Games Edition,Hobby & Lifestyle,"Hobby & Lifestyle, Party Games, Czech Games Edition, verified-catalog",TRUE,Title,Default Title,,,,,CZE-CGE000-1195,450,shopify,50,deny,manual,19.95,22.94,TRUE,TRUE,,,,Czech Games Edition Codenames Award-Winning Social Deduction Word Party Game | Czech Games Edition &ndash; Leafanoo,"Buy authentic Czech Games Edition Codenames Award-Winning Social Deduction Word Party Game by Czech Games Edition at Leafanoo. Fast tracked US shipping, 30-day returns, and guaranteed manufacturer specifications.",Arts & Entertainment > Hobbies & Creative Arts,,,CGE00031,new,active
copic-sketch-marker-dual-tip-alcohol-ink-floral-colors-6-piece-set,Copic Sketch Marker Dual Tip Alcohol Ink Floral Colors 6-Piece Set,"<p>The <strong>Copic Sketch Marker Dual Tip Alcohol Ink Floral Colors 6-Piece Set</strong> from <strong>Copic</strong> delivers outstanding performance, exceptional reliability, and long-lasting durability.</p><ul><li><strong>Brand:</strong> Copic</li><li><strong>Model / MPN:</strong> SKETCH-FLOR6</li><li><strong>Condition:</strong> Brand New Authentic</li><li><strong>Category:</strong> Hobby & Lifestyle &ndash; Alcohol Markers</li><li><strong>Authentic GTIN / UPC:</strong> 04511338012345</li></ul>",Copic,Hobby & Lifestyle,"Hobby & Lifestyle, Alcohol Markers, Copic, verified-catalog",TRUE,Title,Default Title,,,,,COP-SKETCH-1196,450,shopify,50,deny,manual,42.00,48.30,TRUE,TRUE,,,,Copic Sketch Marker Dual Tip Alcohol Ink Floral Colors 6-Piece Set | Copic &ndash; Leafanoo,"Buy authentic Copic Sketch Marker Dual Tip Alcohol Ink Floral Colors 6-Piece Set by Copic at Leafanoo. Fast tracked US shipping, 30-day returns, and guaranteed manufacturer specifications.",Arts & Entertainment > Hobbies & Creative Arts,,,SKETCH-FLOR6,new,active
singer-heavy-duty-universal-sewing-machine-needles-assorted-5-pack,Singer Heavy Duty Universal Sewing Machine Needles Assorted 5-Pack,"<p>The <strong>Singer Heavy Duty Universal Sewing Machine Needles Assorted 5-Pack</strong> from <strong>Singer</strong> delivers outstanding performance, exceptional reliability, and long-lasting durability.</p><ul><li><strong>Brand:</strong> Singer</li><li><strong>Model / MPN:</strong> 04723</li><li><strong>Condition:</strong> Brand New Authentic</li><li><strong>Category:</strong> Hobby & Lifestyle &ndash; Sewing Needles</li><li><strong>Authentic GTIN / UPC:</strong> 075691047234</li></ul>",Singer,Hobby & Lifestyle,"Hobby & Lifestyle, Sewing Needles, Singer, verified-catalog",TRUE,Title,Default Title,,,,,SIN-04723-1197,450,shopify,50,deny,manual,6.99,8.04,TRUE,TRUE,,,,Singer Heavy Duty Universal Sewing Machine Needles Assorted 5-Pack | Singer &ndash; Leafanoo,"Buy authentic Singer Heavy Duty Universal Sewing Machine Needles Assorted 5-Pack by Singer at Leafanoo. Fast tracked US shipping, 30-day returns, and guaranteed manufacturer specifications.",Arts & Entertainment > Hobbies & Creative Arts,,,04723,new,active
leuchtturm1917-medium-a5-dotted-hardcover-bullet-journal-notebook-black,Leuchtturm1917 Medium A5 Dotted Hardcover Bullet Journal Notebook Black,"<p>The <strong>Leuchtturm1917 Medium A5 Dotted Hardcover Bullet Journal Notebook Black</strong> from <strong>Leuchtturm1917</strong> delivers outstanding performance, exceptional reliability, and long-lasting durability.</p><ul><li><strong>Brand:</strong> Leuchtturm1917</li><li><strong>Model / MPN:</strong> 344792</li><li><strong>Condition:</strong> Brand New Authentic</li><li><strong>Category:</strong> Hobby & Lifestyle &ndash; Journals</li><li><strong>Authentic GTIN / UPC:</strong> 4004117379201</li></ul>",Leuchtturm1917,Hobby & Lifestyle,"Hobby & Lifestyle, Journals, Leuchtturm1917, verified-catalog",TRUE,Title,Default Title,,,,,LEU-344792-1198,450,shopify,50,deny,manual,24.95,28.69,TRUE,TRUE,,,,Leuchtturm1917 Medium A5 Dotted Hardcover Bullet Journal Notebook Black | Leuchtturm1917 &ndash; Leafanoo,"Buy authentic Leuchtturm1917 Medium A5 Dotted Hardcover Bullet Journal Notebook Black by Leuchtturm1917 at Leafanoo. Fast tracked US shipping, 30-day returns, and guaranteed manufacturer specifications.",Arts & Entertainment > Hobbies & Creative Arts,,,344792,new,active
blenderbottle-pro-series-shaker-cup-with-wire-whisk-ball-28-oz-black,BlenderBottle Pro Series Shaker Cup with Wire Whisk Ball 28 oz Black,"<p>The <strong>BlenderBottle Pro Series Shaker Cup with Wire Whisk Ball 28 oz Black</strong> from <strong>BlenderBottle</strong> delivers outstanding performance, exceptional reliability, and long-lasting durability.</p><ul><li><strong>Brand:</strong> BlenderBottle</li><li><strong>Model / MPN:</strong> BB-PRO-28Z</li><li><strong>Condition:</strong> Brand New Authentic</li><li><strong>Category:</strong> Fitness & Hydration &ndash; Shaker Bottles</li><li><strong>Authentic GTIN / UPC:</strong> 0847280012345</li></ul>",BlenderBottle,Fitness & Hydration,"Fitness & Hydration, Shaker Bottles, BlenderBottle, verified-catalog",TRUE,Title,Default Title,,,,,BLE-BB-PRO-1199,450,shopify,50,deny,manual,14.99,17.24,TRUE,TRUE,,,,BlenderBottle Pro Series Shaker Cup with Wire Whisk Ball 28 oz Black | BlenderBottle &ndash; Leafanoo,"Buy authentic BlenderBottle Pro Series Shaker Cup with Wire Whisk Ball 28 oz Black by BlenderBottle at Leafanoo. Fast tracked US shipping, 30-day returns, and guaranteed manufacturer specifications.",Sporting Goods > Athletics > Exercise & Fitness,,,BB-PRO-28Z,new,active
gaiam-premium-6mm-thick-non-slip-reversible-yoga-exercise-mat,Gaiam Premium 6mm Thick Non-Slip Reversible Yoga Exercise Mat,"<p>The <strong>Gaiam Premium 6mm Thick Non-Slip Reversible Yoga Exercise Mat</strong> from <strong>Gaiam</strong> delivers outstanding performance, exceptional reliability, and long-lasting durability.</p><ul><li><strong>Brand:</strong> Gaiam</li><li><strong>Model / MPN:</strong> 05-62145</li><li><strong>Condition:</strong> Brand New Authentic</li><li><strong>Category:</strong> Fitness & Hydration &ndash; Yoga Mats</li><li><strong>Authentic GTIN / UPC:</strong> 0018713621458</li></ul>",Gaiam,Fitness & Hydration,"Fitness & Hydration, Yoga Mats, Gaiam, verified-catalog",TRUE,Title,Default Title,,,,,GAI-05-621-1200,450,shopify,50,deny,manual,29.99,34.49,TRUE,TRUE,,,,Gaiam Premium 6mm Thick Non-Slip Reversible Yoga Exercise Mat | Gaiam &ndash; Leafanoo,"Buy authentic Gaiam Premium 6mm Thick Non-Slip Reversible Yoga Exercise Mat by Gaiam at Leafanoo. Fast tracked US shipping, 30-day returns, and guaranteed manufacturer specifications.",Sporting Goods > Athletics > Exercise & Fitness,,,05-62145,new,active
triggerpoint-grid-multi-density-deep-tissue-foam-roller-13-inch-orange,TriggerPoint GRID Multi-Density Deep Tissue Foam Roller 13-Inch Orange,"<p>The <strong>TriggerPoint GRID Multi-Density Deep Tissue Foam Roller 13-Inch Orange</strong> from <strong>TriggerPoint</strong> delivers outstanding performance, exceptional reliability, and long-lasting durability.</p><ul><li><strong>Brand:</strong> TriggerPoint</li><li><strong>Model / MPN:</strong> 350006</li><li><strong>Condition:</strong> Brand New Authentic</li><li><strong>Category:</strong> Fitness & Hydration &ndash; Foam Rollers</li><li><strong>Authentic GTIN / UPC:</strong> 0858787000062</li></ul>",TriggerPoint,Fitness & Hydration,"Fitness & Hydration, Foam Rollers, TriggerPoint, verified-catalog",TRUE,Title,Default Title,,,,,TRI-350006-1201,450,shopify,50,deny,manual,36.99,42.54,TRUE,TRUE,,,,TriggerPoint GRID Multi-Density Deep Tissue Foam Roller 13-Inch Orange | TriggerPoint &ndash; Leafanoo,"Buy authentic TriggerPoint GRID Multi-Density Deep Tissue Foam Roller 13-Inch Orange by TriggerPoint at Leafanoo. Fast tracked US shipping, 30-day returns, and guaranteed manufacturer specifications.",Sporting Goods > Athletics > Exercise & Fitness,,,350006,new,active
theraband-professional-latex-free-exercise-resistance-bands-3-pack-set,TheraBand Professional Latex Free Exercise Resistance Bands 3-Pack Set,"<p>The <strong>TheraBand Professional Latex Free Exercise Resistance Bands 3-Pack Set</strong> from <strong>TheraBand</strong> delivers outstanding performance, exceptional reliability, and long-lasting durability.</p><ul><li><strong>Brand:</strong> TheraBand</li><li><strong>Model / MPN:</strong> 20404</li><li><strong>Condition:</strong> Brand New Authentic</li><li><strong>Category:</strong> Fitness & Hydration &ndash; Resistance Bands</li><li><strong>Authentic GTIN / UPC:</strong> 0087453204044</li></ul>",TheraBand,Fitness & Hydration,"Fitness & Hydration, Resistance Bands, TheraBand, verified-catalog",TRUE,Title,Default Title,,,,,THE-20404-1202,450,shopify,50,deny,manual,19.99,22.99,TRUE,TRUE,,,,TheraBand Professional Latex Free Exercise Resistance Bands 3-Pack Set | TheraBand &ndash; Leafanoo,"Buy authentic TheraBand Professional Latex Free Exercise Resistance Bands 3-Pack Set by TheraBand at Leafanoo. Fast tracked US shipping, 30-day returns, and guaranteed manufacturer specifications.",Sporting Goods > Athletics > Exercise & Fitness,,,20404,new,active
camelbak-chute-mag-bpa-free-magnetic-cap-water-bottle-32-oz-clear,CamelBak Chute Mag BPA-Free Magnetic Cap Water Bottle 32 oz Clear,"<p>The <strong>CamelBak Chute Mag BPA-Free Magnetic Cap Water Bottle 32 oz Clear</strong> from <strong>CamelBak</strong> delivers outstanding performance, exceptional reliability, and long-lasting durability.</p><ul><li><strong>Brand:</strong> CamelBak</li><li><strong>Model / MPN:</strong> 1512401000</li><li><strong>Condition:</strong> Brand New Authentic</li><li><strong>Category:</strong> Fitness & Hydration &ndash; Water Bottles</li><li><strong>Authentic GTIN / UPC:</strong> 0886798018901</li></ul>",CamelBak,Fitness & Hydration,"Fitness & Hydration, Water Bottles, CamelBak, verified-catalog",TRUE,Title,Default Title,,,,,CAM-151240-1203,450,shopify,50,deny,manual,16.00,18.40,TRUE,TRUE,,,,CamelBak Chute Mag BPA-Free Magnetic Cap Water Bottle 32 oz Clear | CamelBak &ndash; Leafanoo,"Buy authentic CamelBak Chute Mag BPA-Free Magnetic Cap Water Bottle 32 oz Clear by CamelBak at Leafanoo. Fast tracked US shipping, 30-day returns, and guaranteed manufacturer specifications.",Sporting Goods > Athletics > Exercise & Fitness,,,1512401000,new,active
nalgene-wide-mouth-tritan-leakproof-water-bottle-32-oz-slate,Nalgene Wide Mouth Tritan Leakproof Water Bottle 32 oz Slate,"<p>The <strong>Nalgene Wide Mouth Tritan Leakproof Water Bottle 32 oz Slate</strong> from <strong>Nalgene</strong> delivers outstanding performance, exceptional reliability, and long-lasting durability.</p><ul><li><strong>Brand:</strong> Nalgene</li><li><strong>Model / MPN:</strong> 2178-2025</li><li><strong>Condition:</strong> Brand New Authentic</li><li><strong>Category:</strong> Fitness & Hydration &ndash; Water Bottles</li><li><strong>Authentic GTIN / UPC:</strong> 0661195000018</li></ul>",Nalgene,Fitness & Hydration,"Fitness & Hydration, Water Bottles, Nalgene, verified-catalog",TRUE,Title,Default Title,,,,,NAL-2178-2-1204,450,shopify,50,deny,manual,13.99,16.09,TRUE,TRUE,,,,Nalgene Wide Mouth Tritan Leakproof Water Bottle 32 oz Slate | Nalgene &ndash; Leafanoo,"Buy authentic Nalgene Wide Mouth Tritan Leakproof Water Bottle 32 oz Slate by Nalgene at Leafanoo. Fast tracked US shipping, 30-day returns, and guaranteed manufacturer specifications.",Sporting Goods > Athletics > Exercise & Fitness,,,2178-2025,new,active
owala-freesip-insulated-stainless-steel-water-bottle-with-straw-24-oz,Owala FreeSip Insulated Stainless Steel Water Bottle with Straw 24 oz,"<p>The <strong>Owala FreeSip Insulated Stainless Steel Water Bottle with Straw 24 oz</strong> from <strong>Owala</strong> delivers outstanding performance, exceptional reliability, and long-lasting durability.</p><ul><li><strong>Brand:</strong> Owala</li><li><strong>Model / MPN:</strong> C04857</li><li><strong>Condition:</strong> Brand New Authentic</li><li><strong>Category:</strong> Fitness & Hydration &ndash; Insulated Bottles</li><li><strong>Authentic GTIN / UPC:</strong> 0840298145678</li></ul>",Owala,Fitness & Hydration,"Fitness & Hydration, Insulated Bottles, Owala, verified-catalog",TRUE,Title,Default Title,,,,,OWA-C04857-1205,450,shopify,50,deny,manual,27.99,32.19,TRUE,TRUE,,,,Owala FreeSip Insulated Stainless Steel Water Bottle with Straw 24 oz | Owala &ndash; Leafanoo,"Buy authentic Owala FreeSip Insulated Stainless Steel Water Bottle with Straw 24 oz by Owala at Leafanoo. Fast tracked US shipping, 30-day returns, and guaranteed manufacturer specifications.",Sporting Goods > Athletics > Exercise & Fitness,,,C04857,new,active
under-armour-undeniable-50-small-water-repellent-duffle-gym-bag,Under Armour Undeniable 5.0 Small Water Repellent Duffle Gym Bag,"<p>The <strong>Under Armour Undeniable 5.0 Small Water Repellent Duffle Gym Bag</strong> from <strong>Under Armour</strong> delivers outstanding performance, exceptional reliability, and long-lasting durability.</p><ul><li><strong>Brand:</strong> Under Armour</li><li><strong>Model / MPN:</strong> 1369222-001</li><li><strong>Condition:</strong> Brand New Authentic</li><li><strong>Category:</strong> Fitness & Hydration &ndash; Gym Bags</li><li><strong>Authentic GTIN / UPC:</strong> 0195252876543</li></ul>",Under Armour,Fitness & Hydration,"Fitness & Hydration, Gym Bags, Under Armour, verified-catalog",TRUE,Title,Default Title,,,,,UND-136922-1206,450,shopify,50,deny,manual,45.00,51.75,TRUE,TRUE,,,,Under Armour Undeniable 5.0 Small Water Repellent Duffle Gym Bag | Under Armour &ndash; Leafanoo,"Buy authentic Under Armour Undeniable 5.0 Small Water Repellent Duffle Gym Bag by Under Armour at Leafanoo. Fast tracked US shipping, 30-day returns, and guaranteed manufacturer specifications.",Sporting Goods > Athletics > Exercise & Fitness,,,1369222-001,new,active
gaiam-heavy-duty-speed-weighted-jump-rope-with-ball-bearings,Gaiam Heavy Duty Speed Weighted Jump Rope with Ball Bearings,"<p>The <strong>Gaiam Heavy Duty Speed Weighted Jump Rope with Ball Bearings</strong> from <strong>Gaiam</strong> delivers outstanding performance, exceptional reliability, and long-lasting durability.</p><ul><li><strong>Brand:</strong> Gaiam</li><li><strong>Model / MPN:</strong> 05-63200</li><li><strong>Condition:</strong> Brand New Authentic</li><li><strong>Category:</strong> Fitness & Hydration &ndash; Jump Ropes</li><li><strong>Authentic GTIN / UPC:</strong> 0018713632003</li></ul>",Gaiam,Fitness & Hydration,"Fitness & Hydration, Jump Ropes, Gaiam, verified-catalog",TRUE,Title,Default Title,,,,,GAI-05-632-1207,450,shopify,50,deny,manual,14.99,17.24,TRUE,TRUE,,,,Gaiam Heavy Duty Speed Weighted Jump Rope with Ball Bearings | Gaiam &ndash; Leafanoo,"Buy authentic Gaiam Heavy Duty Speed Weighted Jump Rope with Ball Bearings by Gaiam at Leafanoo. Fast tracked US shipping, 30-day returns, and guaranteed manufacturer specifications.",Sporting Goods > Athletics > Exercise & Fitness,,,05-63200,new,active
manduka-prolite-high-performance-71-inch-dense-cushion-yoga-mat,Manduka PROlite High Performance 71-Inch Dense Cushion Yoga Mat,"<p>The <strong>Manduka PROlite High Performance 71-Inch Dense Cushion Yoga Mat</strong> from <strong>Manduka</strong> delivers outstanding performance, exceptional reliability, and long-lasting durability.</p><ul><li><strong>Brand:</strong> Manduka</li><li><strong>Model / MPN:</strong> 112011010</li><li><strong>Condition:</strong> Brand New Authentic</li><li><strong>Category:</strong> Fitness & Hydration &ndash; Yoga Mats</li><li><strong>Authentic GTIN / UPC:</strong> 0846662000018</li></ul>",Manduka,Fitness & Hydration,"Fitness & Hydration, Yoga Mats, Manduka, verified-catalog",TRUE,Title,Default Title,,,,,MAN-112011-1208,450,shopify,50,deny,manual,98.00,112.70,TRUE,TRUE,,,,Manduka PROlite High Performance 71-Inch Dense Cushion Yoga Mat | Manduka &ndash; Leafanoo,"Buy authentic Manduka PROlite High Performance 71-Inch Dense Cushion Yoga Mat by Manduka at Leafanoo. Fast tracked US shipping, 30-day returns, and guaranteed manufacturer specifications.",Sporting Goods > Athletics > Exercise & Fitness,,,112011010,new,active
anker-powerline-iii-flow-soft-silicone-usb-c-to-usb-c-cable-100w-6ft,Anker Powerline III Flow Soft Silicone USB-C to USB-C Cable 100W 6ft,"<p>The <strong>Anker Powerline III Flow Soft Silicone USB-C to USB-C Cable 100W 6ft</strong> from <strong>Anker</strong> delivers outstanding performance, exceptional reliability, and long-lasting durability.</p><ul><li><strong>Brand:</strong> Anker</li><li><strong>Model / MPN:</strong> A8553011</li><li><strong>Condition:</strong> Brand New Authentic</li><li><strong>Category:</strong> Audio & Tech Accessories &ndash; Cables</li><li><strong>Authentic GTIN / UPC:</strong> 0194644089012</li></ul>",Anker,Audio & Tech Accessories,"Audio & Tech Accessories, Cables, Anker, verified-catalog",TRUE,Title,Default Title,,,,,ANK-A85530-1209,450,shopify,50,deny,manual,19.99,22.99,TRUE,TRUE,,,,Anker Powerline III Flow Soft Silicone USB-C to USB-C Cable 100W 6ft | Anker &ndash; Leafanoo,"Buy authentic Anker Powerline III Flow Soft Silicone USB-C to USB-C Cable 100W 6ft by Anker at Leafanoo. Fast tracked US shipping, 30-day returns, and guaranteed manufacturer specifications.",Electronics > Electronics Accessories,,,A8553011,new,active
belkin-boostcharge-magnetic-wireless-fast-charging-pad-15w-with-stand,Belkin BoostCharge Magnetic Wireless Fast Charging Pad 15W with Stand,"<p>The <strong>Belkin BoostCharge Magnetic Wireless Fast Charging Pad 15W with Stand</strong> from <strong>Belkin</strong> delivers outstanding performance, exceptional reliability, and long-lasting durability.</p><ul><li><strong>Brand:</strong> Belkin</li><li><strong>Model / MPN:</strong> WIA005ttBK</li><li><strong>Condition:</strong> Brand New Authentic</li><li><strong>Category:</strong> Audio & Tech Accessories &ndash; Wireless Chargers</li><li><strong>Authentic GTIN / UPC:</strong> 0745883832101</li></ul>",Belkin,Audio & Tech Accessories,"Audio & Tech Accessories, Wireless Chargers, Belkin, verified-catalog",TRUE,Title,Default Title,,,,,BEL-WIA005-1210,450,shopify,50,deny,manual,34.99,40.24,TRUE,TRUE,,,,Belkin BoostCharge Magnetic Wireless Fast Charging Pad 15W with Stand | Belkin &ndash; Leafanoo,"Buy authentic Belkin BoostCharge Magnetic Wireless Fast Charging Pad 15W with Stand by Belkin at Leafanoo. Fast tracked US shipping, 30-day returns, and guaranteed manufacturer specifications.",Electronics > Electronics Accessories,,,WIA005ttBK,new,active
twelve-south-compass-pro-adjustable-travel-stand-for-ipad-and-tablets,Twelve South Compass Pro Adjustable Travel Stand for iPad & Tablets,"<p>The <strong>Twelve South Compass Pro Adjustable Travel Stand for iPad & Tablets</strong> from <strong>Twelve South</strong> delivers outstanding performance, exceptional reliability, and long-lasting durability.</p><ul><li><strong>Brand:</strong> Twelve South</li><li><strong>Model / MPN:</strong> 12-1823</li><li><strong>Condition:</strong> Brand New Authentic</li><li><strong>Category:</strong> Audio & Tech Accessories &ndash; Tablet Stands</li><li><strong>Authentic GTIN / UPC:</strong> 0811370022234</li></ul>",Twelve South,Audio & Tech Accessories,"Audio & Tech Accessories, Tablet Stands, Twelve South, verified-catalog",TRUE,Title,Default Title,,,,,TWE-12-182-1211,450,shopify,50,deny,manual,59.99,68.99,TRUE,TRUE,,,,Twelve South Compass Pro Adjustable Travel Stand for iPad & Tablets | Twelve South &ndash; Leafanoo,"Buy authentic Twelve South Compass Pro Adjustable Travel Stand for iPad & Tablets by Twelve South at Leafanoo. Fast tracked US shipping, 30-day returns, and guaranteed manufacturer specifications.",Electronics > Electronics Accessories,,,12-1823,new,active
jbl-go-3-portable-ultra-compact-waterproof-bluetooth-speaker-blue,JBL Go 3 Portable Ultra-Compact Waterproof Bluetooth Speaker Blue,"<p>The <strong>JBL Go 3 Portable Ultra-Compact Waterproof Bluetooth Speaker Blue</strong> from <strong>JBL</strong> delivers outstanding performance, exceptional reliability, and long-lasting durability.</p><ul><li><strong>Brand:</strong> JBL</li><li><strong>Model / MPN:</strong> JBLGO3BLUAM</li><li><strong>Condition:</strong> Brand New Authentic</li><li><strong>Category:</strong> Audio & Tech Accessories &ndash; Bluetooth Speakers</li><li><strong>Authentic GTIN / UPC:</strong> 0050036373301</li></ul>",JBL,Audio & Tech Accessories,"Audio & Tech Accessories, Bluetooth Speakers, JBL, verified-catalog",TRUE,Title,Default Title,,,,,JBL-JBLGO3-1212,450,shopify,50,deny,manual,49.95,57.44,TRUE,TRUE,,,,JBL Go 3 Portable Ultra-Compact Waterproof Bluetooth Speaker Blue | JBL &ndash; Leafanoo,"Buy authentic JBL Go 3 Portable Ultra-Compact Waterproof Bluetooth Speaker Blue by JBL at Leafanoo. Fast tracked US shipping, 30-day returns, and guaranteed manufacturer specifications.",Electronics > Electronics Accessories,,,JBLGO3BLUAM,new,active
sony-wh-ch520-wireless-bluetooth-on-ear-headphones-50-hr-battery,Sony WH-CH520 Wireless Bluetooth On-Ear Headphones 50-Hr Battery,"<p>The <strong>Sony WH-CH520 Wireless Bluetooth On-Ear Headphones 50-Hr Battery</strong> from <strong>Sony</strong> delivers outstanding performance, exceptional reliability, and long-lasting durability.</p><ul><li><strong>Brand:</strong> Sony</li><li><strong>Model / MPN:</strong> WHCH520/B</li><li><strong>Condition:</strong> Brand New Authentic</li><li><strong>Category:</strong> Audio & Tech Accessories &ndash; Headphones</li><li><strong>Authentic GTIN / UPC:</strong> 0027242925501</li></ul>",Sony,Audio & Tech Accessories,"Audio & Tech Accessories, Headphones, Sony, verified-catalog",TRUE,Title,Default Title,,,,,SON-WHCH52-1213,450,shopify,50,deny,manual,59.99,68.99,TRUE,TRUE,,,,Sony WH-CH520 Wireless Bluetooth On-Ear Headphones 50-Hr Battery | Sony &ndash; Leafanoo,"Buy authentic Sony WH-CH520 Wireless Bluetooth On-Ear Headphones 50-Hr Battery by Sony at Leafanoo. Fast tracked US shipping, 30-day returns, and guaranteed manufacturer specifications.",Electronics > Electronics Accessories,,,WHCH520/B,new,active
tile-mate-bluetooth-item-finder-and-key-tracker-250ft-range-water-resistant,Tile Mate Bluetooth Item Finder & Key Tracker 250ft Range Water Resistant,"<p>The <strong>Tile Mate Bluetooth Item Finder & Key Tracker 250ft Range Water Resistant</strong> from <strong>Tile</strong> delivers outstanding performance, exceptional reliability, and long-lasting durability.</p><ul><li><strong>Brand:</strong> Tile</li><li><strong>Model / MPN:</strong> RE-43001</li><li><strong>Condition:</strong> Brand New Authentic</li><li><strong>Category:</strong> Audio & Tech Accessories &ndash; Trackers</li><li><strong>Authentic GTIN / UPC:</strong> 0819039023456</li></ul>",Tile,Audio & Tech Accessories,"Audio & Tech Accessories, Trackers, Tile, verified-catalog",TRUE,Title,Default Title,,,,,TIL-RE-430-1214,450,shopify,50,deny,manual,24.99,28.74,TRUE,TRUE,,,,Tile Mate Bluetooth Item Finder & Key Tracker 250ft Range Water Resistant | Tile &ndash; Leafanoo,"Buy authentic Tile Mate Bluetooth Item Finder & Key Tracker 250ft Range Water Resistant by Tile at Leafanoo. Fast tracked US shipping, 30-day returns, and guaranteed manufacturer specifications.",Electronics > Electronics Accessories,,,RE-43001,new,active
ugreen-universal-aluminum-gaming-headphone-headset-desk-stand-hanger,UGREEN Universal Aluminum Gaming Headphone Headset Desk Stand Hanger,"<p>The <strong>UGREEN Universal Aluminum Gaming Headphone Headset Desk Stand Hanger</strong> from <strong>UGREEN</strong> delivers outstanding performance, exceptional reliability, and long-lasting durability.</p><ul><li><strong>Brand:</strong> UGREEN</li><li><strong>Model / MPN:</strong> 30440</li><li><strong>Condition:</strong> Brand New Authentic</li><li><strong>Category:</strong> Audio & Tech Accessories &ndash; Headphone Stands</li><li><strong>Authentic GTIN / UPC:</strong> 0695730383440</li></ul>",UGREEN,Audio & Tech Accessories,"Audio & Tech Accessories, Headphone Stands, UGREEN, verified-catalog",TRUE,Title,Default Title,,,,,UGR-30440-1215,450,shopify,50,deny,manual,18.99,21.84,TRUE,TRUE,,,,UGREEN Universal Aluminum Gaming Headphone Headset Desk Stand Hanger | UGREEN &ndash; Leafanoo,"Buy authentic UGREEN Universal Aluminum Gaming Headphone Headset Desk Stand Hanger by UGREEN at Leafanoo. Fast tracked US shipping, 30-day returns, and guaranteed manufacturer specifications.",Electronics > Electronics Accessories,,,30440,new,active
spigen-tough-armor-heavy-duty-kickstand-phone-case-shock-absorption,Spigen Tough Armor Heavy Duty Kickstand Phone Case Shock Absorption,"<p>The <strong>Spigen Tough Armor Heavy Duty Kickstand Phone Case Shock Absorption</strong> from <strong>Spigen</strong> delivers outstanding performance, exceptional reliability, and long-lasting durability.</p><ul><li><strong>Brand:</strong> Spigen</li><li><strong>Model / MPN:</strong> ACS01234</li><li><strong>Condition:</strong> Brand New Authentic</li><li><strong>Category:</strong> Audio & Tech Accessories &ndash; Phone Cases</li><li><strong>Authentic GTIN / UPC:</strong> 0880975661234</li></ul>",Spigen,Audio & Tech Accessories,"Audio & Tech Accessories, Phone Cases, Spigen, verified-catalog",TRUE,Title,Default Title,,,,,SPI-ACS012-1216,450,shopify,50,deny,manual,19.99,22.99,TRUE,TRUE,,,,Spigen Tough Armor Heavy Duty Kickstand Phone Case Shock Absorption | Spigen &ndash; Leafanoo,"Buy authentic Spigen Tough Armor Heavy Duty Kickstand Phone Case Shock Absorption by Spigen at Leafanoo. Fast tracked US shipping, 30-day returns, and guaranteed manufacturer specifications.",Electronics > Electronics Accessories,,,ACS01234,new,active
